tree
version=v4
num_class=1
num_tree_per_iteration=1
label_index=0
max_feature_idx=38
objective=binary sigmoid:1
feature_names=Column_0 Column_1 Column_2 Column_3 Column_4 Column_5 Column_6 Column_7 Column_8 Column_9 Column_10 Column_11 Column_12 Column_13 Column_14 Column_15 Column_16 Column_17 Column_18 Column_19 Column_20 Column_21 Column_22 Column_23 Column_24 Column_25 Column_26 Column_27 Column_28 Column_29 Column_30 Column_31 Column_32 Column_33 Column_34 Column_35 Column_36 Column_37 Column_38
feature_infos=[0:1] [0:1] [0:1] [0:1] [0:1] [0:1] [0:9] [0:1] [0:1] [0:1] [0:1] [0:1] [0:0.94999998807907104] [0:16] none [0:1] [0:1] [0:1] [0:1] [0:1] [0:1] [0:27] [0:1] [0:10] [0:1] [0:1] [0:1] [0:1] [0:1] [0:1] [0:0.9999995231628418] [0:1] [0:1] [0:1] [0:1] [0:1] [0:1] [0:1] [0:4]
tree_sizes=3399 3458 3456 3477 3455 3453 3464 3455 3463 3465 3467 3467 3467 3483 3471 3486 3484 3450 3476 3484 3460 3496 3463 3474 3481 3475 3480 3488 3462 3472 3486 3493 3474 3477 3471 3472 3492 3498 3470 3498 3483 3481 3482 3490 3486 3489 3479 3487 3496 3485 3485 3486 3487 3490 3499 3489 3480 3478 3481 3496 3474 3477 3490 3483 3501 3497 3470 3504 3490 3491 3482 3487 3478 3492 3499 3496 3478 3496 3493 3475 3500 3506 3488 3506 3480 3505 3506 3476 3484 3492 3490 3496 3497 3503 3504 3506 3501 3480 3489 3492 3498 3495 3494 3493 3507 3487 3490 3503 3501 3493 3501 3507 3517 3509 3516 3482 3517 3506 3509 3505 3511 3493 3504 3516 3504 3511 3487 3485 3510 3467 3497 3507 3500 3491 3482 3487 3500 3505 3492 3500 3484 3497 3510 3482 3478 3508 3509 3501 3491 3521 3492 3495 3510 3485 3537 3506 3508 3497 3484 3496 3488 3480 3484 3493 3494 3490 3505 3498 3501 3506 3501 3475 3498 3494 3494 3502 3509 3502 3496 3497 3517 3504 3510 3503 3506 3501 3519 3506 3514 3495 3529 3536 3522 3512 3496 3526 3514 3494 3533 3542 3503 3512 3503 3513 3536 3550 3489 3523 3537 3487 3484 3503 3521 3548 3528 3534 3472 3507 3513 3511 3519 3534 3507 3518 3506 3460 3506 3558 3522 3497 3510 3505 3530 3486 3503 3508 3480 3538 3516 3522 3515 3484 3493 3485 3506 3526 3516 3534 3549 3530

Tree=0
num_leaves=31
num_cat=0
split_feature=20 32 38 9 20 30 38 38 20 15 22 4 38 38 4 26 20 7 9 19 4 19 10 38 4 7 37 7 10 20
split_gain=121073 3582.24 2489.42 1848.82 2113.35 927.947 801.618 277.679 882.612 267.755 213.197 134.444 113.536 145.784 104.364 354.918 321.676 126.207 113.18 84.3312 71.9041 68.1619 198.305 177.651 101.372 51.1747 44.7411 38.9819 76.7865 34.789
threshold=0.59166666865348827 0.90341374278068554 1.0000000180025095e-35 0.66944798827171337 0.75961539149284374 0.63893553614616405 1.0000000180025095e-35 2.5000000000000004 0.32291667163372045 1.0000000180025095e-35 0.08856209367513658 0.58571431040763866 1.0000000180025095e-35 1.5000000000000002 0.5634920895099641 0.74731057882308971 0.3717105239629746 0.55086207389831554 0.82978430390357982 0.60434782505035411 0.44949495792388922 0.43874999880790716 0.6838774085044862 1.0000000180025095e-35 0.44949495792388922 0.57947367429733287 1.0000000180025095e-35 0.067117117345333113 0.2362911254167557 0.41885964572429663
decision_type=2 2 2 2 2 2 2 2 2 2 2 2 2 2 2 2 2 2 2 2 2 2 2 2 2 2 2 2 2 2
left_child=1 2 -1 4 6 7 -2 14 10 -3 -9 -11 -6 19 -4 16 -16 -18 -17 -14 26 22 23 -5 25 -25 -8 28 -15 -19
right_child=3 9 5 21 12 -7 20 8 -10 11 -12 -13 13 27 15 18 17 29 -20 -21 -22 -23 -24 24 -26 -27 -28 -29 -30 -31
leaf_value=-0.89942853870821293 -0.89210742452305913 -1.1433216811434446 -1.15727483875173 -0.89210742452305913 -0.89210742452305913 -0.92342882257782188 -1.1545030795543012 -0.898144966740686 -0.91607601317649501 -1.0398872658233818 -1.1564343351780628 -0.92293955721576904 -1.1202554904409103 -0.9017092988932609 -1.1570390580843573 -1.1331293085485854 -1.1127335435265071 -1.0304677670103404 -1.0142036821831448 -0.96800795525893912 -0.9751236300154279 -0.89295279866767308 -0.89871507091139691 -1.1080466537804021 -0.90714432212167695 -0.9174076014350192 -0.99836816755329116 -0.89572665963989273 -1.0227195878310527 -0.90943254566929266
leaf_weight=95.613864660263062 37.266821265220642 17.31589674949646 18371.601802408695 30.114603042602539 233.19995731115341 43.101525604724884 184.26372736692429 8.2815158367156965 50.065527558326721 28.420656621456146 226.42417162656784 181.62869960069656 15.998382866382597 31.243900656700134 902.49700993299484 28.420656621456146 22.209519743919373 9.0343809127807635 67.569640576839447 21.080222129821777 6.0229206085205069 5382.2324287891388 408.6175200343132 32.184982001781464 9.9754622578620893 3.9525416493415824 4.7054067254066458 69.075370728969574 22.585952281951904 17.31589674949646
leaf_count=508 198 92 97609 160 1239 229 979 44 266 151 1203 965 85 166 4795 151 118 48 359 112 32 28596 2171 171 53 21 25 367 120 92
internal_value=-1.09096 -1.15168 -1.15394 -0.903282 -0.985002 -1.15517 -1.10459 -1.15568 -1.10667 -0.954342 -1.14732 -0.938763 -0.914362 -0.9468 -1.1564 -1.14105 -1.15029 -1.02493 -1.04941 -1.0337 -1.14519 -0.89457 -0.912526 -0.986561 -1.04825 -1.0872 -1.15062 -0.920585 -0.952483 -0.95093
internal_weight=26562 20069.5 19842.1 6492.52 625.443 19746.5 232.259 19703.4 284.771 227.365 234.706 210.049 393.184 159.984 19418.6 1047.05 951.057 48.5598 95.9903 37.0786 194.992 5867.08 484.845 76.2276 46.113 36.1375 188.969 122.905 53.8299 26.3503
internal_count=141125 106630 105422 34495 3323 104914 1234 104685 1513 1208 1247 1116 2089 850 103172 5563 5053 258 510 197 1036 31172 2576 405 245 192 1004 653 286 140
is_linear=0
shrinkage=1


Tree=1
num_leaves=31
num_cat=0
split_feature=20 32 9 20 29 36 27 35 26 36 7 1 35 23 36 5 36 19 10 26 11 20 7 19 10 35 29 10 7 10
split_gain=103074 3232.17 1669.31 1936.09 1480.68 624.649 222.931 172.129 460.171 563.02 146.892 142.918 130.35 115.691 160.599 80.4733 77.319 102.104 65.7879 370.483 118.533 93.8353 69.4384 64.3299 187.102 181.356 82.4312 57.95 55.3746 71.4045
threshold=0.56696429848670971 0.90341374278068554 0.66944798827171337 0.75961539149284374 0.12552521377801898 1.0000000180025095e-35 0.056950367987155921 1.0000000180025095e-35 0.6088932752609254 1.0000000180025095e-35 0.53033089637756359 1.0000000180025095e-35 1.0000000180025095e-35 1.0000000180025095e-35 1.0000000180025095e-35 0.73214286565780651 1.0000000180025095e-35 0.54772728681564342 0.80901724100112926 0.68978881835937511 0.2124435901641846 0.38675214350223547 0.72850123047828685 0.43303571641445165 0.6838774085044862 1.0000000180025095e-35 0.10791925340890886 0.75582656264305126 0.067117117345333113 0.2362911254167557
decision_type=2 2 2 2 2 2 2 2 2 2 2 2 2 2 2 2 2 2 2 2 2 2 2 2 2 2 2 2 2 2
left_child=1 4 3 5 7 12 15 8 13 11 -6 -10 -2 -1 -15 -3 -5 -18 -9 21 22 -20 -21 24 25 -4 -27 -7 29 -19
right_child=2 6 23 16 10 27 -8 18 9 -11 -12 -13 -14 14 -16 -17 17 28 19 20 -22 -23 -24 -25 -26 26 -28 -29 -30 -31
leaf_value=-0.062221706310310279 0.17213343602460868 0.040291782933332763 0.15320932692209532 0.17165266210411254 0.00075113269851331463 -0.058081802246575831 -0.062690345768342509 -0.065244203286227556 0.17302184229712012 -0.054269663860939843 0.14842908448152478 -0.053426628194519321 -0.05871421975915149 0.13302841363986742 -0.049743562796815063 0.14339667975269318 0.0078333542861580684 0.15245259038889755 -0.06483553257379332 -0.058605035336312533 0.0826646766742027 0.057309391047988968 0.10773529532826479 0.17133819267011022 0.16639700524118337 -0.043220443800620068 0.098498965434517416 0.13606766258298214 0.16951208567555776 0.053799939129330301
leaf_weight=753.86177100241184 43.898710042238235 20.839795231819153 50.444860458374023 255.84581507742405 20.756248280405998 212.13446851074696 15.396091282367705 17119.023344576359 58.763671517372131 73.832551643252373 89.213238701224327 7.9049546569585791 7.1047492027282706 18.509738147258759 34.273724406957626 205.95695886015892 15.969473272562025 42.280274868011475 834.70637176930904 33.3246830701828 60.829670712351799 16.025610163807869 7.7291555702686301 5898.6338996142149 478.69238060712814 25.737735167145729 17.062888532876968 3.9143662303686133 80.065186515450478 32.396192759275436
leaf_count=4134 213 108 249 1241 111 1161 84 94063 286 405 442 43 39 92 188 1015 84 208 4585 181 316 84 41 28619 2332 138 87 20 390 166
internal_value=-0.000157915 -0.0600876 0.161884 0.0881665 -0.0623858 -0.0174095 0.121424 -0.0634436 -0.042666 0.0408409 0.120556 0.146172 0.139977 -0.0572112 0.0143496 0.133923 0.154264 0.128203 -0.0645326 -0.0517439 0.0383592 -0.0625346 -0.0272883 0.169786 0.153775 0.0889791 0.0132774 -0.0545642 0.140626 0.109655
internal_weight=26535.1 19370.9 7164.18 693.609 19128.8 267.052 242.193 19018.8 947.146 140.501 109.969 66.6686 51.0035 806.645 52.7835 226.797 426.557 170.711 18071.6 952.615 101.884 850.732 41.0538 6470.57 571.938 93.2455 42.8006 216.049 154.742 74.6765
internal_count=141125 106178 34947 3522 104971 1433 1207 104418 5148 734 553 329 252 4414 280 1123 2089 848 99270 5207 538 4669 222 31425 2806 474 225 1181 764 374
is_linear=0
shrinkage=0.05


Tree=2
num_leaves=31
num_cat=0
split_feature=20 32 38 7 38 19 30 4 20 15 20 7 38 27 7 7 25 4 4 23 25 20 11 23 7 4 3 36 20 7
split_gain=89598.9 2934.49 1778.6 1060.8 1286.25 523.4 439.558 202.019 707.755 442.734 195.749 505.394 189.43 185.618 154.2 115.475 112.891 83.6319 71.9361 33.4409 37.4561 32.6749 112.003 110.271 65.4487 32.6304 28.2345 60.1766 26.5233 25.8834
threshold=0.56696429848670971 0.90341374278068554 1.0000000180025095e-35 0.05298245698213578 1.0000000180025095e-35 0.60434782505035411 0.65323656797409069 0.5634920895099641 0.3717105239629746 1.0000000180025095e-35 0.64495798945426952 0.41240409016609197 1.0000000180025095e-35 0.056950367987155921 0.53907206654548656 0.56594201922416698 0.75000000000000011 0.58571431040763866 0.41428571939468389 1.0000000180025095e-35 1.0000000180025095e-35 0.75961539149284374 0.032795699313282974 1.0000000180025095e-35 0.48912529647350317 0.64583334326744091 1.0000000180025095e-35 1.0000000180025095e-35 0.32291667163372045 0.72318005561828624
decision_type=2 2 2 2 2 2 2 2 2 2 2 2 2 2 2 2 2 2 2 2 2 2 2 2 2 2 2 2 2 2
left_child=1 2 -1 4 -2 16 7 26 9 28 11 12 -5 17 -10 25 -6 -3 -14 20 -16 22 23 24 -12 -11 -4 -28 -9 -30
right_child=3 13 6 10 5 -7 -8 8 14 15 21 -13 18 -15 19 -17 -18 -19 -20 -21 -22 -23 -24 -25 -26 -27 27 -29 29 -31
leaf_value=0.15099512784529678 0.15279204765600279 0.04235215512661071 -0.064254220779990115 0.15418524999279537 -0.059567775417776747 0.10673980690364332 0.13627493991686246 -0.064147737825318088 -0.026951505884350052 -0.040230033480520122 -0.036211460653971919 0.14736933501621838 -0.051894184502619761 -0.061612578652918595 -0.040167822859926927 0.094269613193114804 0.11151675229588826 0.13150109371769647 0.078497755623190058 0.15823314071201022 0.11427806785549527 0.15234273443545909 0.14769224469323541 0.14042224068164794 0.12063848399607663 0.081019897608931843 -0.062219315258116852 0.098093195698395516 -0.050151190294281361 0.078290428072713872
leaf_weight=98.099799126386642 265.28635276854038 30.087641969323158 17122.071893975139 17.968114465475082 171.83027289807796 75.333628281950951 27.778103590011597 1025.2025248706341 20.348775193095207 30.872514352202415 22.020386755466465 267.95566579699516 57.17030942440033 14.8948677778244 4.8053410351276424 57.364086240530014 10.215439513325689 209.39123193919659 12.978883504867552 41.141373217105865 21.443552806973457 6136.5409137159586 540.89955674111843 34.588416546583176 9.5287166982889158 6.764625832438468 19.37848661839962 8.3873151093721408 10.100171506404878 6.412765458226203
leaf_count=454 1205 151 97401 82 966 358 130 5823 110 168 116 1229 315 84 23 291 51 972 62 192 101 27890 2469 160 44 36 110 43 57 32
internal_value=-0.000271156 -0.0590201 -0.0613392 0.144279 0.0755328 -0.00410001 -0.0624712 -0.0627716 -0.0431507 -0.0537118 0.14934 0.11321 0.0093333 0.109649 0.0936756 0.0496179 -0.0499674 0.120301 -0.0277693 0.130099 0.0860039 0.151248 0.140182 0.078762 0.0111616 -0.0184375 -0.0641725 -0.0137931 -0.0631352 -0.000271149
internal_weight=26376.9 18754.5 18500.2 7622.32 522.666 257.379 18402.1 18374.3 1224.46 1136.72 7099.65 356.073 88.1173 254.374 87.739 95.0012 182.046 239.479 70.1492 67.3903 26.2489 6743.58 607.037 66.1375 31.5491 37.6371 17149.8 27.7658 1041.72 16.5129
internal_count=141125 106178 104971 34947 2580 1375 104517 104387 6833 6407 32367 1688 459 1207 426 495 1017 1123 377 316 124 30679 2789 320 160 204 97554 153 5912 89
is_linear=0
shrinkage=0.05


Tree=3
num_leaves=31
num_cat=0
split_feature=21 29 32 28 23 35 23 26 36 29 36 35 29 35 29 26 30 29 23 29 36 35 26 10 5 9 23 10 5 11
split_gain=70541.2 5563.02 2690.68 2224.42 1617.9 393.385 592.386 347.484 392.128 254.003 204.998 374.36 203.596 573.248 244.925 162.844 123.108 88.9115 81.5836 74.1375 299.483 148.027 72.1472 443.989 152.268 72.152 62.4109 58.2369 57.9081 49.8633
threshold=3.5000000000000004 0.11167800426483156 0.90341374278068554 0.46082948148250585 1.0000000180025095e-35 1.0000000180025095e-35 1.0000000180025095e-35 0.74731057882308971 1.0000000180025095e-35 0.21479836106300357 1.0000000180025095e-35 1.0000000180025095e-35 0.17875940352678302 1.0000000180025095e-35 0.10791925340890886 0.80079364776611339 0.6249995529651643 0.14365079998970035 1.0000000180025095e-35 0.12552521377801898 1.0000000180025095e-35 1.0000000180025095e-35 0.66801077127456676 0.82807883620262157 0.77500000596046459 0.82978430390357982 1.0000000180025095e-35 0.2362911254167557 0.73214286565780651 0.026671408675611023
decision_type=2 2 2 2 2 2 2 2 2 2 2 2 2 2 2 2 2 2 2 2 2 2 2 2 2 2 2 2 2 2
left_child=1 2 5 4 9 6 7 16 -9 10 11 -2 13 29 -15 -4 -1 18 -3 20 21 -6 -7 24 -24 -25 -16 -22 -17 -5
right_child=3 17 15 12 19 22 -8 8 -10 -11 -12 -13 -14 14 26 28 -18 -19 -20 -21 27 -23 23 25 -26 -27 -28 -29 -30 -31
leaf_value=-0.056386424465545183 0.13950129994172211 0.015696903061208904 -0.064479918808284728 0.10802130804062267 0.1382275775364239 -0.06361682148305374 0.10780109856238498 0.13379017946537139 -0.054103326461763468 0.12248610471380228 -0.056238046704675776 -0.063816729940120401 0.13781934487832331 -0.049424656495482361 0.033589717834292758 0.032436326278874127 0.12569142970555211 0.13324814193089318 0.13885151540886928 0.13794600036246207 0.077196049158064051 -0.063849506533659076 -0.061225769907598884 -0.027900806675013563 0.02569160834318121 0.080725375974447344 0.12934767290976387 -0.017636537329239782 0.11710653891742301 0.1375455221014743
leaf_weight=672.26416073739529 42.068087443709373 33.218139812350273 14.202975094318388 196.13328048586845 192.39363883435726 14897.513167873025 73.57912540435791 56.524165973067284 54.58171646296978 27.458754315972328 280.86836303770542 49.023188412189484 6107.0949456989765 67.970943719148636 31.934771120548248 22.164218187332153 9.4134747236967069 370.44221170246601 22.594175755977631 183.0946222692728 23.527912855148315 9.5104519724845868 1690.0229066163301 19.689048454165459 51.937371328473091 68.372321397066116 36.422894448041916 51.901577666401863 227.15038934350014 527.98821386694908
leaf_count=3916 183 169 82 886 834 87829 341 248 318 120 1622 289 26474 385 154 111 42 1626 102 796 116 56 9944 109 281 337 163 285 1011 2296
internal_value=-0.000356084 -0.0541281 -0.0583891 0.125248 0.0493725 -0.0607644 -0.0279123 -0.040508 0.0414859 -0.0242656 -0.0350991 0.0300803 0.134611 0.111841 0.0177839 0.100198 -0.0538721 0.124384 0.0655529 0.113253 0.096951 0.128709 -0.0624659 -0.0530969 -0.0586343 0.0564384 0.0846123 0.0119436 0.109579 0.129549
internal_weight=26111.1 18283.7 17857.4 7827.39 859.847 17593.9 866.363 792.784 111.106 399.418 371.96 91.0913 6967.55 860.45 136.329 263.518 681.678 426.255 55.8123 460.428 277.334 201.904 16727.5 1830.02 1741.96 88.0614 68.3577 75.4295 249.315 724.121
internal_count=141125 106466 104569 34659 4301 103365 4865 4524 566 2214 2094 472 30358 3884 702 1204 3958 1897 271 2087 1291 890 98500 10671 10225 446 317 401 1122 3182
is_linear=0
shrinkage=0.05


Tree=4
num_leaves=31
num_cat=0
split_feature=20 32 29 9 20 36 26 4 9 27 7 10 27 29 36 4 4 4 29 26 36 20 7 25 7 19 4 36 37 10
split_gain=70622.3 2469.3 1136.28 832.879 1172.28 455.069 158.658 690.174 241.799 136.138 89.5264 68.9858 67.4031 96.7063 61.733 60.2029 54.1064 53.1929 46.9028 63.7429 40.4781 61.6463 44.1197 40.2469 39.7521 39.2804 38.6234 35.2079 32.3156 32.2878
threshold=0.56696429848670971 0.90341374278068554 0.12552521377801898 0.66944798827171337 0.75961539149284374 1.0000000180025095e-35 0.634851634502411 0.44949495792388922 0.81926664710044872 0.056950367987155921 0.52223318815231334 0.83424907922744762 0.046641182154417045 0.050210084766149528 1.0000000180025095e-35 0.58571431040763866 0.44949495792388922 0.58571431040763866 0.091372914612293257 0.41396726667881018 1.0000000180025095e-35 0.86190477013587963 0.077422577887773528 0.75000000000000011 0.77913278341293346 0.13714733719825747 0.11805555596947671 1.0000000180025095e-35 1.0000000180025095e-35 0.12183055281639101
decision_type=2 2 2 2 2 2 2 2 2 2 2 2 2 2 2 2 2 2 2 2 2 2 2 2 2 2 2 2 2 2
left_child=1 2 6 4 5 26 18 11 24 15 -4 25 14 -14 -10 -3 28 -16 29 -20 -6 22 23 -22 -9 -8 -2 -27 -7 -1
right_child=3 9 10 -5 20 16 7 8 12 -11 -12 -13 13 -15 17 -17 -18 -19 19 -21 21 -23 -24 -25 -26 27 -28 -29 -30 -31
leaf_value=-0.0094173764084612352 0.12955978396359846 0.0357204199029761 -0.0040684963216663806 0.1254496059180156 0.1271607525777792 -0.060341358494166469 -0.061150329462730663 -0.051044635213018413 0.11463437378474294 -0.059744193884634401 0.11064941563581963 0.059018540813243162 -0.061217706987466862 0.1065733362841374 0.0089634447093251482 0.10962505412158002 0.079998046884437429 0.077293318329625799 -0.04636003625898652 0.061359573514065492 -0.03538134128148486 0.11408360946213975 0.10951772398415192 0.083862620640145935 0.11610588754887215 0.097181018888498436 0.028467559679273668 -0.051503593549040251 0.067289397143473581 -0.062641127653097248
leaf_weight=28.549105599522591 44.997179806232452 31.372975543141365 20.37018284201622 7482.9966982603073 295.79630959033966 187.6335107088089 1678.1697516292334 87.784339070320129 48.921874046325684 13.948027804493902 103.00963561236858 12.179179027676581 25.962350487709045 12.831436887383459 50.29244177043438 226.48274357616901 7.490728333592414 65.676853746175766 75.766443029046059 16.774012967944145 18.161811962723732 143.73121072351933 18.434291422367096 11.593074560165407 3.7072217166423789 7.4339235574007043 11.959536507725714 8.5732091814279556 5.0941969305276862 15016.128746643662
leaf_count=160 190 151 107 31425 1241 1121 10226 520 215 84 446 60 148 62 292 972 35 318 447 87 95 622 79 52 18 34 62 52 25 91779
internal_value=-0.000419922 -0.0571296 -0.0594841 0.120431 0.0700099 -0.0163692 -0.0605725 -0.0473427 0.0232503 0.0924032 0.0917093 -0.0595544 0.05358 -0.00571913 0.0675312 0.100633 -0.0518435 0.0476607 -0.0623218 -0.0268346 0.115558 0.0976754 0.0487354 0.0110784 -0.0442717 -0.0604068 0.108333 0.0175475 -0.0569678 -0.0625401
internal_weight=25761.8 17533.9 17262.1 8227.89 744.892 257.175 17138.8 2001.53 295.177 271.804 123.38 1706.36 203.685 38.7938 164.891 257.856 200.218 115.969 15137.2 92.5405 487.717 191.92 48.1892 29.7549 91.4916 1694.18 56.9567 16.0071 192.728 15044.7
internal_count=141125 106178 104971 34947 3522 1433 104418 11945 1573 1207 553 10372 1035 210 825 1123 1181 610 92473 534 2089 848 226 147 538 10312 252 86 1146 91939
is_linear=0
shrinkage=0.05


Tree=5
num_leaves=31
num_cat=0
split_feature=20 32 38 29 9 20 38 27 23 4 15 9 20 9 5 4 4 4 9 38 38 20 25 20 9 23 38 5 20 4
split_gain=63523.5 2281.15 1438.92 969.115 698.034 1015.88 480.98 118.538 75.9662 66.7439 352.092 158.875 96.2501 73.681 64.1712 53.14 49.8057 49.7274 39.8876 37.1947 56.9881 44.4333 33.0898 30.5899 118.779 124.025 52.8104 53.9178 27.4943 25.8099
threshold=0.56696429848670971 0.90341374278068554 1.0000000180025095e-35 0.12552521377801898 0.66944798827171337 0.75961539149284374 1.0000000180025095e-35 0.056950367987155921 1.0000000180025095e-35 0.44949495792388922 1.0000000180025095e-35 0.82978430390357982 0.38675214350223547 0.91583123803138744 0.84523808956146251 0.44949495792388922 0.44949495792388922 0.64583334326744091 0.92731922864913952 1.0000000180025095e-35 1.5000000000000002 0.87083333730697643 0.75000000000000011 0.70714285969734203 0.87668499350547802 1.0000000180025095e-35 1.0000000180025095e-35 0.77500000596046459 0.41885964572429663 0.6904762089252473
decision_type=2 2 2 2 2 2 2 2 2 2 2 2 2 2 2 2 2 2 2 2 2 2 2 2 2 2 2 2 2 2
left_child=1 2 -1 9 5 6 -2 15 14 -4 12 -12 -11 -14 -5 -3 22 18 -13 -7 21 -21 -8 24 25 26 -6 -28 -16 -17
right_child=4 7 3 8 23 19 16 -9 -10 10 11 17 13 -15 28 29 -18 -19 -20 20 -22 -23 -24 -25 -26 -27 27 -29 -30 -31
leaf_value=0.12443787438219184 0.12055337646923747 -0.020265800740185438 -0.061954142902109259 -0.033012322861862078 0.12264146690212213 0.11820062162347866 -0.059564854438122407 -0.058843140821088914 0.12129345985068839 -0.061316087994024542 -0.050371615899966006 -0.001478729837582112 -0.032926239454732401 0.11401866894386636 0.035620072747483099 0.074554069527876243 0.073859024924539066 0.085220162240373792 0.080426349017275856 -0.0088171821709079039 0.10410264208593506 0.095715744715792028 0.057889139087674492 0.11730364726577272 0.11579078310799398 0.11153275147908528 -0.036834087639199195 0.11617699027269 0.12040462437270688 0.10864673552091914
leaf_weight=106.64150714874268 51.415764465928078 9.9244652688503248 14656.586830884218 19.316313788294792 8.2009062469005567 302.39491529762745 187.01620258390903 13.465776205062864 61.182595133781433 1543.6016488075256 65.560848414897919 55.479119792580605 23.507619127631187 13.389793172478674 18.782286390662193 81.880054771900177 7.7018905431032172 48.702149048447609 20.305104404687881 22.73613765835762 155.63039910793304 18.38707722723484 6.1951491236686698 7026.7708784043789 522.19542783498764 55.425068587064743 40.150306552648544 6.7211899310350409 19.478421539068222 172.40220169723034
leaf_count=454 212 48 92994 100 34 1239 1156 84 258 9762 398 313 136 65 82 354 35 224 103 116 653 81 30 28785 2152 232 194 28 82 721
internal_value=-0.000470031 -0.0562676 -0.0586376 -0.0598175 0.111844 0.0658576 -0.0159069 0.0858635 0.0825002 -0.0608464 -0.0516767 0.0126233 -0.0594084 0.020399 0.0412776 0.0932387 -0.0508284 0.0457996 0.0204664 0.107191 0.0902703 0.0379217 -0.0557988 0.116355 0.105825 0.0587292 0.00558753 -0.0148929 0.0787837 0.0976687
internal_weight=25341.1 16930.2 16652.5 16545.9 8410.94 751.478 252.329 277.672 118.76 16427.1 1770.55 190.047 1580.5 36.8974 57.577 264.207 200.913 124.486 75.7842 499.149 196.754 41.1232 193.211 7659.46 632.693 110.497 55.0724 46.8715 38.2607 254.282
internal_count=141125 106178 104971 104517 34947 3522 1433 1207 522 103995 11001 1038 9963 201 264 1123 1221 640 416 2089 850 197 1186 31425 2640 488 256 222 164 1075
is_linear=0
shrinkage=0.05


Tree=6
num_leaves=31
num_cat=0
split_feature=20 32 38 9 20 38 27 4 20 15 27 7 7 20 4 4 38 38 19 10 20 22 25 23 9 20 9 19 38 4
split_gain=57537.6 2114.97 1319.31 596.424 889.287 435.112 331.596 172.355 452.552 355.805 104.133 92.6896 74.5872 64.7142 46.6056 46.0751 33.5387 49.5075 39.3968 31.1684 64.7379 58.2665 30.9598 28.1052 94.9926 68.1879 36.0729 84.1618 54.0963 49.8433
threshold=0.56696429848670971 0.90341374278068554 1.0000000180025095e-35 0.66944798827171337 0.75961539149284374 1.0000000180025095e-35 0.42805741727352148 0.5634920895099641 0.3717105239629746 1.0000000180025095e-35 0.056950367987155921 0.53907206654548656 0.56594201922416698 0.3717105239629746 0.58571431040763866 0.44949495792388922 1.0000000180025095e-35 1.5000000000000002 0.70294117927551281 0.88273492455482494 0.38675214350223547 1.0000000180025095e-35 0.75000000000000011 1.0000000180025095e-35 0.73448839783668529 0.74166667461395275 0.93036890029907238 0.43874999880790716 1.0000000180025095e-35 0.41428571939468389
decision_type=2 2 2 2 2 2 2 2 2 2 2 2 2 2 2 2 2 2 2 2 2 2 2 2 2 2 2 2 2 2
left_child=1 2 -1 4 5 -2 7 19 9 -9 14 -10 -11 -8 -3 22 -6 18 -18 -4 21 -21 -7 24 25 -5 27 28 -26 -30
right_child=3 10 6 23 16 15 13 8 11 12 -12 -13 -14 -15 -16 -17 17 -19 -20 20 -22 -23 -24 -25 26 -27 -28 -29 29 -31
leaf_value=0.11526805365591841 0.11255983189174164 0.030648248965942884 -0.060980010095606198 -0.048997672907358361 0.11059818776893922 -0.05870970280144943 -0.047166770445042805 -0.059803891312668306 -0.026601694354492934 -0.017244162600145736 -0.057990662380646332 0.095302272783616498 0.072307464483085657 0.10415424005000216 0.094632777249973044 0.068514415778460777 -0.0040751671229753749 0.097010857301144809 0.095381164995534243 0.090086657389184865 0.17485247833656639 -0.061621100420104852 0.053719172363512015 0.11031588264599493 0.11431422089897535 0.086426806132174502 0.10935648387905315 0.10460202891229745 -0.022326606360753135 0.067354142331716035
leaf_weight=109.29398491978645 52.288795232772827 32.349221155047417 14753.339752912521 17.266620650887489 306.89302204549313 180.42063796520233 8.729573190212248 900.18892903625965 20.149609208106995 36.679823502898216 12.992554932832716 68.957197293639183 63.514735415577888 37.064284428954124 236.688839584589 7.8826219588518134 24.916766420006752 158.57469776272774 16.584746703505516 7.4965261518955222 3.8587254136800757 40.642620384693146 6.3383641093969336 6352.5282392501831 22.121604800224304 20.133436739444733 1032.9450302124023 264.78275789320469 30.495472148060799 31.494394212961197
leaf_count=454 212 151 97202 85 1239 1156 53 5892 110 204 84 288 291 154 972 35 127 653 70 38 19 266 30 25649 90 82 4172 1070 147 130
internal_value=-0.000510324 -0.0554722 -0.0578573 0.104776 0.0623151 -0.0154953 -0.0590443 -0.0594314 -0.040238 -0.0498556 0.0802626 0.0677363 0.0395239 0.0753083 0.0869393 -0.0498962 0.100214 0.0842869 0.0356694 -0.0608438 -0.0222009 -0.0379962 -0.054894 0.108895 0.102533 0.0239049 0.104661 0.0907612 0.0471901 0.0232363
internal_weight=24857.6 16331.9 16049.9 8525.67 753.9 246.93 15940.6 15894.8 1089.49 1000.38 282.031 89.1068 100.195 45.7939 269.038 194.642 506.969 200.076 41.5015 14805.3 51.9979 48.1391 186.759 7771.77 1419.24 37.4001 1381.84 348.894 84.1115 61.9899
internal_count=141125 106178 104971 34947 3522 1433 104517 104310 6785 6387 1207 398 495 207 1123 1221 2089 850 197 97525 323 304 1186 31425 5776 167 5609 1437 367 277
is_linear=0
shrinkage=0.05


Tree=7
num_leaves=31
num_cat=0
split_feature=20 32 38 29 7 38 20 15 25 20 7 38 7 4 15 4 20 7 10 23 4 10 7 10 20 10 23 25 30 27
split_gain=52404.8 1966.68 1215.78 848.058 443.165 646.347 300.862 92.3043 88.2615 88.2494 252.58 113.034 73.3248 66.905 328.158 106.279 91.1876 97.3371 57.8422 48.0075 43.5873 36.8349 31.2222 25.431 23.3113 23.0807 20.2634 18.7367 20.6365 17.3549
threshold=0.56696429848670971 0.90341374278068554 1.0000000180025095e-35 0.12552521377801898 0.05298245698213578 1.0000000180025095e-35 0.87083333730697643 1.0000000180025095e-35 0.75000000000000011 0.64495798945426952 0.41240409016609197 1.0000000180025095e-35 0.52223318815231334 0.44949495792388922 1.0000000180025095e-35 0.64583334326744091 0.32291667163372045 0.60208335518836986 0.90054944157600414 1.0000000180025095e-35 0.44949495792388922 0.25677657127380377 0.74133810400962841 0.2362911254167557 0.41885964572429663 0.93127068877220165 1.0000000180025095e-35 1.0000000180025095e-35 0.6249995529651643 0.26392032206058508
decision_type=2 2 2 2 2 2 2 2 2 2 2 2 2 2 2 2 2 2 2 2 2 2 2 2 2 2 2 2 2 2
left_child=1 2 -1 13 5 -2 8 -3 -7 10 11 -6 -5 -4 16 18 -15 -18 22 -13 -9 -8 -16 -10 27 -22 -19 28 -14 -23
right_child=4 7 3 12 9 6 21 20 23 -11 -12 19 24 14 15 -17 17 26 -20 -21 25 29 -24 -25 -26 -27 -28 -29 -30 -31
leaf_value=0.10769573597938863 0.10443043874485983 -0.04907879310183897 -0.060525749235019757 -0.020778463706540854 0.10675024860671088 -0.054590082068107164 0.10386091708351784 -0.020697002141657362 0.11350262546284542 0.10300020165611992 0.10015047336089303 -0.046706466581069833 -0.068684970644512108 -0.060527173555315839 -0.028477605303448741 0.070122523205164031 -0.042091064194406252 0.04177016280123684 0.10316529199991425 0.066575947990509185 0.06781348178066561 0.011433710834665687 0.070417814736457682 -0.0019447153705586463 0.10490425796664116 0.09810876352371245 0.1406476432423118 0.081868144468513371 0.069385862346967905 0.11574912737543196
leaf_weight=111.07898135483265 300.65705946087837 14.149268850684164 13570.161663085222 17.630985826253891 20.40128780901432 150.97405286133289 48.991495564579964 9.967159837484358 10.168862596154215 7644.0289711952209 305.10593332350254 55.698883175849915 5.4384908080101031 1403.3324760943651 114.16889771819115 55.78230008482933 43.576227933168411 10.738744109869003 10.056398853659628 11.239678025245665 105.65141588449478 21.607540354132656 8.5807018578052503 8.9850272834300977 72.893846035003662 155.25785808265209 10.012797147035599 19.748704001307487 5.3868473768234253 4.8893848359584799
leaf_count=454 1205 91 92994 97 82 980 201 48 43 30679 1229 325 24 9587 699 249 275 56 46 52 437 92 44 39 296 631 45 83 22 20
internal_value=-0.000542259 -0.0547271 -0.0571268 -0.0583197 0.0988508 0.0552728 -0.0049006 0.0754179 -0.0417625 0.101813 0.0786889 0.00371694 0.0734734 -0.0593679 -0.0498808 0.0122067 -0.0578588 0.000352346 -0.0121196 -0.0276852 0.081921 0.0781749 -0.0215644 0.0593467 0.089534 0.0858411 0.0894794 0.0528886 2.1105e-05 0.0306827
internal_weight=24326.4 15743.6 15458.6 15347.5 8582.75 546.273 245.616 285.026 170.128 8036.47 392.446 87.3398 121.099 15226.4 1656.25 188.588 1467.66 64.3278 132.806 66.9386 270.876 75.4884 122.75 19.1539 103.468 260.909 20.7515 30.574 10.8253 26.4969
internal_count=141125 106178 104971 104517 34947 2580 1375 1207 1062 32367 1688 459 522 103995 11001 1038 9963 376 789 377 1116 313 743 82 425 1068 101 129 46 112
is_linear=0
shrinkage=0.05


Tree=8
num_leaves=31
num_cat=0
split_feature=20 32 38 29 9 20 38 26 4 26 9 7 4 4 10 20 7 38 29 13 37 7 4 10 19 10 35 4 26 20
split_gain=47940.9 1833.2 1124.93 792.671 462.503 714.75 377.365 84.0024 66.6741 333.473 134.538 65.1103 51.5434 41.475 38.991 35.1739 41.5619 28.5988 41.9284 51.712 27.2883 26.4084 23.2794 23.137 21.8653 70.8654 87.6857 52.8552 21.0126 20.8098
threshold=0.56696429848670971 0.90341374278068554 1.0000000180025095e-35 0.12552521377801898 0.6788603961467744 0.75961539149284374 1.0000000180025095e-35 0.80079364776611339 0.44949495792388922 0.66801077127456676 0.82784608006477367 0.52223318815231334 0.44949495792388922 0.58571431040763866 0.90999102592468273 0.38675214350223547 0.5617378056049348 1.0000000180025095e-35 0.18786764889955523 1.5000000000000002 1.0000000180025095e-35 0.72850123047828685 0.64583334326744091 0.90054944157600414 0.43874999880790716 0.6838774085044862 1.0000000180025095e-35 0.44949495792388922 0.066352203488349928 0.41885964572429663
decision_type=2 2 2 2 2 2 2 2 2 2 2 2 2 2 2 2 2 2 2 2 2 2 2 2 2 2 2 2 2 2
left_child=1 2 -1 8 5 6 -2 -3 -4 15 21 -5 20 23 22 -10 -17 -7 19 28 -8 -11 -12 -9 25 26 -6 -28 -19 -13
right_child=4 7 3 11 24 17 12 13 9 10 14 29 -14 -15 -16 16 -18 18 -20 -21 -22 -23 -24 -25 -26 -27 27 -29 -30 -31
leaf_value=0.10133128437568886 0.10041931594970244 -0.054453372026953897 -0.059881761742954301 -0.019958810909778357 0.090754676684694197 0.098898031772893663 -0.057324373306447886 0.0008141284923487565 -0.059542871119632135 -0.055174561674192463 0.0039884373535327344 0.049896577814688564 0.066734127623358439 0.084242253959942642 0.082329384240610454 -0.050880032965562386 0.075401256995437649 0.043467337576053991 0.10016329744566632 0.078249390895664656 0.05279272477666104 0.075579737989742976 0.049426204274354617 0.096181052111966148 0.098263720293237933 0.095699464235118714 -0.033918706174950908 0.090243472887396287 -0.030805417249288525 0.098876073036586534
leaf_weight=112.12242649495602 55.68006706237793 12.722344458103178 13043.628142654896 17.442199856042862 59.456277012825012 319.94383664429188 172.99462266266346 25.115519642829895 1344.4832728356123 71.09443773329258 77.313933581113815 30.770334124565125 9.3415363878011686 240.59586888551712 32.331472754478455 17.002719119191173 10.563828334212301 19.646223902702332 93.780715823173523 79.832408994436264 5.8152061998844138 4.0834294259548178 44.364193275570869 8.516533285379408 7127.1268694251776 586.20987269282341 33.225614443421364 11.551274135708807 18.480331629514694 73.454472437500954
leaf_count=454 223 85 92994 97 242 1280 1174 115 9556 472 450 129 40 968 144 107 50 81 376 338 26 20 202 39 28514 2350 167 47 89 296
internal_value=-0.000568283 -0.0540317 -0.0564458 -0.0576438 0.0937872 0.0569578 -0.0139238 0.0711452 -0.0586997 -0.0490708 0.00675851 0.0694527 -0.0477616 0.0769722 0.0335235 -0.0583965 -0.00248754 0.0894643 0.0752098 0.0553711 -0.0537432 -0.0480724 0.0205552 0.0249636 0.0974407 0.0889449 0.0509568 -0.00188809 0.00746657 0.0844158
internal_weight=23758.7 15165.6 14878.7 14766.5 8593.08 775.515 243.831 286.95 14644.9 1601.24 229.187 121.667 188.151 274.228 154.01 1372.05 27.5665 531.684 211.74 117.959 178.81 75.1779 121.678 33.6321 7817.57 690.443 104.233 44.7769 38.1266 104.225
internal_count=141125 106178 104971 104517 34947 3627 1463 1207 103995 11001 1288 522 1240 1122 796 9713 157 2164 884 508 1200 492 652 154 31320 2806 456 214 170 425
is_linear=0
shrinkage=0.05


Tree=9
num_leaves=31
num_cat=0
split_feature=20 32 38 29 9 20 38 26 4 26 9 7 4 4 23 20 7 10 38 7 10 7 10 23 4 23 9 20 38 29
split_gain=44029.1 1712.35 1044.21 742.32 411.168 653.487 358.295 75.156 66.5876 320.671 122.921 58.1348 56.0986 38.2737 35.1316 42.0591 35.4688 34.7154 25.9309 40.6264 60.8467 24.5687 20.6282 19.2704 19.2223 18.545 48.5177 93.4933 46.3717 43.7399
threshold=0.56696429848670971 0.90341374278068554 1.0000000180025095e-35 0.12552521377801898 0.68889847397804271 0.75961539149284374 1.0000000180025095e-35 0.80079364776611339 0.44949495792388922 0.66801077127456676 0.82784608006477367 0.52223318815231334 0.44949495792388922 0.44949495792388922 1.0000000180025095e-35 0.28174604475498205 0.5617378056049348 0.84660634398460399 1.0000000180025095e-35 0.067117117345333113 0.2362911254167557 0.71583852171897899 0.93127068877220165 1.0000000180025095e-35 0.64583334326744091 1.0000000180025095e-35 0.88398119807243358 0.75961539149284374 1.0000000180025095e-35 0.24037037044763568
decision_type=2 2 2 2 2 2 2 2 2 2 2 2 2 2 2 2 2 2 2 2 2 2 2 2 2 2 2 2 2 2
left_child=1 2 -1 8 5 6 -2 -3 -4 14 21 -5 -8 -9 -10 -16 -17 24 -7 20 -20 -11 -15 -13 -12 26 27 28 -6 -30
right_child=4 7 3 11 25 18 12 13 9 10 17 23 -14 22 15 16 -18 -19 19 -21 -22 -23 -24 -25 -26 -27 -28 -29 29 -31
leaf_value=0.095902670795994585 0.095697654578286051 -0.053559364583632391 -0.059280533522579275 -0.01916600285520742 0.097722155320697127 0.094309655658548444 -0.052709863201710075 -0.021931627839215661 -0.058949602805748208 -0.054965946849771664 -0.0010515807086145218 0.054860235028695296 0.063864970606087632 0.059548849139906615 -0.056782267056190744 -0.032516442731957154 0.14022205815731395 0.062726965846825022 0.084465999174527628 0.092250214834609962 0.0076293556376606474 0.061054649371308736 0.087949543316610534 0.098282161849608612 0.046739504609587569 0.094117932663179207 0.091505586471986075 0.089873281504337627 -0.027512276535068349 0.081749386860596851
leaf_weight=112.53241302073002 58.547058686614037 12.298750802874563 12530.123652637005 17.26025116443634 14.213579580187796 332.26674847304821 177.31910705566406 10.271310165524481 1291.6449258029461 67.961006999015808 68.449741765856743 44.350797399878502 10.957805395126341 107.5190197378397 15.439667984843256 5.1344798356294614 7.0550074726343155 56.669426038861275 56.490125745534897 118.57936054468155 47.372602924704552 4.8914280086755744 157.72746886312962 60.279053494334221 30.377968788146973 6345.9407662153244 1216.6348739415407 128.17303763329983 42.206919342279434 11.698518991470335
leaf_count=454 235 85 92994 97 57 1334 1223 50 9534 468 404 183 46 439 112 34 33 254 235 476 213 24 633 242 138 25479 4887 515 200 47
internal_value=-0.000589385 -0.0533777 -0.055806 -0.0570082 0.0894424 0.055349 -0.012332 0.0673718 -0.058072 -0.0482874 0.00641856 0.0658515 -0.0459252 0.07277 -0.0577563 -0.00196845 0.0674608 0.0315284 0.0854644 0.072252 0.0494202 -0.0471761 0.0764372 0.0798764 0.0136386 0.0929645 0.087784 0.0647171 0.0173831 -0.00380039
internal_weight=23160.4 14600 14312.2 14199.6 8560.4 801.533 246.824 287.817 14077.7 1547.62 228.35 121.89 188.277 275.518 1319.27 27.6292 12.1895 155.497 554.709 222.442 103.863 72.8524 265.246 104.63 98.8277 7758.87 1412.93 196.292 68.119 53.9054
internal_count=141125 106178 104971 104517 34947 3762 1504 1207 103995 11001 1288 522 1269 1122 9713 179 67 796 2258 924 448 492 1072 425 542 31185 5706 819 304 247
is_linear=0
shrinkage=0.05


Tree=10
num_leaves=31
num_cat=0
split_feature=20 32 38 29 9 20 38 26 4 26 9 7 4 4 20 9 25 38 23 20 38 7 19 9 23 38 5 22 29 7
split_gain=40567.5 1602.3 971.831 696.322 369.348 575.307 318.115 67.5163 66.506 308.567 112.459 52.1841 44.4365 35.5319 34.1236 49.5538 26.729 26.1569 38.9067 38.8813 24.6457 22.8428 20.0622 55.3742 87.5397 57.9963 40.5211 19.6573 35.1418 19.5649
threshold=0.56696429848670971 0.90341374278068554 1.0000000180025095e-35 0.12552521377801898 0.6788603961467744 0.75961539149284374 1.0000000180025095e-35 0.80079364776611339 0.44949495792388922 0.66801077127456676 0.82784608006477367 0.52223318815231334 0.44949495792388922 0.58571431040763866 0.32291667163372045 0.90979695320129406 0.75000000000000011 1.0000000180025095e-35 1.0000000180025095e-35 0.90692642331123363 2.5000000000000004 0.71583852171897899 0.43874999880790716 0.90381237864494335 1.0000000180025095e-35 1.0000000180025095e-35 0.81666666269302379 0.096930783241987242 0.050210084766149528 0.067117117345333113
decision_type=2 2 2 2 2 2 2 2 2 2 2 2 2 2 2 2 2 2 2 2 2 2 2 2 2 2 2 2 2 2
left_child=1 2 -1 8 5 6 -2 -3 -4 14 21 -5 16 -9 -10 -16 -8 -7 19 -19 27 -11 23 24 25 -6 -27 -12 -29 -20
right_child=4 7 3 11 22 17 12 13 9 10 20 -13 -14 -15 15 -17 -18 18 29 -21 -22 -23 -24 -25 -26 26 -28 28 -30 -31
leaf_value=0.091213932528929426 0.091462067820633666 -0.052694442025222436 -0.058718388497247934 -0.018399332780713512 0.093236255792556483 0.090307970352339506 -0.0561550868431029 0.021348266455059595 -0.058799754796406381 -0.05417337980118847 0.031457028654444039 0.075846189038416445 0.058679108434756169 0.075764408097168057 -0.047209859453818878 0.065459693129693589 0.046814820927392101 -0.022878976351156707 0.059435701032389765 0.087260569848423009 0.093414603955280187 0.056608657157299361 0.089728370060140145 0.089241589688055845 0.086988255082916854 -0.024722554007188521 0.097524361905039728 -0.057200328311639383 0.08649094588529882 0.092610580820691624
leaf_weight=112.40236102044582 55.180789589881897 11.886094659566877 12030.231682613492 17.085045337677002 18.613584414124489 316.29467825591564 160.24111048877239 34.249028816819191 1218.8820262551308 65.568336561322212 120.84089395403862 104.67983070015907 9.5709236413240415 241.73086503148079 35.480342581868172 13.461615070700644 6.5603555738925925 21.230277881026268 84.035320952534676 12.87085038423538 13.835506469011305 5.0086349099874488 7046.4552541077137 505.88170385360718 103.24741627275944 50.157526805996895 7.8379606008529654 16.357291191816334 5.751068487763404 94.328606888651848
leaf_count=454 223 85 92994 97 75 1280 1170 154 9399 468 609 425 40 968 246 68 30 104 347 53 59 24 28514 2042 418 239 32 101 27 380
internal_value=-0.000606584 -0.0527623 -0.0552048 -0.0564107 0.0856641 0.0524115 -0.013313 0.0639861 -0.0574823 -0.0475371 0.00610032 0.0626224 -0.0460935 0.0690114 -0.057156 -0.0162198 -0.0521052 0.0811935 0.0676248 0.0186912 0.0296936 -0.0463115 0.0889339 0.0807696 0.0569406 0.0164449 -0.00820116 0.0235263 -0.0198218 0.0769804
internal_weight=22540 14047.5 13759.6 13647.2 8492.51 760.313 231.553 287.866 13525.4 1495.19 227.362 121.765 176.372 275.98 1267.82 48.942 166.801 528.76 212.465 34.1011 156.785 70.577 7732.19 685.738 179.856 76.6091 57.9955 142.949 22.1084 178.364
internal_count=141125 106178 104971 104517 34947 3627 1463 1207 103995 11001 1288 522 1240 1122 9713 314 1200 2164 884 157 796 492 31320 2806 764 346 271 737 128 727
is_linear=0
shrinkage=0.05


Tree=11
num_leaves=31
num_cat=0
split_feature=20 32 38 9 20 38 38 20 22 4 26 20 23 9 27 4 4 37 38 7 10 7 9 10 4 10 12 23 28 20
split_gain=37482.1 1501.67 906.43 334.369 531.529 303.61 250.728 336.075 117.26 93.9614 211.945 170.315 88.164 87.8211 61.4423 48.7453 31.0931 27.342 24.1648 36.1774 53.9903 22.427 21.706 18.0861 20.8904 17.8108 18.2767 16.8629 43.1518 60.1077
threshold=0.56696429848670971 0.90341374278068554 1.0000000180025095e-35 0.68889847397804271 0.75961539149284374 1.0000000180025095e-35 2.5000000000000004 0.28174604475498205 0.08856209367513658 0.44949495792388922 0.70183873176574718 0.3717105239629746 1.0000000180025095e-35 0.82784608006477367 0.056950367987155921 0.44949495792388922 0.6904762089252473 1.0000000180025095e-35 1.0000000180025095e-35 0.067117117345333113 0.2362911254167557 0.71583852171897899 0.87885165214538585 0.93957647681236278 0.44949495792388922 0.90999102592468273 0.13680927455425265 1.0000000180025095e-35 0.5782008469104768 0.75961539149284374
decision_type=2 2 2 2 2 2 2 2 2 2 2 2 2 2 2 2 2 2 2 2 2 2 2 2 2 2 2 2 2 2
left_child=1 2 -1 4 5 -2 9 8 -8 -4 11 -11 22 21 16 17 23 -7 -6 20 -20 -12 -13 24 -3 26 -15 28 29 -5
right_child=3 14 6 27 18 15 7 -9 -10 10 13 12 -14 25 -16 -17 -18 -19 19 -21 -22 -23 -24 -25 -26 -27 -28 -29 -30 -31
leaf_value=0.087120162969636289 0.087922361649123593 -0.041085526628490243 -0.058238084167752648 0.025461129486067546 0.086841458667574326 -0.05512052012746968 0.11506919298971832 0.080188468193408496 -0.057934921046097737 -0.057902468843526358 -0.054656593106124973 -0.054782409611629071 0.087760659254645754 -0.010498473347730842 -0.054800332279913357 0.056913847006018807 0.077865588131580121 0.05236890462978333 0.077031400378840209 0.084545072015415973 0.004941918565599058 0.056027337798887182 0.012626549894841677 0.092223184376734435 0.041898503888259615 0.065563819923587424 0.031248578771442631 0.086660854952938307 0.083954796738458778 0.083772423235609822
leaf_weight=111.81338426470757 57.542148306965828 8.4678307473659498 11537.652590192854 80.105647280812263 325.82081983983517 159.38071225583553 10.484925940632818 77.916728690266609 148.72253895550966 1055.242914326489 58.452416285872459 25.006723314523697 29.106280401349068 39.64581935107708 11.027041539549826 11.141916543245314 179.53170566260815 6.1442055702209464 56.828750267624855 117.01473814249039 47.833862841129303 4.9653587490320197 22.858548924326897 15.473862737417219 72.660955876111984 22.630964159965515 77.402281165122986 6224.6483505219221 1209.5776258558035 98.581193566322327
leaf_count=454 235 41 92945 354 1334 1196 44 324 1191 8452 431 163 128 224 84 46 721 27 235 476 213 23 108 64 297 97 387 25479 4949 403
internal_value=-0.00062082 -0.0521806 -0.0546374 0.0823519 0.0512107 -0.0118271 -0.0558464 -0.00489918 -0.0465414 -0.0567848 -0.0442282 -0.052665 0.019138 0.00280481 0.0609364 -0.0443165 0.0655582 -0.0511306 0.078177 0.065442 0.0440844 -0.0459905 -0.0225906 0.0426855 0.033237 0.0249591 0.0171083 0.0855495 0.0805666 0.0576314
internal_weight=21903.7 13509.1 13221.9 8394.62 781.707 234.209 13110.1 237.124 159.207 12873 1335.31 1132.21 76.9716 203.097 287.161 176.667 276.134 165.525 547.498 221.677 104.663 63.4178 47.8653 96.6026 81.1288 139.679 117.048 7612.91 1388.26 178.687
internal_count=141125 106178 104971 34947 3762 1504 104517 1559 1235 102958 10013 8851 399 1162 1207 1269 1123 1223 2258 924 448 454 271 402 338 708 611 31185 5706 757
is_linear=0
shrinkage=0.05


Tree=12
num_leaves=31
num_cat=0
split_feature=20 32 38 29 9 20 38 4 15 9 23 27 20 23 4 7 7 4 37 38 23 20 9 28 7 10 38 9 7 23
split_gain=34712.3 1409.28 846.998 617.43 304.413 482.037 280.488 66.4033 270.441 94.2251 82.8908 55.6195 52.5587 45.9857 45.4832 36.4625 29.7114 28.8271 26.2955 23.6116 35.9306 33.8215 22.7591 20.1916 18.2524 41.6409 18.0136 22.986 17.869 16.4143
threshold=0.56696429848670971 0.90341374278068554 1.0000000180025095e-35 0.12552521377801898 0.68889847397804271 0.75961539149284374 1.0000000180025095e-35 0.44949495792388922 1.0000000180025095e-35 0.82978430390357982 1.0000000180025095e-35 0.056950367987155921 0.28174604475498205 1.0000000180025095e-35 0.34848485887050634 0.77207791805267345 0.77913278341293346 0.6904762089252473 1.0000000180025095e-35 1.0000000180025095e-35 1.0000000180025095e-35 0.86190477013587963 0.92731922864913952 0.31839109957218176 0.067117117345333113 0.2362911254167557 2.5000000000000004 0.98828431963920604 0.5617378056049348 1.0000000180025095e-35
decision_type=2 2 2 2 2 2 2 2 2 2 2 2 2 2 2 2 2 2 2 2 2 2 2 2 2 2 2 2 2 2
left_child=1 2 -1 7 5 6 -2 26 10 -10 -9 17 -12 15 18 -5 22 -3 -8 -7 21 -21 23 -11 25 -22 -4 -28 -14 -6
right_child=4 11 3 13 29 19 14 8 9 16 12 -13 28 -15 -16 -17 -18 -19 -20 20 24 -23 -24 -25 -26 -27 27 -29 -30 -31
leaf_value=0.083511798908991075 0.084739083433572435 0.040514662504972127 -0.057758056057466103 -0.031506282071203671 0.077538222027079412 0.083777375134940421 -0.055793194364997294 -0.056950085023961483 -0.045240893052983601 0.028013526483400941 -0.048352290136160207 -0.054129477321866182 0.012751998673354359 0.087065883600351973 0.039200742607923569 0.052866798326989928 0.080815497048623508 0.074414711931348548 0.049015213566382748 -0.02809743483235165 0.084713902125118437 0.072009500762072409 0.055985125507688784 -0.025395560691455848 0.085486260211007165 0.01393118112527139 0.11058596255885796 -0.050553464322726484 0.11480048569463636 0.08359019446870386
leaf_weight=110.83612126111984 56.738535538315773 96.677236586809158 11063.524580262601 19.023964270949364 1370.8186999857426 320.97142969071865 149.56740923970938 1175.7097482532263 54.42053210735321 42.218061581254005 14.484496727585791 10.615955501794813 6.6580941379070309 62.434269636869431 15.131046704947947 39.170604139566422 26.053608492016792 178.48932148516178 6.2339453548192969 19.367286711931229 47.950879082083702 14.950437620282171 32.45371501147747 30.46670925617218 101.52339264750481 36.666447430849075 3.6076457500457746 5.725154884159565 12.059354230761526 6132.9290168583393
leaf_count=454 235 402 92930 104 5706 1334 1171 9750 398 221 117 84 44 258 71 160 109 721 27 96 194 62 145 165 418 154 19 45 52 25479
internal_value=-0.000632668 -0.0516325 -0.0541036 -0.0553153 0.079414 0.0494553 -0.0115876 -0.0564045 -0.0461221 0.0100714 -0.0547499 0.0581717 0.0231602 0.0572611 -0.0435619 0.025285 0.0330158 0.0625042 -0.0515996 0.0751239 0.062525 0.0155139 0.021171 0.00562646 0.0711922 0.0540423 -0.0576995 0.0117359 0.0785002 0.0824846
internal_weight=21257.5 12984.6 12698.8 12588 8272.85 769.101 227.671 12467.4 1394.52 185.613 1208.91 285.783 33.2019 120.629 170.932 58.1946 131.192 275.167 155.801 541.43 220.458 34.3177 105.138 72.6848 186.141 84.6173 11072.9 9.3328 18.7174 7503.75
internal_count=141125 106178 104971 104517 34947 3762 1504 103995 11001 1038 9963 1207 213 522 1269 264 640 1123 1198 2258 924 158 531 386 766 348 92994 64 96 31185
is_linear=0
shrinkage=0.05


Tree=13
num_leaves=31
num_cat=0
split_feature=20 38 38 26 20 7 38 20 4 26 23 25 20 7 23 7 10 26 38 20 10 29 5 10 30 29 20 10 23 38
split_gain=32211.7 1099.92 856.874 336.773 236.223 235.944 365.107 186.56 169.665 322.878 158.693 59.7623 58.799 155.581 77.3567 40.9692 40.856 49.6207 32.3475 32.2055 26.0995 25.6069 20.5911 18.8049 15.2541 14.2112 12.6451 43.0705 56.6956 43.8039
threshold=0.56696429848670971 2.5000000000000004 1.0000000180025095e-35 0.46302510797977453 0.3717105239629746 0.05298245698213578 1.0000000180025095e-35 0.87083333730697643 0.5634920895099641 0.74731057882308971 1.0000000180025095e-35 0.75000000000000011 0.64495798945426952 0.42980295419692999 1.0000000180025095e-35 0.5045454502105714 0.88273492455482494 0.50177305936813366 1.0000000180025095e-35 0.28174604475498205 0.27334994077682501 0.14365079998970035 0.63333335518836986 0.2362911254167557 0.41386784613132482 0.12552521377801898 0.77350428700447094 0.70051544904708873 1.0000000180025095e-35 1.0000000180025095e-35
decision_type=2 2 2 2 2 2 2 2 2 2 2 2 2 2 2 2 2 2 2 2 2 2 2 2 2 2 2 2 2 2
left_child=1 2 -1 4 -3 6 -2 11 16 10 21 -8 13 14 18 -11 25 -18 -7 -12 -9 -10 -5 -13 -22 -4 27 28 29 -14
right_child=5 3 8 22 -6 12 7 20 9 15 19 23 26 -15 -16 -17 17 -19 -20 -21 24 -23 -24 -25 -26 -27 -28 -29 -30 -31
leaf_value=0.081552640894630102 0.08112779271894581 -0.055838013554384794 -0.057033228674641868 -0.038075118898952827 0.076084784340174627 0.085356129399214109 -0.050784299910815817 0.078706210690806869 -0.056853122461786934 -0.024964102604600521 -0.043662495836096465 0.088471014601670728 0.08319803264541567 0.077296751625059737 0.068621026895550594 0.043506958723233159 -0.045801144797844473 0.068173352213408298 -0.044030330561763503 0.077658418281143074 -0.0051011721506205761 0.0061193308858387982 0.067968374350094188 -0.0093955705086039183 0.088625479072628244 0.004796162384927697 0.080643022718559873 0.079048344271751475 0.07753627982963994 -0.023305780856137836
leaf_weight=115.61303636431694 284.86514592170715 138.83157588541508 11107.849015370011 4.6666141897439948 44.909841880202293 5.317117601633071 124.62712027132511 51.878620281815529 563.3243575245142 26.303599327802658 6.7741866931319228 10.536499440670015 13.159424245357512 288.65590982139111 28.292757242918015 128.93018043786287 29.016687005758286 14.234293498098848 52.795645214617252 28.416280098259449 19.060318619012836 16.619719743728638 240.38693068921566 9.1892643868923169 5.6214078813791266 9.301313638687132 6587.7195556014776 553.92388823628426 59.464424699544907 36.245896980166435
leaf_count=479 1205 1186 97099 23 186 22 980 211 4845 165 56 43 55 1208 123 556 245 71 335 126 79 77 1012 39 23 52 27852 2333 253 186
internal_value=-0.000642612 -0.0511125 -0.0539136 0.0275794 -0.0235936 0.0767886 0.0437175 -0.0045227 -0.0552263 -0.0325316 -0.0487927 -0.0379851 0.0789821 0.0596779 0.000818431 0.0319049 -0.0567928 -0.00829109 -0.0321919 0.0543041 0.05857 -0.0550485 0.065949 0.0428798 0.0162456 -0.0569815 0.0799807 0.0733977 0.0446474 0.00506219
internal_weight=20606.5 12475.2 12046.4 428.795 183.741 8131.35 505.778 220.913 11930.8 770.368 615.135 144.353 7625.57 375.061 86.4055 155.234 11160.4 43.251 58.1128 35.1905 76.5603 579.944 245.054 19.7258 24.6817 11117.2 7250.51 662.794 108.87 49.4053
internal_count=141125 106178 103771 2407 1372 34947 2580 1375 103292 5825 5104 1062 32367 1688 480 721 97467 316 357 182 313 4922 1035 82 102 97151 30679 2827 494 241
is_linear=0
shrinkage=0.05


Tree=14
num_leaves=31
num_cat=0
split_feature=19 32 38 29 9 19 38 26 4 9 26 26 37 3 38 19 10 19 10 38 29 4 10 10 25 4 4 11 10 10
split_gain=29075.6 1231 955.071 657.706 459.562 541.374 295.025 81.084 304.715 88.6513 54.6373 51.7462 41.6383 39.0218 38.2999 65.4099 32.7487 32.0944 72.2032 36.7977 29.9032 28.5028 24.4496 22.2429 19.8719 17.6905 24.3954 17.2179 15.8753 26.6229
threshold=0.2639319002628327 0.90341374278068554 1.0000000180025095e-35 0.11167800426483156 0.68889847397804271 0.45804196596145635 1.0000000180025095e-35 0.67873525619506847 0.44949495792388922 0.82784608006477367 0.40065789222717291 0.80079364776611339 1.0000000180025095e-35 1.0000000180025095e-35 1.0000000180025095e-35 0.60434782505035411 0.61620295047760021 0.35504202544689184 0.70051544904708873 1.0000000180025095e-35 0.18414442986249926 0.58571431040763866 0.90999102592468273 0.75905716419219982 0.75000000000000011 0.10555555671453477 0.41428571939468389 0.94590643048286449 0.4530817717313767 0.2362911254167557
decision_type=2 2 2 2 2 2 2 2 2 2 2 2 2 2 2 2 2 2 2 2 2 2 2 2 2 2 2 2 2 2
left_child=1 2 -1 7 5 6 -2 -4 13 -10 20 -3 23 -9 -7 16 24 18 19 -6 -5 27 -11 -8 -16 -21 -27 -13 29 -17
right_child=4 11 3 10 17 14 12 8 9 22 -12 21 -14 -15 15 28 -18 -19 -20 25 -22 -23 -24 -25 -26 26 -28 -29 -30 -31
leaf_value=0.077486171082233088 0.079669783808631878 -0.058930600914580779 -0.056878087355079647 -0.022543372222545679 0.082287162247677778 0.078683065931760804 -0.054158236541624549 -0.055331016823547421 -0.041570371180352145 0.017872431364271357 0.075763841394354089 0.071714131374566628 0.063091111676306835 0.12796366706890497 -0.043012679439063839 0.076191301881630036 0.08960960484811098 0.077810296054580078 0.073361623414157417 0.085654998846788663 0.062031991959807992 0.06358645778024398 0.064039162045748485 0.057462569317645734 0.055903805984077154 -0.048443031007245091 0.050644993147572676 -0.0064449413457081011 0.078651483020880153 0.02274872295083159
leaf_weight=139.65818431973457 58.245736092329025 9.9155316650867444 10113.558312237263 28.291131898760796 12.555475473403929 296.22932182252407 200.99679116159678 1056.1547559648752 62.817405082285404 127.60263165831566 94.00923652946949 9.7622796446084958 8.2185499817132932 2.9116734713315955 28.445217095315456 46.702355310320854 7.5439065396785727 6942.0378483757377 200.84892974793911 3.8810540214180937 16.574084222316742 236.83863259851933 36.992236703634262 4.5644981712102881 6.1806246489286414 28.26506008207798 7.9612078368663779 25.327104836702347 93.913889721035957 46.512064203619957
leaf_count=591 250 83 92333 152 53 1279 1704 9575 486 666 403 42 37 14 210 192 32 29945 869 24 68 970 157 21 26 200 38 112 399 194
internal_value=-0.000650494 -0.0499916 -0.0524835 -0.0540566 0.0731807 0.0371696 -0.0200878 -0.0553741 -0.0435509 0.00896248 0.0540981 0.0532645 -0.0472674 -0.0548271 0.0668074 0.0514653 -0.00478964 0.0771722 0.059698 0.00758669 0.00870041 0.0573556 0.0282483 -0.0516797 -0.0253563 -0.0157981 -0.0266671 0.0152998 0.0641425 0.0495246
internal_weight=19953.5 11960.4 11678.6 11538.9 7993.1 797.553 272.026 11400 1286.48 227.412 138.874 281.844 213.78 1059.07 525.527 229.298 42.1697 7195.55 253.512 52.6628 44.8652 271.928 164.595 205.561 34.6258 40.1073 36.2263 35.0894 187.128 93.2144
internal_count=141125 105652 104445 103854 35473 4344 2012 103231 10898 1309 623 1207 1762 9589 2332 1053 268 31129 1184 315 220 1124 823 1725 236 262 238 154 785 386
is_linear=0
shrinkage=0.05


Tree=15
num_leaves=31
num_cat=0
split_feature=19 10 26 38 19 10 38 19 4 26 4 37 10 7 38 23 8 38 10 26 26 11 13 29 23 10 23 35 5 11
split_gain=27076 1036.78 1026.89 624.187 381.843 543.158 315.296 222.845 105.897 125.533 74.2533 45.0214 39.2083 37.9654 79.2824 51.0293 37.4772 34.1118 32.5878 24.6419 24.0068 23.0481 25.169 20.8626 30.7083 19.7912 28.9559 22.6249 22.546 19.2724
threshold=0.2639319002628327 0.83910790085792553 0.53416875004768383 1.0000000180025095e-35 0.43874999880790716 0.6838774085044862 1.0000000180025095e-35 0.15075758099555972 0.64583334326744091 0.59362295269966137 0.41428571939468389 1.0000000180025095e-35 0.91704893112182628 0.05298245698213578 1.0000000180025095e-35 1.0000000180025095e-35 0.86754387617111217 2.5000000000000004 0.2362911254167557 0.13168095052242282 0.58597949147224437 0.063508063554763808 1.0000000180025095e-35 0.083683475852012648 1.0000000180025095e-35 0.81754159927368175 1.0000000180025095e-35 1.0000000180025095e-35 0.77500000596046459 0.035098522901535041
decision_type=2 2 2 2 2 2 2 2 2 2 2 2 2 2 2 2 2 2 2 2 2 2 2 2 2 2 2 2 2 2
left_child=1 3 7 -1 5 6 -2 -3 17 -10 11 16 21 14 -6 -16 -8 23 -17 -9 -19 22 -4 -5 -25 26 27 -7 -29 -20
right_child=4 2 12 8 13 25 10 19 9 -11 -12 -13 -14 -15 15 18 -18 20 29 -21 -22 -23 -24 24 -26 -27 -28 28 -30 -31
leaf_value=0.07353048049649287 0.078113721195469929 -0.056548200618242575 -0.049059890058598038 -0.056164861684303173 0.07647973306460315 0.07837422983359392 -0.052916417501552397 -0.012488421596453178 -0.054063954556423169 0.048203190439928933 0.058782944270448792 0.068732334702063913 0.067051429824086725 0.075804759213997916 -0.024714462636644102 0.074539377045248226 0.096066173202570007 -0.054675098724138949 -0.0012201649731347509 0.071931824870338612 0.037393539707376432 0.044779580806481527 0.046523143052804833 -0.045397255224177334 0.047063802562756447 0.076248629458808281 0.076463440537854518 -0.024181264714559138 0.060555625253538053 0.090916288251520205
leaf_weight=94.871502354741096 75.932824105024338 498.72453912347555 15.047449052333834 10195.517738610506 227.68243333697319 13.8989862203598 219.74717353284359 11.057127580046652 68.00560337305069 53.704195000231266 18.299991771578789 8.2711463794112188 283.08084628731012 6623.883699670434 34.641717910766602 48.437713712453842 4.3038811981678 12.301895059645178 34.322060339152813 39.610281839966774 16.680822394788265 133.21884573251009 12.700010567903517 38.594258412718773 11.703093424439428 409.52339623868465 56.769590273499489 24.265312947332859 11.603786721825598 6.800092324614524
leaf_count=407 331 4704 103 96898 1006 60 1863 52 626 235 83 38 1227 29234 243 204 19 110 152 181 75 608 65 298 63 1784 249 128 50 29
internal_value=-0.000657172 -0.0495161 -0.000696312 -0.0541389 0.0711142 0.039321 -0.0111441 -0.0463982 -0.0553039 -0.00893879 -0.0381872 -0.0458255 0.0558478 0.0749546 0.0589507 0.0268171 -0.0500546 -0.0558532 0.0467495 0.0535088 -0.00168557 0.0361448 -0.00531154 -0.0560064 -0.0238836 0.0712544 0.052057 0.0242169 0.00323143 0.0140158
internal_weight=19303.2 11484.8 993.439 10491.4 7818.38 842.616 326.555 549.392 10396.5 121.71 250.622 232.322 444.047 6975.77 351.884 124.202 224.051 10274.8 89.5599 50.6674 28.9827 160.966 27.7475 10245.8 50.2974 516.061 106.538 49.7681 35.8691 41.1222
internal_count=141125 105652 6940 98712 35473 4605 2334 4937 98305 861 2003 1920 2003 30868 1634 628 1882 97444 385 233 185 776 168 97259 361 2271 487 238 178 181
is_linear=0
shrinkage=0.05


Tree=16
num_leaves=31
num_cat=0
split_feature=19 10 26 38 9 19 38 19 4 26 10 25 38 19 38 19 10 35 29 10 9 26 26 29 26 10 25 19 22 29
split_gain=25250.1 993.256 949.094 586.697 394.434 459.588 256.713 209.775 102.976 116.108 36.7154 36.6678 36.1004 57.3017 33.2369 29.6693 61.9679 46.3027 31.3671 28.5198 23.1407 22.634 22.1627 20.8512 27.2581 19.8216 17.6374 16.0436 46.3513 15.0693
threshold=0.2639319002628327 0.83910790085792553 0.53416875004768383 1.0000000180025095e-35 0.68889847397804271 0.45804196596145635 1.0000000180025095e-35 0.15075758099555972 0.64583334326744091 0.56461101770401012 0.91704893112182628 0.75000000000000011 1.0000000180025095e-35 0.60434782505035411 2.5000000000000004 0.35504202544689184 0.79431909322738659 1.0000000180025095e-35 0.13397436589002612 0.61620295047760021 0.81926664710044872 0.10361093282699586 0.58597949147224437 0.083683475852012648 0.55230990052223217 0.75905716419219982 0.75000000000000011 0.080540537834167494 0.096930783241987242 0.22295321524143222
decision_type=2 2 2 2 2 2 2 2 2 2 2 2 2 2 2 2 2 2 2 2 2 2 2 2 2 2 2 2 2 2
left_child=1 3 7 -1 5 6 -2 -3 14 -10 20 25 -7 19 23 16 17 -6 -19 26 -4 -9 -16 -5 -25 -8 -14 28 -22 -15
right_child=4 2 10 8 15 12 11 21 9 -11 -12 -13 13 29 22 -17 -18 18 -20 -21 27 -23 -24 24 -26 -27 -28 -29 -30 -31
leaf_value=0.071235262504656977 0.075363201969700325 -0.056151154354650769 -0.021425707689264165 -0.055762004371066459 0.067671896535954984 0.074566021122343104 -0.053448684596209717 -0.022164176092646079 -0.054422039982432363 0.044535424395814115 0.064409950939476657 0.049595769314174809 -0.042124004706182015 0.046230445134375076 -0.054093613067278667 0.073662105019427937 0.073500797742486232 -0.042965942614574426 0.038617947135275547 0.083520846455604619 0.043285591249344196 0.066320574468592006 0.035251046116271521 -0.043432289978195572 0.045021331847581621 0.051876063132147467 0.051416542672701487 0.073882002334457672 -0.060692875787740033 0.075068423794887734
leaf_weight=93.077324464917183 55.621131867170334 477.67099509388208 16.628947742283344 9766.5689429193735 31.045051664113998 282.4935258179903 185.38357774168253 8.7396103367209417 64.152093142271042 55.101809538900852 280.03274153918028 9.5300520136952382 27.622359789907932 96.922520041465759 11.824538454413416 6626.8955488279462 164.40391650795937 29.464365430176258 19.631506279110909 7.3662529885768881 102.66065032035112 41.759948395192623 16.806545481085777 38.018394708633423 11.297984041273592 4.5773063451051703 6.1638929247856131 29.311603918671608 11.967472136020659 85.053264588117599
leaf_count=407 250 4704 114 96898 147 1279 1697 42 617 244 1227 44 210 408 110 29945 729 217 91 32 440 191 75 305 56 21 26 131 91 377
internal_value=-0.000662595 -0.0490569 -0.000704341 -0.0537147 0.0692489 0.0350871 -0.0196252 -0.0459055 -0.0548819 -0.00869829 0.0534805 -0.0461094 0.0626923 0.0476595 -0.0554413 0.073031 0.0559278 0.019878 -0.0103438 -0.00562305 0.0344195 0.0510071 -0.00164799 -0.0555982 -0.0231683 -0.0509108 -0.0250587 0.0408712 0.03243 0.059709
internal_weight=18657.8 11025.6 968.772 10056.8 7632.17 760.734 255.112 528.171 9963.77 119.254 440.601 199.491 505.622 223.128 9844.52 6871.44 244.545 80.1409 49.0959 41.1525 160.569 50.4996 28.6311 9815.89 49.3164 189.961 33.7863 143.94 114.628 181.976
internal_count=141125 105652 6940 98712 35473 4344 2012 4937 98305 861 2003 1762 2332 1053 97444 31129 1184 455 308 268 776 233 185 97259 361 1718 236 662 531 785
is_linear=0
shrinkage=0.05


Tree=17
num_leaves=31
num_cat=0
split_feature=21 29 38 38 28 38 26 37 4 4 26 21 9 29 10 9 21 7 5 26 10 13 11 26 12 22 26 4 8 12
split_gain=22246.4 1198.97 1010.61 755.721 675.312 524.819 326.36 169.831 138.449 134.909 332.258 80.6285 71.8688 69.5592 61.3498 51.9844 27.921 20.2072 19.5152 18.2064 17.8839 17.626 17.1005 14.7309 14.1244 13.9158 13.5622 16.0124 13.2856 18.4166
threshold=2.5000000000000004 0.13397436589002612 1.0000000180025095e-35 2.5000000000000004 0.53775665163993847 1.0000000180025095e-35 0.57203909754753124 1.0000000180025095e-35 0.11805555596947671 0.44949495792388922 0.70183873176574718 1.5000000000000002 0.82978430390357982 0.095619048923254027 0.76631206274032604 0.88929614424705516 9.5000000000000018 0.71583852171897899 0.81666666269302379 0.31835016608238226 0.92031747102737438 1.5000000000000002 0.028991596773266796 0.41396726667881018 0.16823899745941165 0.5432584583759309 0.45956844091415411 0.41428571939468389 0.73746865987777721 0.26138716936111456
decision_type=2 2 2 2 2 2 2 2 2 2 2 2 2 2 2 2 2 2 2 2 2 2 2 2 2 2 2 2 2 2
left_child=3 2 -2 5 7 23 11 15 22 -7 13 -5 17 -11 -10 16 -4 -12 24 25 -14 -9 -6 -1 -8 -15 27 -16 29 -17
right_child=1 -3 4 6 8 9 18 21 14 10 12 -13 20 19 26 28 -18 -19 -20 -21 -22 -23 -24 -25 -26 -27 -28 -29 -30 -31
leaf_value=0.0038600898197163297 0.073365813884543413 0.071787551825459248 -0.050613296464115026 -0.056206135034832919 0.039285366327225513 -0.055736341503321164 0.004221956345647376 0.0015536885190987554 -0.042809851609782651 -0.055490149472246647 -0.048337080651411173 0.047681699097021905 0.017338330153552833 -0.027288280881284967 0.044911036936362142 -0.045375360562494763 0.051140713931015484 0.051298456555482298 0.063613840735838686 0.056485226250624243 0.050625788898452276 0.07024743654819364 0.073832465506272343 0.07603742187442844 0.098255996688355607 0.087876508933517894 0.075598032665712633 -0.055361503449168951 0.083165416192565983 0.05237335322629804
leaf_weight=7.7598531395196906 613.48984110355377 6337.398710899055 555.8055135756731 116.35331189632416 43.386073790490627 8549.5723094046116 24.259404435753826 12.740296363830565 48.687325932085514 801.95120007544756 49.118785470724106 22.247810654342175 145.44644264876842 22.105680041015152 12.89742583781481 10.000719852745538 6.8244505748152724 5.676961436867713 196.49399635195732 14.680470056831835 55.841226562857628 34.968558728694916 205.39910188317299 79.420607790350914 4.7802586555480948 2.9762122184038153 17.104565538465977 5.7592283934354773 6.7619237527251235 9.2994756698608381
leaf_count=32 2833 29371 5278 1194 193 88937 107 55 369 8262 436 101 739 152 73 80 34 26 841 74 236 149 951 356 20 15 77 46 33 55
internal_value=-0.000667244 0.0620646 0.0231426 -0.0498686 -0.00863371 -0.052514 0.0208519 -0.0388282 0.0490308 -0.0536176 -0.0371171 -0.0395304 0.0127527 -0.0522896 -0.00628582 -0.0461812 -0.0493791 -0.0380146 0.0579596 0.0122614 0.0265729 0.0519033 0.0678077 0.069613 0.019701 -0.0136229 0.04344 0.0139573 0.0228537 0.00172322
internal_weight=18019.2 7920.52 1583.12 10098.7 969.635 9734.55 364.135 636.401 333.234 9647.37 1097.8 138.601 256.083 841.714 84.4485 588.692 562.63 54.7957 225.534 39.7624 201.288 47.7089 248.785 87.1805 29.0397 25.0819 35.7612 18.6567 26.0621 19.3002
internal_count=141125 39597 10226 101528 7393 99265 2263 5684 1709 98877 9940 1295 1437 8503 565 5480 5312 462 968 241 975 204 1144 388 127 167 196 119 168 135
is_linear=0
shrinkage=0.05


Tree=18
num_leaves=31
num_cat=0
split_feature=20 32 38 29 9 20 38 4 15 20 9 7 23 23 27 5 29 4 7 11 3 38 7 10 20 15 20 10 4 25
split_gain=22741.7 983.615 584.278 436.126 197.978 333.713 196.233 68.5555 229.26 79.0276 65.2126 50.9329 46.2832 37.6457 32.0801 29.0901 25.0971 24.2489 18.4596 20.7445 18.3933 16.6709 30.5745 35.3355 15.1764 14.1004 24.6747 13.3319 14.2177 13.0564
threshold=0.56696429848670971 0.90341374278068554 1.0000000180025095e-35 0.12552521377801898 0.73448839783668529 0.75961539149284374 1.0000000180025095e-35 0.44949495792388922 1.0000000180025095e-35 0.32291667163372045 0.82978430390357982 0.58898946642875682 1.0000000180025095e-35 1.0000000180025095e-35 0.056950367987155921 0.84523808956146251 0.091372914612293257 0.6904762089252473 0.77913278341293346 0.2124435901641846 1.0000000180025095e-35 1.0000000180025095e-35 0.067117117345333113 0.2362911254167557 0.41885964572429663 1.0000000180025095e-35 0.24264705926179889 0.93957647681236278 0.44949495792388922 1.0000000180025095e-35
decision_type=2 2 2 2 2 2 2 2 2 2 2 2 2 2 2 2 2 2 2 2 2 2 2 2 2 2 2 2 2 2
left_child=1 2 -1 7 5 6 -2 20 9 -9 -10 -11 -8 15 17 -5 -14 27 19 -12 -4 -7 23 -23 29 26 -22 28 -3 -17
right_child=4 14 3 13 -6 21 12 8 10 11 18 -13 16 -15 -16 24 -18 -19 -20 -21 25 22 -24 -25 -26 -27 -28 -29 -30 -31
leaf_value=0.068751290645107807 0.071840024047560846 -0.041236332347673793 -0.05541372744725629 -0.03633834334778499 0.070048922276522915 0.071197931671389811 -0.051087031508401354 -0.055418069890907175 -0.040943121998975707 -0.033883681075530456 -0.044713913476666402 0.065092276269118468 -0.019967140901214538 0.073226609301727461 -0.050808771742775032 -0.039449562911716439 0.077432405642871405 0.060045182363926676 0.065945867459479141 0.026852529332245818 -0.055966241991163214 0.06038178230066768 0.068007180345257975 0.0012916146288031968 0.072436822687149724 0.10316506379776982 0.12567561107224676 0.071213314406156886 0.027439349754262078 0.043728389642723596
leaf_weight=100.12464593350887 54.019232511520386 8.4259444475173932 8546.0760809406638 18.200142502784729 6447.0965983867645 308.36614945530891 129.70603676885366 895.31345058977604 45.785830557346344 31.39116558432579 11.379129886627195 22.183602213859558 15.862705267965795 57.286810576915741 8.3920001238584501 8.0182856768369675 11.343186140060423 165.92302417755127 26.22009801864624 91.925270035862923 10.22806643694639 53.890593528747559 153.39379416406155 47.688095644116402 18.834598749876022 2.7030109763145438 2.2878570407629004 15.247828409075735 71.385705575346947 11.462102949619293
leaf_count=454 256 41 92860 100 30706 1475 1175 9587 398 269 64 107 113 258 84 34 53 721 109 467 108 238 716 215 82 12 14 64 297 48
internal_value=-0.000670908 -0.0488551 -0.0514203 -0.0526482 0.0671799 0.0432905 -0.0103539 -0.0537916 -0.042183 -0.0518883 0.010348 0.00709911 -0.0386503 0.0446633 0.0454151 0.0157101 0.0206425 0.0485092 0.028479 0.0189694 -0.0553159 0.0633767 0.0539175 0.0326408 0.0404338 -0.000397026 -0.0227629 0.0283735 0.0201891 0.00949167
internal_weight=17390.2 10168.8 9899.42 9799.3 7221.37 774.27 210.931 9685.49 1124.2 948.888 175.31 53.5748 156.912 113.802 269.375 56.5151 27.2059 260.983 129.524 103.304 8561.3 563.339 254.972 101.579 38.315 15.2189 12.5159 95.0595 79.8117 19.4804
internal_count=141125 106178 104971 104517 34947 4241 1597 103995 11001 9963 1038 376 1341 522 1207 264 166 1123 640 531 92994 2644 1169 453 164 134 122 402 338 82
is_linear=0
shrinkage=0.05


Tree=19
num_leaves=31
num_cat=0
split_feature=20 10 22 20 8 20 36 5 24 20 35 36 34 11 19 10 36 7 20 36 11 5 5 10 20 25 7 25 29 11
split_gain=21279.2 797.769 489.285 476.479 168.138 216.272 120.19 114.193 151.803 58.4833 55.1981 170.166 73.6284 41.7619 37.5733 82.5079 76.2473 32.4662 29.847 23.4268 21.5887 21.4445 20.3424 20.0309 17.9076 17.0937 16.5976 17.7417 13.7658 12.7338
threshold=0.56696429848670971 0.84273937344551098 1.0000000180025095e-35 0.32291667163372045 0.2674796879291535 0.75961539149284374 1.0000000180025095e-35 0.77500000596046459 1.0000000180025095e-35 0.41885964572429663 1.0000000180025095e-35 1.0000000180025095e-35 1.0000000180025095e-35 0.16869919002056125 0.43874999880790716 0.6838774085044862 1.0000000180025095e-35 0.53907206654548656 0.24264705926179889 1.0000000180025095e-35 0.39433813095092779 0.73214286565780651 0.63333335518836986 0.89022758603096019 0.86190477013587963 0.75000000000000011 0.077422577887773528 0.75000000000000011 0.13397436589002612 0.063508063554763808
decision_type=2 2 2 2 2 2 2 2 2 2 2 2 2 2 2 2 2 2 2 2 2 2 2 2 2 2 2 2 2 2
left_child=1 7 23 -4 5 6 -2 10 20 -10 11 12 -1 -13 15 16 -6 21 -15 -7 -9 25 -8 29 26 -18 27 -21 -12 -3
right_child=4 2 3 -5 14 19 22 8 9 -11 28 13 -14 18 -16 -17 17 -19 -20 24 -22 -23 -24 -25 -26 -27 -28 -29 -30 -31
leaf_value=0.061545413057982584 0.060233670088728875 -0.025019367394756433 -0.054120210255187311 0.060275672179975676 0.069037013432417971 0.069385900422068561 -0.048875479689179414 -0.014190009935453097 -0.053409768326100088 0.06046029692581139 -0.054808836827904522 -0.055234464432290999 -0.056703540359759066 -0.025461826093474377 0.06904807867562239 0.065211940964193985 -0.044864425390772684 0.058735203393715622 0.17611642881302625 -0.042964794343429979 0.045627620941235736 0.059828622727437546 0.044610228630601247 0.056706278887752898 0.053967445725042154 0.055194670318210903 0.063869139215539564 0.039012072132631748 -0.003911948532834721 0.035015231967392785
leaf_weight=55.58193614333868 38.688581727445126 10.40606617182493 432.88574676215649 115.26230631023645 47.936319924890995 205.66453869640827 96.156708978116512 19.276176430284977 182.08456457406282 12.020314969122408 8251.0367224961519 277.4361058473587 17.249485678970814 4.095292091369628 5911.5583696588874 498.76305607706308 51.480125300586224 13.538518846035002 3.3291353434324265 15.352402701973915 69.352341197431087 6.4302898794412604 6.1938886344432822 228.58688928186893 99.322009265422821 4.6542912870645514 11.575926944613455 11.577335670590401 13.306379497051237 58.420126542448997
leaf_count=255 205 68 4779 537 235 1014 957 126 1991 57 93386 3081 185 35 29041 2387 338 61 26 87 322 28 29 1005 442 20 54 49 71 254
internal_value=-0.000674392 -0.0484621 -0.00204929 -0.0300655 0.0657101 0.0372911 -0.0148401 -0.0528693 -0.0216016 -0.0463581 -0.0538946 -0.0346647 0.0335392 -0.0521027 0.0678174 0.0561363 0.0196433 -0.011469 0.0649265 0.0586964 0.0326176 -0.0266607 -0.0432181 0.0495861 0.0427457 -0.0365682 0.0138002 -0.00772221 -0.0547269 0.0259384
internal_weight=16769.2 9750.33 845.561 548.148 7018.89 484.531 141.039 8904.77 282.733 194.105 8622.04 357.692 72.8314 284.861 6534.36 622.803 124.04 76.1032 7.42443 343.492 88.6285 62.5647 102.351 297.413 137.828 56.1344 38.5057 26.9297 8264.34 68.8262
internal_count=141125 106178 6643 5316 34947 2837 1191 99535 2496 2048 97039 3582 440 3142 32110 3069 682 447 61 1646 448 386 986 1327 632 358 190 136 93457 322
is_linear=0
shrinkage=0.05


Tree=20
num_leaves=31
num_cat=0
split_feature=21 29 38 38 25 38 9 26 4 26 21 29 9 21 35 10 7 9 10 7 5 17 13 26 26 29 10 12 12 11
split_gain=18266.9 969.138 825.123 657.5 550.788 442.227 294.519 258.334 131.449 291.016 68.7754 62.4819 55.5015 53.035 21.3213 24.0056 20.7455 19.2724 37.2824 18.4558 17.2677 16.1138 15.9578 15.2608 15.1132 14.8639 13.7113 11.6948 10.9493 10.8569
threshold=2.5000000000000004 0.13397436589002612 1.0000000180025095e-35 2.5000000000000004 0.75000000000000011 1.0000000180025095e-35 0.90673154592514049 0.57203909754753124 0.44949495792388922 0.70183873176574718 1.5000000000000002 0.095619048923254027 0.82978430390357982 9.5000000000000018 1.0000000180025095e-35 0.80901724100112926 0.6885775923728944 0.62328508496284496 0.2362911254167557 0.71583852171897899 0.81666666269302379 1.0000000180025095e-35 1.5000000000000002 0.2286924943327904 0.41396726667881018 0.18414442986249926 0.92031747102737438 0.16823899745941165 0.54226192831993114 0.025320513173937801
decision_type=2 2 2 2 2 2 2 2 2 2 2 2 2 2 2 2 2 2 2 2 2 2 2 2 2 2 2 2 2 2
left_child=3 2 -2 5 6 24 13 10 -7 11 -5 -10 19 16 -8 -16 21 18 -6 -11 27 -4 -20 -13 -1 29 28 -9 -14 -3
right_child=1 25 4 7 17 8 14 20 9 12 -12 23 26 -15 15 -17 -18 -19 22 -21 -22 -23 -24 -25 -26 -27 -28 -29 -30 -31
leaf_value=-0.0028306779383906939 0.068914601570060588 0.027493035085526665 -0.048782054366525607 -0.055276584185245496 0.070035571901019764 -0.054773695022260038 0.068928929498076066 0.0020693128677583433 -0.054479658922656951 -0.046525905897631489 0.043133710734996569 -0.02101690646779477 0.012853981293038269 0.059581622843972462 -0.025806563163953085 0.058940918765068157 0.067595158433908481 0.069349869200432443 -0.039778740335809248 0.049226290519399182 0.058010667803528593 0.076303463199104291 0.029176468678017788 0.042062373207171308 0.071313430079524079 0.067729976455392138 0.044721135604808913 0.087963276616932859 0.095475945204986493 0.059060427505072025
leaf_weight=7.5761321932077399 562.5568321198225 34.167051903903484 548.01696690171957 102.02549878507853 42.027400650084019 7488.6454249992967 59.334391430020332 23.880816586315635 703.59208858758211 44.393325611948967 21.494088001549244 18.863600671291351 140.73905984312296 11.836206212639807 15.785998664796351 17.753471121191978 3.8957077562808982 149.2709362283349 14.621350541710852 5.675794690847396 187.56306844949722 2.5868425965309134 19.688217505812645 19.500467292964458 74.047209948301315 5644.8772442042828 54.032017827033997 4.7513120621442786 4.1275273561477652 134.29679676890373
leaf_count=32 2833 173 5706 1194 188 88937 301 107 8262 436 101 134 718 58 119 92 21 750 64 26 841 12 82 107 356 28541 236 20 21 657
internal_value=-0.000677161 0.0581783 0.0215687 -0.0486872 -0.00853332 -0.0513942 -0.0316115 0.0195326 -0.0525092 -0.0353955 -0.0381519 -0.0510915 0.0113809 -0.0451454 0.0509172 0.0190529 -0.0473809 0.0588993 0.038464 -0.0356715 0.0524897 -0.0481944 -0.000209453 0.0110463 0.0644315 0.0672932 0.0232255 0.0163228 0.015208 0.0526581
internal_weight=16161.6 7260.72 1447.37 8900.91 884.817 8561.19 659.21 339.715 8479.57 990.924 123.52 741.956 248.968 566.336 92.8739 33.5395 554.5 225.608 76.337 50.0691 216.195 550.604 34.3096 38.3641 81.6233 5813.34 198.899 28.6321 144.867 168.464
internal_count=141125 39597 10226 101528 7393 99265 6309 2263 98877 9940 1295 8503 1437 5797 512 211 5739 1084 334 462 968 5718 146 241 388 29371 975 127 739 830
is_linear=0
shrinkage=0.05


Tree=21
num_leaves=31
num_cat=0
split_feature=20 10 26 19 9 20 23 4 26 35 11 34 13 4 26 9 10 29 8 20 23 9 23 13 29 10 23 9 20 35
split_gain=18695.9 735.623 487.791 283.708 169.429 271.194 120.978 119.044 78.0804 57.6243 87.1838 71.4205 35.3417 26.7881 57.7242 30.66 26.0071 25.1325 23.8652 17.7278 19.4258 15.9951 15.8944 15.8287 15.1023 14.9585 13.0675 29.0757 54.0395 32.0562
threshold=0.56696429848670971 0.84273937344551098 0.51775211095809948 0.15075758099555972 0.73448839783668529 0.75961539149284374 1.0000000180025095e-35 0.64583334326744091 0.54580420255661022 1.0000000180025095e-35 0.07275132462382318 1.0000000180025095e-35 5.5000000000000009 0.44949495792388922 0.80079364776611339 0.83250457048416149 0.91704893112182628 0.17875940352678302 0.3483316451311112 0.38675214350223547 1.0000000180025095e-35 0.81926664710044872 1.0000000180025095e-35 5.5000000000000009 0.24037037044763568 0.73499399423599254 1.0000000180025095e-35 0.93036890029907238 0.77350428700447094 1.0000000180025095e-35
decision_type=2 2 2 2 2 2 2 2 2 2 2 2 2 2 2 2 2 2 2 2 2 2 2 2 2 2 2 2 2 2
left_child=1 7 3 -3 5 6 23 9 17 10 12 18 25 -11 19 -16 21 -9 -12 -15 -21 -4 -5 24 -2 -1 27 28 29 -6
right_child=4 2 16 22 26 -7 -8 8 -10 13 11 -13 -14 14 15 -17 -18 -19 -20 20 -22 -23 -24 -25 -26 -27 -28 -29 -30 -31
leaf_value=-0.051249474330458358 -0.044265168587231077 -0.054511004999453466 -0.029564473711271258 0.028602667995124106 0.062602602165547305 0.058925275000826741 0.047357796354737323 -0.052944144909840479 0.036982752869078331 -0.054598498986517863 -0.045852279726727917 -0.04614119452021169 0.030349397009728642 -0.054275126838212895 -0.049763516339051891 0.0097412955996878624 0.052390118429534199 0.073649155499812768 0.074858849544763392 -0.036392282348430297 0.057467910498153911 0.029962759194655204 0.074766169048869721 0.041565137601419971 0.060124693670775657 0.025618729789972389 0.067067878373459108 0.065859502881711107 0.062657576358042616 -0.0018893432567314784
leaf_weight=256.09281281381845 122.01044838875532 371.78321777284145 12.483959347009657 36.310030788183212 26.91106890141964 521.05860769748688 61.690562911331654 54.465176910161972 60.905782498419285 7202.9986687302589 4.6325413286685935 25.618624359369278 14.687805585563181 366.44762539863586 31.466424703598022 69.373298510909081 222.74671633541584 4.2247252911329261 35.260808050632477 24.434791974723343 7.1185534372925749 117.48357803374529 38.328798845410347 6.039965793490409 3.5659715086221686 6.4893578961491576 4800.1870207637548 804.91287648677826 189.86938865482807 67.844574838876724
leaf_count=3016 1188 4546 100 171 131 2644 353 644 281 89473 46 282 106 4499 332 394 1064 20 187 175 36 575 187 40 16 44 25097 4172 980 326
internal_value=-0.000678879 -0.0477122 -0.00192863 -0.0366515 0.0631567 0.0401611 -0.0104178 -0.0521936 -0.00267569 -0.0529297 -0.0328708 0.0190056 -0.0451279 -0.0538225 -0.0426173 -0.00882682 0.0420192 -0.0438315 0.0608415 -0.0511786 -0.0152171 0.0242449 0.0523087 -0.0374981 -0.0413008 -0.0493498 0.0659458 0.0610024 0.0472667 0.0164267
internal_weight=15567.4 8963.35 799.136 446.422 6604.09 714.366 193.307 8164.22 119.596 8044.62 342.782 65.512 277.27 7701.84 498.841 100.84 352.714 58.6899 39.8933 398.001 31.5533 129.968 74.6388 131.616 125.576 262.582 5889.72 1089.54 284.625 94.7556
internal_count=141125 106178 6643 4904 34947 4241 1597 99535 945 98590 3681 515 3166 94909 5436 726 1739 664 233 4710 211 675 358 1244 1204 3060 30706 5609 1437 457
is_linear=0
shrinkage=0.05


Tree=22
num_leaves=31
num_cat=0
split_feature=20 32 38 29 9 20 38 26 4 7 9 10 25 20 4 10 38 7 10 26 7 7 4 38 19 9 36 4 20 15
split_gain=17530.4 787.336 475.784 357.484 164.485 251.281 157.397 70.7079 206.594 54.4201 46.361 34.0106 27.0833 24.689 23.1819 22.779 18.4878 30.6064 31.729 16.3437 15.751 13.8444 16.7773 14.8849 12.4026 31.3605 28.8136 36.6101 13.0986 11.6411
threshold=0.56696429848670971 0.90341374278068554 1.0000000180025095e-35 0.10042016953229906 0.73448839783668529 0.75961539149284374 1.0000000180025095e-35 0.71490147709846508 0.44949495792388922 0.53033089637756359 0.82784608006477367 0.76631206274032604 0.75000000000000011 0.41885964572429663 0.6904762089252473 0.82807883620262157 1.0000000180025095e-35 0.067117117345333113 0.2362911254167557 0.057259952649474151 0.71583852171897899 0.8473193645477296 0.44949495792388922 2.5000000000000004 0.43874999880790716 0.93036890029907238 1.0000000180025095e-35 0.41428571939468389 0.77350428700447094 1.0000000180025095e-35
decision_type=2 2 2 2 2 2 2 2 2 2 2 2 2 2 2 2 2 2 2 2 2 2 2 2 2 2 2 2 2 2
left_child=1 2 -1 7 5 6 -2 -4 15 -5 20 12 -8 19 21 -9 -7 18 -18 -11 -10 -3 -23 -24 25 26 -6 28 -28 -16
right_child=4 14 3 9 24 16 11 8 10 13 -12 -13 -14 -15 29 -17 17 -19 -20 -21 -22 22 23 -25 -26 -27 27 -29 -30 -31
leaf_value=0.063206783678749143 0.067348033027826174 0.058032087358848711 -0.054262121623643723 -0.028314871957726126 0.067131370193314013 0.066225655518043838 -0.049786717726405652 -0.052760045296081505 -0.048532501615330736 -0.054028163741091623 0.020300319970684686 0.055466066044105228 0.038709065507219392 0.063924627639324827 -0.02903666246078342 0.039043045991423796 0.053365144089742717 0.062339969291069164 -0.0034426727820849757 0.028909219734061006 0.047599298956245921 -0.061795553982022668 -0.017576705154113401 0.033068006483676325 0.06551704370903802 0.065931925194430224 -0.022359585632602416 0.047973672707913778 0.059533700676883052 0.053454985539929223
leaf_weight=91.823628008365631 48.689084902405739 19.161622956395149 7210.3814794495702 33.454723954200745 60.79146371781826 272.79687862098217 121.93946165591478 697.11707613617182 39.386775106191635 7.1233189329504958 146.69814854115248 9.2936650663614255 9.3053721934556943 65.568017236888409 4.3992772176861754 6.8232190459966651 50.696760848164558 137.61574828624725 47.713261261582375 35.759587958455086 4.7779196053743354 7.2609957978129378 20.610679730772972 49.002428144216537 5183.4845376312733 349.38516110181808 37.379920423030853 64.104315176606178 5.6164673566818228 153.57316608726978
leaf_count=454 256 85 93460 253 319 1475 1258 9014 420 45 742 43 40 320 46 48 238 716 215 193 22 41 105 213 28029 1841 180 312 25 717
internal_value=-0.00068058 -0.0473378 -0.0499793 -0.0512395 0.0619751 0.0390661 -0.0101263 -0.052617 -0.0393602 0.0274342 0.00677925 -0.036967 -0.0435123 0.0446316 0.0393804 -0.0518702 0.0573604 0.0471141 0.0258224 0.0151324 -0.0381326 0.0200075 0.0105295 0.0180734 0.0647803 0.0573977 0.039638 0.0240324 -0.0116622 0.0511577
internal_weight=14991.7 8592.92 8338.91 8247.09 6398.81 698.05 189.228 8105.18 894.803 141.906 190.863 140.538 131.245 108.451 254.008 703.94 508.823 236.026 98.41 42.8829 44.1647 96.0357 76.8741 69.6131 5700.76 517.277 167.892 107.101 42.9964 157.972
internal_count=141125 106178 104971 104517 34947 4241 1597 103706 10246 811 1184 1341 1298 558 1207 9062 2644 1169 453 238 442 444 359 318 30706 2677 836 517 205 763
is_linear=0
shrinkage=0.05


Tree=23
num_leaves=31
num_cat=0
split_feature=20 32 23 20 9 20 4 26 23 20 9 9 7 10 4 10 35 26 7 11 10 13 23 9 20 35 7 4 21 7
split_gain=16456.9 745.41 257.036 205.133 156.577 233.205 127.139 286.729 105.345 97.9699 51.1572 48.9979 43.8802 34.6139 21.9713 18.5884 18.3766 18.3094 15.9487 18.1171 15.0521 13.9071 13.6238 29.0887 50.1418 30.6628 32.167 15.4901 13.9413 12.6174
threshold=0.56696429848670971 0.90341374278068554 1.0000000180025095e-35 0.38675214350223547 0.73448839783668529 0.75961539149284374 0.44949495792388922 0.97260272502899181 1.0000000180025095e-35 0.32291667163372045 0.74455925822258007 0.81926664710044872 0.58898946642875682 0.84273937344551098 0.6904762089252473 0.87138131260871898 1.0000000180025095e-35 0.31601439416408544 0.77913278341293346 0.2124435901641846 0.88805347681045543 5.5000000000000009 1.0000000180025095e-35 0.93338736891746532 0.77350428700447094 1.0000000180025095e-35 0.60208335518836986 0.31666667759418493 5.5000000000000009 0.8473193645477296
decision_type=2 2 2 2 2 2 2 2 2 2 2 2 2 2 2 2 2 2 2 2 2 2 2 2 2 2 2 2 2 2
left_child=1 2 6 13 5 8 15 9 21 -8 17 20 -11 -4 29 -1 -13 -5 19 -18 -9 -2 23 24 25 -6 27 -27 -29 -3
right_child=4 14 3 10 22 -7 7 11 -10 12 -12 16 -14 -15 -16 -17 18 -19 -20 -21 -22 -23 -24 -25 -26 26 -28 28 -30 -31
leaf_value=-0.053790250734711789 -0.039969205629792573 0.055589266053886116 -0.050878360589620565 -0.041215202861918189 0.060330517599305994 0.056087038613337685 -0.054115449927798646 -0.04153990105024076 0.04473172051098355 -0.039992658734307775 0.072374196488634288 0.063919261044083395 0.03280770870811444 0.048371257176560142 0.049643862071819082 0.0022751195377508646 -0.043244086095041739 0.034973513319057216 0.058224853017757483 0.021199367113397045 0.061286388844223473 0.03918570722766674 0.064894943664215318 0.063755180482101242 0.05991686846812843 -0.063895849820368902 0.052638404906673535 0.010443846964120585 -0.074552565142551222 0.01006496906012439
leaf_weight=6735.1443023607135 117.88153401762247 19.007405266165733 110.91893516480923 15.648076437413694 27.520253360271454 494.75860688090324 714.02899262309074 35.814733661711216 59.477345161139965 35.384501338005066 79.935213141143322 32.964709371328354 49.871669210493565 9.5404305532574636 154.73335569351912 14.816545791923998 12.349613599479197 15.896141752600668 24.795374929904938 93.306957945227623 3.951698273420333 5.8232094570994368 4487.4808012247086 737.77203384041786 189.7865054756403 15.972013071179388 19.358986541628838 28.061832085251808 5.8260000348091117 76.390358656644821
leaf_count=91339 1204 85 1473 170 141 2644 9479 374 353 307 427 178 234 64 763 140 72 118 105 469 22 40 25097 4086 1044 84 97 130 27 359
internal_value=-0.000681669 -0.0469852 -0.0496479 0.00221766 0.0609183 0.0382432 -0.0511996 -0.0345843 -0.00995141 -0.0480666 0.0510969 0.0184525 0.00259283 -0.0430178 0.0380082 -0.0536672 0.0305647 -0.00282127 0.0221362 0.0136669 -0.0313218 -0.0362431 0.0637073 0.0585042 0.0449835 0.0156868 -0.00206286 -0.0233016 -0.00416875 0.0191354
internal_weight=14424.2 8234.5 7984.37 231.939 6189.72 677.941 7752.43 1002.47 183.182 799.285 111.479 203.183 85.2562 120.459 250.131 6749.96 163.417 31.5442 130.452 105.657 39.7664 123.705 5511.78 1024.3 286.526 96.7391 69.2188 49.8598 33.8878 95.3978
internal_count=141125 106178 104971 2252 34947 4241 102719 11240 1597 10020 715 1220 541 1537 1207 91479 824 288 646 541 396 1244 30706 5609 1523 479 338 241 157 444
is_linear=0
shrinkage=0.05


Tree=24
num_leaves=31
num_cat=0
split_feature=20 32 9 20 38 38 4 26 20 9 9 23 29 26 23 29 35 10 38 29 23 4 20 23 32 5 10 30 29 38
split_gain=15455.4 723.983 311.392 376.896 295.813 213.48 91.016 172.255 82.8496 40.0286 35.7029 32.67 25.6731 25.4149 24.2011 54.245 80.6656 50.9073 20.4732 31.5104 27.4087 20.1308 20.0135 19.1967 16.0331 15.4841 13.8705 16.5449 11.6718 11.0475
threshold=0.48684211075305944 0.90341374278068554 0.73448839783668529 0.75961539149284374 1.0000000180025095e-35 1.0000000180025095e-35 0.44949495792388922 0.66801077127456676 0.32291667163372045 0.82978430390357982 0.87885165214538585 1.0000000180025095e-35 0.089087303727865233 0.80079364776611339 1.0000000180025095e-35 0.18786764889955523 1.0000000180025095e-35 0.79431909322738659 1.0000000180025095e-35 0.26726190745830541 1.0000000180025095e-35 0.6904762089252473 0.90692642331123363 1.0000000180025095e-35 0.14392431825399402 0.88194444775581371 0.2362911254167557 0.40911784768104559 0.24037037044763568 2.5000000000000004
decision_type=2 2 2 2 2 2 2 2 2 2 2 2 2 2 2 2 2 2 2 2 2 2 2 2 2 2 2 2 2 2
left_child=1 4 3 5 24 -2 -6 8 -8 -9 -10 28 -13 -3 15 16 -4 25 -5 20 22 -15 -20 -12 -1 -18 -22 -28 -7 -11
right_child=2 13 14 18 6 11 7 9 10 29 23 12 -14 21 -16 -17 17 -19 19 -21 26 -23 -24 -25 -26 -27 27 -29 -30 -31
leaf_value=-0.020428512713650916 0.066873083281892995 -0.056132546900055452 0.061373343976160045 0.064357809720685485 -0.053763088606509718 -0.051836029174062714 -0.053548180793800942 -0.036784231103809781 -0.046033935641373244 0.012401671473747596 0.0045675384198065848 -0.029043449369620625 0.061412218443691449 0.020757388348700247 0.064031699379382731 0.061013069341726879 -0.039846241500792516 0.048057758451068439 -0.047820052643859828 0.064089080901419668 0.060556004884183424 0.050607150786384628 0.055669785613132766 0.071582212038892298 0.066133033595354135 0.046759537552978819 0.00308459341689084 0.058991238531857629 0.05595041282191722 0.060035420156853841
leaf_weight=5.9118176996707907 57.224506244063377 7.2042120397090903 104.88248231261969 255.60598176717758 6452.9299264103174 177.89022745192051 671.46154698729515 45.684836000204086 23.51997072249651 139.35245109349489 28.33576288074255 22.218582145869732 12.124717980623243 91.499619901180267 4384.9377484172583 845.57755151391029 51.894985616207123 31.204340189695358 17.975517541170124 103.43901070952415 41.130749240517616 147.59285305440426 6.3120424300432196 17.156550772488117 56.233167618513107 5.7309342548251143 37.863503873348236 20.343928724527359 2.5475734472274771 13.337300568819044
leaf_count=26 309 83 584 1475 91732 2146 9413 489 226 721 144 193 66 403 25380 4819 390 158 96 578 199 718 28 84 298 27 163 105 11 61
internal_value=-0.000682317 -0.0479466 0.058219 0.0281266 -0.0507335 -0.0189426 -0.0516468 -0.0371011 -0.0481864 0.00427692 0.00398207 -0.0418067 0.00289144 0.0363958 0.0624058 0.0555456 0.0316797 -0.00337986 0.0546521 0.0437264 0.0266888 0.0391838 -0.0209243 0.0298408 0.0578985 -0.0312332 0.0383299 0.0226244 -0.0503142 0.0165624
internal_weight=13879.1 7700.22 6178.9 754.676 7453.92 272.006 7391.78 938.848 740.474 198.375 69.0123 214.781 34.3433 246.297 5424.23 1039.29 193.713 88.8303 482.671 227.065 123.626 239.092 24.2876 45.4923 62.145 57.6259 99.3382 58.2074 180.438 152.69
internal_count=141125 104398 36727 5369 103194 2725 102870 11138 9867 1271 454 2416 259 1204 31358 5978 1159 575 2644 1169 591 1121 124 228 324 417 467 268 2157 782
is_linear=0
shrinkage=0.05


Tree=25
num_leaves=31
num_cat=0
split_feature=20 32 9 20 38 38 4 26 19 9 9 25 10 26 20 7 35 4 38 7 10 26 10 5 32 11 7 21 3 24
split_gain=14529.8 686.869 293.94 351.105 279.371 199.952 91.4548 166.469 80.7277 36.7366 32.9777 30.392 24.2179 23.4599 22.4775 57.7564 45.158 30.8204 20.3784 31.4367 28.2971 19.8616 19.7018 15.5596 15.2141 14.7954 14.5863 12.4934 11.3406 13.6939
threshold=0.48684211075305944 0.90341374278068554 0.73448839783668529 0.75961539149284374 1.0000000180025095e-35 1.0000000180025095e-35 0.44949495792388922 0.66801077127456676 0.13188406080007556 0.82978430390357982 0.90979695320129406 0.75000000000000011 0.76631206274032604 0.80079364776611339 0.64495798945426952 0.57947367429733287 1.0000000180025095e-35 0.31666667759418493 1.0000000180025095e-35 0.067117117345333113 0.2362911254167557 0.057259952649474151 0.93127068877220165 0.88194444775581371 0.14392431825399402 0.085144929587841048 0.71583852171897899 3.5000000000000004 1.0000000180025095e-35 1.0000000180025095e-35
decision_type=2 2 2 2 2 2 2 2 2 2 2 2 2 2 2 2 2 2 2 2 2 2 2 2 2 2 2 2 2 2
left_child=1 4 3 5 24 -2 28 8 -8 26 -10 12 -7 -3 15 16 -4 -18 -5 20 -20 -12 23 -15 -1 -19 -9 -27 -6 -30
right_child=2 13 14 18 6 11 7 9 10 -11 21 -13 -14 22 -16 -17 17 25 19 -21 -22 -23 -24 -25 -26 27 -28 -29 29 -31
leaf_value=-0.019308071876293142 0.065797250762049633 -0.055815725950503783 0.060528863287224038 0.063462969591539922 -0.053622535261950821 -0.049945779203761302 -0.053614324472465551 -0.046528575676196511 -0.03981548367859921 0.015699201879046581 -0.050031601860358148 0.036629382498564282 0.031191058815013412 -0.008742268580471009 0.06234145742848312 0.062709589326562037 -0.058151567175408758 -0.055190352771410822 0.048072996413188039 0.059002912203272362 -0.0062540010043477369 0.042140498429358061 0.050895981907700782 0.033796980185396522 0.064956564877028319 0.048328361853766599 0.041467041303496308 -0.010573381839072927 0.09330526736597107 -0.034401667169481481
leaf_weight=5.9413496106863013 55.300928816199303 6.8907722160220137 39.563098937273026 246.48082606494427 6152.7237547412515 185.69068216532469 634.80204563587904 39.107273548841476 29.518990136682987 153.03608971089125 6.8942105099558821 11.822558388113974 9.6760969012975675 29.89423356205225 4891.138285651803 239.57049894332886 20.37984411418438 6.3152587339282027 48.100578486919403 125.86442874372005 47.776819437742233 38.389180094003677 129.27398465573788 76.517257511615753 54.434707149863243 25.1875394359231 5.3541245907545081 14.00991517305374 2.7498212009668341 8.8709133788943273
leaf_count=26 309 83 222 1475 91603 2305 9343 464 298 782 34 57 54 135 29309 1361 197 41 238 716 215 192 641 345 298 148 25 80 12 117
internal_value=-0.000682759 -0.0476194 0.0573257 0.0276187 -0.0504337 -0.018671 -0.0513481 -0.0365251 -0.0478252 0.00407579 0.00130341 -0.0412164 -0.0459272 0.0351214 0.0614714 0.049137 0.0183033 -0.00704967 0.0535692 0.0425716 0.0210012 0.0281077 0.0377802 0.0218464 0.0566644 0.0158329 -0.035932 0.0272758 -0.0535293 -0.0041823
internal_weight=13341.3 7374.4 5966.88 730.713 7131.82 262.49 7071.45 907.102 709.604 197.497 74.8024 207.189 195.367 242.576 5236.16 345.026 105.456 65.8926 468.223 221.742 95.8774 45.2834 235.685 106.411 60.3761 45.5127 44.4614 39.1975 6164.34 11.6207
internal_count=141125 104398 36727 5369 103194 2725 102870 11138 9867 1271 524 2416 2359 1204 31358 2049 688 466 2644 1169 453 226 1121 480 324 269 489 228 91732 129
is_linear=0
shrinkage=0.05


Tree=26
num_leaves=31
num_cat=0
split_feature=20 38 38 9 20 38 26 9 15 23 19 7 23 23 29 38 8 29 38 7 10 20 10 12 5 7 19 7 26 29
split_gain=13664.7 476.121 296.516 278.506 326.862 187.271 163.642 99.1937 195.89 59.5472 44.7246 42.3887 30.9489 24.9349 52.754 56.0546 63.0088 23.0494 20.5425 30.5372 26.0534 19.9402 19.7396 17.4485 14.3236 12.1974 17.7259 11.8725 11.2028 10.9488
threshold=0.48684211075305944 2.5000000000000004 1.0000000180025095e-35 0.73448839783668529 0.75961539149284374 1.0000000180025095e-35 0.51321610808372509 0.88929614424705516 1.0000000180025095e-35 1.0000000180025095e-35 0.15075758099555972 0.77913278341293346 1.0000000180025095e-35 1.0000000180025095e-35 0.18786764889955523 1.0000000180025095e-35 0.73431372642517101 0.089087303727865233 1.0000000180025095e-35 0.067117117345333113 0.2362911254167557 0.19375000149011615 0.70659971237182628 0.24744898080825808 0.81666666269302379 0.077422577887773528 0.13188406080007556 0.37089946866035467 0.31835016608238226 0.24037037044763568
decision_type=2 2 2 2 2 2 2 2 2 2 2 2 2 2 2 2 2 2 2 2 2 2 2 2 2 2 2 2 2 2
left_child=1 2 25 4 5 -2 10 11 9 -9 -3 -4 29 14 15 -5 23 -14 -6 20 -20 -11 -10 -17 -8 26 -1 -25 -13 -7
right_child=3 6 7 13 18 12 24 8 22 21 -12 28 17 -15 -16 16 -18 -19 19 -21 -22 -23 -24 27 -26 -27 -28 -29 -30 -31
leaf_value=-0.063874945004701283 0.064805367161425417 -0.053909183227021408 -0.053250029025200533 0.063768257127739619 0.062635197600276124 -0.050952707331327396 0.0089545836244458998 -0.051905438060098133 -0.023803821411011207 -0.054275417758617953 0.031587617549360868 -0.053880560287829227 -0.0276089479165357 0.062305633296796309 0.059030520074813853 -0.047812112228179396 0.050707134795340003 0.059294930316807284 0.04639190383818835 0.057920870610269896 -0.0059454259678549904 0.072764096081469484 0.020056484412550906 -0.029171461107281107 0.048341520986956071 0.066442265503792924 0.071134956412955558 0.035774849137149047 0.056701506123423985 0.054206776263876724
leaf_weight=4.7209220677614194 53.388454601168633 77.795784749090672 6009.5360832065344 72.076450958848 237.47942094504833 164.34139258414507 26.888978965580463 492.94954451918602 31.130143970251083 4.0401783511042622 19.039979048073292 2.885564170777795 21.322124890983105 4078.0309207588434 788.81970375776291 36.401189289987087 47.964057750999928 11.881694555282591 47.370227500796318 121.90569630265236 47.744518861174583 13.117426507174967 145.79480452090502 13.537629425525667 163.06711462885141 54.20859406888485 5.0125585794448853 14.653578184545038 11.102679461240768 2.513055980205535
leaf_count=20 309 1188 93146 431 1475 2146 124 7305 342 57 91 44 193 25380 4819 266 276 66 238 716 215 89 783 111 816 304 25 75 64 11
internal_value=-0.000683344 -0.0473022 -0.0499735 0.0564732 0.027103 -0.0183933 0.0157997 -0.0509946 -0.0329947 -0.0487183 -0.0370987 -0.0530477 -0.040596 0.0605893 0.0533993 0.0293404 0.00729429 0.00348884 0.0524735 0.0413538 0.0201203 0.0428495 0.0123392 -0.0249426 0.0427662 0.0571887 0.0056526 0.00458714 0.0338901 -0.0493689
internal_weight=12820.7 7061.29 6774.5 5759.43 707.947 253.447 286.792 6710.56 687.032 510.107 96.8358 6023.52 200.058 5051.48 973.453 184.633 112.556 33.2038 454.5 217.02 95.1147 17.1576 176.925 64.5924 189.956 63.9421 9.73348 28.1912 13.9882 166.854
internal_count=141125 104398 102179 36727 5369 2725 2219 101830 8576 7451 1279 93254 2416 31358 5978 1159 728 259 2644 1169 453 146 1125 452 940 349 45 186 108 2157
is_linear=0
shrinkage=0.05


Tree=27
num_leaves=31
num_cat=0
split_feature=20 32 38 20 7 38 10 26 20 7 38 20 23 23 11 7 10 26 10 10 7 11 5 26 37 32 5 23 28 20
split_gain=12857.5 618.304 249.227 248.417 274.026 132.025 78.0078 139.531 91.8926 53.8399 93.2478 45.2019 33.2156 32.3172 27.4475 32.8018 24.3699 20.0819 19.9183 18.9169 18.3623 25.2916 16.2526 36.396 15.4551 13.9165 13.4885 13.4425 27.035 22.5567
threshold=0.48684211075305944 0.90341374278068554 1.0000000180025095e-35 0.64495798945426952 0.42980295419692999 1.0000000180025095e-35 0.74849396944046032 0.71490147709846508 0.32291667163372045 0.05298245698213578 1.0000000180025095e-35 0.87083333730697643 1.0000000180025095e-35 1.0000000180025095e-35 0.2124435901641846 0.74133810400962841 0.65648320317268383 0.80079364776611339 0.27334994077682501 0.93127068877220165 0.57947367429733287 0.098387096077203764 0.77500000596046459 0.56461101770401012 1.0000000180025095e-35 0.14392431825399402 0.88194444775581371 1.0000000180025095e-35 0.52978479862213146 0.75961539149284374
decision_type=2 2 2 2 2 2 2 2 2 2 2 2 2 2 2 2 2 2 2 2 2 2 2 2 2 2 2 2 2 2
left_child=1 2 25 4 5 -2 22 8 -8 10 -5 24 -7 -10 15 -9 -14 -3 -13 26 21 -6 -4 -24 -12 -1 -19 28 29 -11
right_child=3 17 6 9 20 12 7 14 13 27 11 18 16 -15 -16 -17 -18 19 -20 -21 -22 -23 23 -25 -26 -27 -28 -29 -30 -31
leaf_value=-0.017998747878615957 0.064686717221885723 -0.055246364807698289 -0.053109763943103086 0.061907628708376454 -0.032642993673303068 -0.048075232351855679 -0.052856709757945777 -0.044761247315627757 -0.013732098800070603 -0.0031794694553126273 -0.038903645494903744 0.055252836720976584 -0.01870730248771417 0.06360397829621238 0.022039618218397766 0.054421451875412141 0.084574669286574977 -0.0089192224064763501 -0.0017588207422411031 0.048353794818610289 0.060702329648968371 0.05019094227512242 -0.05181097224993101 0.019852686870585601 0.019859588168336658 0.062903158242260435 0.030839452667234857 0.061486999892100686 0.05753316263815899 0.049156250079079672
leaf_weight=5.936275601387023 37.332736775279045 6.3138828948140135 5620.4704405590892 179.56387966871262 13.157441779971121 149.44639839231968 550.05775915458798 38.691621169447899 40.972873035818338 34.747994013130665 46.782781109213829 42.393336459994316 19.370429731905464 20.152853295207024 102.00930093228817 10.625428196042774 8.0996030047535879 29.866717033088207 23.989592373371124 124.02351261675358 226.27589309215546 30.755084153264761 61.894819360226393 24.822680436074734 14.706761822104452 50.839918851852417 74.654936462640762 3923.8644039332867 753.56311091035604 50.523402392864227
leaf_count=26 218 83 91470 1157 96 1960 8778 447 299 216 473 211 166 110 549 49 45 135 102 641 1372 182 984 184 66 298 345 25384 4774 305
internal_value=-0.000683297 -0.0469879 -0.0498562 0.0556813 0.0214734 -0.0207566 -0.0507715 -0.035751 -0.0463937 0.0589497 0.0386701 0.00603889 -0.0387868 0.0117652 0.00723345 -0.0233922 0.0117456 0.032718 0.0346499 0.0351481 0.0549602 0.0253715 -0.0527783 -0.0312974 -0.0248489 0.0544444 0.0194785 0.0602588 0.0545136 0.0278295
internal_weight=12315.9 6761.33 6526.47 5554.57 484.438 214.249 6469.7 762.51 611.183 5070.14 307.436 127.872 176.916 61.1257 151.326 49.317 27.47 234.859 66.3829 228.545 270.188 43.9125 5707.19 86.7175 61.4895 56.7762 104.522 4762.7 838.835 85.2714
internal_count=141125 104398 103194 36727 4039 2389 102870 10232 9187 32688 2009 852 2171 409 1045 496 211 1204 313 1121 1650 278 92638 1168 539 324 480 30679 5295 521
is_linear=0
shrinkage=0.05


Tree=28
num_leaves=31
num_cat=0
split_feature=20 32 20 7 38 38 4 26 20 8 38 20 11 7 4 4 7 25 10 7 11 36 37 25 30 32 8 10 11 8
split_gain=12101.3 587.421 235.755 255.513 235.565 123.476 94.4013 154.862 68.7277 52.8334 72.63 48.6155 31.6752 37.2935 29.2315 24.6409 23.4062 20.2337 18.8985 18.0018 23.2203 16.1463 14.8673 14.3015 18.2807 13.2604 13.1334 13.2158 15.1906 12.2861
threshold=0.48684211075305944 0.90341374278068554 0.64495798945426952 0.42980295419692999 1.0000000180025095e-35 1.0000000180025095e-35 0.44949495792388922 0.62554347515106212 0.32291667163372045 0.26365442574024206 1.0000000180025095e-35 0.86190477013587963 0.14459930360317233 0.68356868624687206 0.41428571939468389 0.44949495792388922 0.5617378056049348 0.75000000000000011 0.93957647681236278 0.57947367429733287 0.098387096077203764 1.0000000180025095e-35 1.0000000180025095e-35 1.0000000180025095e-35 0.65323656797409069 0.14392431825399402 0.45889639854431158 0.91331186890602123 0.54692083597183239 0.56330129504203807
decision_type=2 2 2 2 2 2 2 2 2 2 2 2 2 2 2 2 2 2 2 2 2 2 2 2 2 2 2 2 2 2
left_child=1 4 3 5 25 -2 -6 8 -8 10 -4 15 13 -9 22 17 -10 -12 -3 20 29 -14 -7 24 -18 -1 -23 28 -28 -5
right_child=2 18 9 19 6 14 7 12 16 -11 11 -13 21 -15 -16 -17 23 -19 -20 -21 -22 26 -24 -25 -26 -27 27 -29 -30 -31
leaf_value=-0.017029533629898702 0.063781661788704078 0.017346222644790868 0.061209460539026851 0.062941486569605395 -0.052902793711925349 -0.049413688347877759 -0.052666125192220692 -0.050755843182526988 -0.037664876570169856 0.059554343825173432 -0.04471372843421012 0.03974473007747048 -0.022002983502643576 0.044886778682855413 0.010627854274946176 0.060166936853170462 -0.074222396212891256 0.021099807643169238 0.045949645918443575 0.059727753163366253 0.048552940157672558 0.083235590256159231 0.052322462629308231 0.046193279694020976 0.053104474487615433 0.061950146152015488 -0.014749695283156439 0.054934619713269767 0.026889813681386845 -0.056058987134097071
leaf_weight=5.9598005115985861 36.003060802817345 115.73471692204475 169.26188991963863 2.7433832213282576 5370.8226777501404 141.57320116087794 554.02166257053614 43.34282885119319 22.340551994740963 4563.0699694901705 46.051140941679478 82.724088534712791 23.589476216584444 13.325906574726103 26.112032938748598 9.08708308637142 6.6395275071263296 15.646337598562239 115.2548104301095 218.6631086319685 30.216904208064079 8.4761254414916021 3.6845075711607924 27.409528017044067 4.8989588767290115 49.085435464978218 35.989685114473104 20.560091257095337 55.959407679736614 10.359454084187744
leaf_count=26 218 572 1133 16 91732 2004 9318 534 237 30522 479 430 190 63 149 53 32 71 632 1372 182 47 18 139 23 298 193 92 270 80
internal_value=-0.000683071 -0.0466812 0.0549199 0.0210721 -0.0495785 -0.0203933 -0.0504947 -0.0346555 -0.0471082 0.0581715 0.038622 0.0137165 0.00341921 -0.0282651 -0.0380776 -0.016702 0.00313332 -0.0280236 0.0316182 0.053894 0.0244473 0.0158384 -0.0468331 0.0265351 -0.0201625 0.0533989 0.0232167 0.018695 0.0105917 -0.0311435
internal_weight=11828.6 6473.41 5355.2 469.356 6242.42 207.373 6187.38 816.554 615.31 4885.84 322.771 153.509 201.244 56.6687 171.37 70.7846 61.2886 61.6975 230.99 261.983 43.3197 144.575 145.258 38.948 11.5385 55.0452 120.985 112.509 91.9491 13.1028
internal_count=141125 104398 36727 4039 103194 2389 102870 11138 9749 32688 2166 1033 1389 597 2171 603 431 550 1204 1650 278 792 2022 194 55 324 602 555 463 96
is_linear=0
shrinkage=0.05


Tree=29
num_leaves=31
num_cat=0
split_feature=20 32 9 20 38 38 4 26 19 23 9 23 23 9 20 35 7 38 7 10 26 4 4 4 32 7 10 12 21 23
split_gain=11391.7 558.895 244.976 270.136 222.736 157.497 94.3897 149.191 74.729 29.4128 27.9866 27.3584 25.6958 49.8901 68.8649 33.87 35.026 21.1506 28.1727 23.5182 18.565 17.9563 17.8373 12.7123 12.6521 11.3558 11.25 11.1089 10.7669 10.5638
threshold=0.48684211075305944 0.90341374278068554 0.73448839783668529 0.75961539149284374 1.0000000180025095e-35 1.0000000180025095e-35 0.44949495792388922 0.66801077127456676 0.13188406080007556 1.0000000180025095e-35 0.77798241376876842 1.0000000180025095e-35 1.0000000180025095e-35 0.93036890029907238 0.77350428700447094 1.0000000180025095e-35 0.60208335518836986 1.0000000180025095e-35 0.067117117345333113 0.2362911254167557 0.80079364776611339 0.240384615957737 0.6904762089252473 0.73214286565780651 0.14392431825399402 0.54631218314170849 0.91331186890602123 0.11834733933210374 9.5000000000000018 1.0000000180025095e-35
decision_type=2 2 2 2 2 2 2 2 2 2 2 2 2 2 2 2 2 2 2 2 2 2 2 2 2 2 2 2 2 2
left_child=1 4 3 5 24 -2 -6 8 -8 23 -9 -7 13 14 15 -4 -17 -5 19 29 -3 -13 -22 -10 -1 -11 27 -12 -21 -19
right_child=2 20 12 17 6 11 7 10 9 25 26 21 -14 -15 -16 16 -18 18 -20 28 22 -23 -24 -25 -26 -27 -28 -29 -30 -31
leaf_value=-0.016118185651942795 0.062383953761865618 -0.055094886014868949 0.0508684081603136 0.060506814764403609 -0.052709208351516934 -0.048361560652566006 -0.052796387961730931 -0.04231505549131874 -0.037198031142440156 -0.021416113252843448 -0.015721605221699079 -0.028001956127022193 0.060149331402847374 0.058159474483147025 0.054148334801434654 -0.032108209646637506 0.048608127015021506 -0.0076288890571960437 0.054960673126606352 -0.015976222425907259 0.015474218832397371 0.048792340127282459 0.044397125984424753 0.0161592583182677 0.061057257718006956 0.071320475727463001 0.039049163845254566 0.015688849291633285 0.057380892264163354 0.05493539064744777
leaf_weight=5.9813656061887732 48.008837848901749 6.1741449460387221 25.900948047637939 211.60627719759941 5127.1746594943106 149.99205097183585 528.93752121180296 27.366349920630455 32.160680688917637 4.1357503570616272 40.960647407919168 19.001936540007595 3638.1819657683372 628.32525788992643 145.43098068237305 63.052688471972942 17.081274382770061 8.2713816016912443 110.12831522524357 41.538496032357216 88.965125627815723 12.699168503284453 132.99932281672955 17.097252018749714 47.356943279504776 16.356228582561016 31.726741395890713 89.995419733226299 5.6868508458137503 36.608920887112617
leaf_count=26 309 83 157 1475 91732 2157 9343 377 323 33 279 177 25380 4276 980 464 101 42 716 190 403 82 718 79 298 89 146 469 25 196
internal_value=-0.000683252 -0.0463796 0.0541839 0.0253219 -0.049315 -0.0181598 -0.0502321 -0.0341295 -0.0463816 0.00226419 0.00446648 -0.0394419 0.058295 0.0506271 0.0318062 0.00116301 -0.0149028 0.0494564 0.0378939 0.0174877 0.0304258 0.00276113 0.0328046 -0.0186779 0.0524028 0.0526041 0.012336 0.00586424 -0.0071426 0.0434049
internal_weight=11358.9 6197.39 5161.52 643.542 5969.25 229.702 5915.91 788.737 598.687 69.7499 190.049 181.693 4517.97 879.791 251.466 106.035 80.134 413.84 202.234 92.1056 228.139 31.7011 221.964 49.2579 53.3383 20.492 162.683 130.956 47.2253 44.8803
internal_count=141125 104398 36727 5369 103194 2725 102870 11138 9867 524 1271 2416 31358 5978 1702 722 565 2644 1169 453 1204 259 1121 402 324 122 894 748 215 238
is_linear=0
shrinkage=0.05


Tree=30
num_leaves=31
num_cat=0
split_feature=20 32 9 20 38 38 4 15 20 23 11 7 23 23 29 35 7 38 29 13 11 29 10 9 25 25 3 36 20 32
split_gain=10730.4 531.681 233.412 252.13 210.633 147.598 94.6377 144.104 97.9564 27.8949 26.9914 29.6503 26.2067 25.7809 49.3401 65.3657 45.6384 21.2066 29.6407 24.5314 19.1143 17.7523 17.6773 14.8956 13.0639 12.9991 12.8473 13.6784 12.3143 12.0869
threshold=0.48684211075305944 0.90341374278068554 0.73448839783668529 0.75961539149284374 1.0000000180025095e-35 1.0000000180025095e-35 0.44949495792388922 1.0000000180025095e-35 0.32291667163372045 1.0000000180025095e-35 0.19803921878337863 0.68356868624687206 1.0000000180025095e-35 1.0000000180025095e-35 0.18786764889955523 1.0000000180025095e-35 0.60208335518836986 1.0000000180025095e-35 0.26726190745830541 1.5000000000000002 0.035098522901535041 0.089087303727865233 0.93957647681236278 0.92157834768295299 0.75000000000000011 1.0000000180025095e-35 1.0000000180025095e-35 1.0000000180025095e-35 0.82843136787414562 0.14392431825399402
decision_type=2 2 2 2 2 2 2 2 2 2 2 2 2 2 2 2 2 2 2 2 2 2 2 2 2 2 2 2 2 2
left_child=1 4 3 5 29 -2 26 8 -8 23 11 -9 24 14 15 -4 28 -5 19 20 -19 -14 -3 -10 -7 -25 -6 -28 -17 -1
right_child=2 22 13 17 6 12 7 10 9 -11 -12 -13 21 -15 -16 16 -18 18 -20 -21 -22 -23 -24 25 -26 -27 27 -29 -30 -31
leaf_value=-0.01526046604785098 0.061645327505307074 0.015584774071733802 0.055523493864854605 0.059889990210165334 -0.052640456746583436 -0.049227005945511791 -0.052217082460045451 -0.049276142082284785 -0.041847640883715509 0.056625761187726747 0.021191724361944986 0.040704350588640276 -0.025446619033262376 0.05951183229888745 0.05575712501362582 -0.0358789156781514 0.05550586913965852 -0.02409438074573074 0.059358034449004837 0.038455761692993702 0.065986450514366676 0.053037611312438282 0.043641207405050703 -0.034301523962089894 0.1094191293841052 0.039166974167784079 -0.045401753684325918 0.072576726166558927 0.05654930803706576 0.060218461594450649
leaf_weight=6.0011468529701224 46.200673341751099 114.27789767086506 86.729626104235649 203.30652062594891 4883.7844891212881 143.03742887824774 530.37763955071568 32.891725637018681 21.557610780000687 22.3600929453969 115.80921866744757 12.68655042350292 20.12740953266621 3496.8758286237717 683.4867267459631 54.990577664226294 21.358380526304245 36.187631472945213 84.198139354586601 70.120708405971527 7.0334589183330527 11.222013823688028 110.3603532537818 9.155855633318426 1.3095194399356831 17.583144783973694 5.8917982019484025 4.2139449864625931 3.856343910098075 45.658838212490082
leaf_count=26 309 572 584 1475 91603 2151 9601 404 244 130 575 59 193 25380 4819 428 125 183 578 366 42 66 632 43 6 82 102 27 22 298
internal_value=-0.000682488 -0.0460838 0.0535119 0.0248829 -0.0490533 -0.0178774 -0.0499712 -0.0335855 -0.0448496 0.0104539 0.00836383 -0.0242304 -0.0387885 0.057613 0.0498051 0.0254358 -0.00709945 0.0485538 0.0368866 0.0201933 -0.00943534 0.00264803 0.0293683 -0.0109224 -0.0477878 0.0140102 -0.0525239 0.00379352 -0.0298219 0.0514504
internal_weight=10902.7 5932.61 4970.04 622.744 5707.97 221.897 5656.31 762.422 601.034 70.6567 161.387 45.5783 175.696 4347.3 850.422 166.935 80.2053 400.846 197.54 113.342 43.2211 31.3494 224.638 48.2966 144.347 26.739 4893.89 10.1057 58.8469 51.66
internal_count=141125 104398 36727 5369 103194 2725 102870 11138 10100 499 1038 463 2416 31358 5978 1159 575 2644 1169 591 225 259 1204 369 2157 125 91732 129 450 324
is_linear=0
shrinkage=0.05


Tree=31
num_leaves=31
num_cat=0
split_feature=21 29 32 23 29 26 4 9 22 35 10 23 9 13 35 9 6 9 10 11 13 35 9 29 23 11 35 11 35 22
split_gain=9284.31 520.736 501.766 451.626 171.33 134.307 199.622 111.349 57.7787 47.7282 39.5474 35.5084 30.7115 29.113 26.8912 26.5961 18.9492 18.6021 38.0862 16.55 17.3537 16.5435 26.9779 16.4825 24.5972 23.0847 15.1694 19.1925 13.9907 12.0437
threshold=2.5000000000000004 0.13397436589002612 0.90341374278068554 1.0000000180025095e-35 0.091372914612293257 0.70183873176574718 0.44949495792388922 0.90673154592514049 0.73827838897705089 1.0000000180025095e-35 0.76631206274032604 1.0000000180025095e-35 0.87668499350547802 4.5000000000000009 1.0000000180025095e-35 0.77798241376876842 2.5000000000000004 0.62626725435256969 0.2362911254167557 0.03637566231191159 1.5000000000000002 1.0000000180025095e-35 0.7278534770011903 0.23606811463832858 1.0000000180025095e-35 0.035098522901535041 1.0000000180025095e-35 0.067816093564033522 1.0000000180025095e-35 0.562859207391739
decision_type=2 2 2 2 2 2 2 2 2 2 2 2 2 2 2 2 2 2 2 2 2 2 2 2 2 2 2 2 2 2
left_child=2 3 4 7 5 -1 10 8 13 17 26 29 -11 21 -9 -8 -4 18 -5 20 -20 22 -2 24 25 -3 27 -7 -17 -6
right_child=1 23 16 9 11 6 15 14 -10 12 -12 -13 -14 -15 -16 28 -18 -19 19 -21 -22 -23 -24 -25 -26 -27 -28 -29 -30 -31
leaf_value=-0.052370873506135923 -0.03688149713119427 -0.021991133167201318 0.0098478750688854692 0.055539440025267062 -0.0081156104572265523 -0.037626912571346149 -0.03542039866132015 0.059143488667531802 0.027264921290168439 -0.028890514347356646 0.022347269603308881 0.070109720182818622 0.052979676782920926 0.026420463146198888 -0.015214398932697446 0.050842517556823202 0.039881072914810162 0.059568758782843359 -0.029731119843289494 0.061101340555416453 0.023517384992426726 -0.052083670279044217 0.028835991801260247 0.058421400235509083 0.056349920092759347 0.038024629571105459 -0.051246390609049008 0.061798440750198802 0.013044063470273263 0.084221551430052832
leaf_weight=4545.1498612873256 136.43766454979777 20.256785564124584 84.83051785081625 143.30306039750576 42.496564321219921 18.162375342100862 25.487547069787979 47.588279601186514 37.93464957550168 32.279954008758068 20.185663368552923 28.988319206982851 17.755597539246082 16.762601636350155 16.331728514283895 29.177548490464687 137.89276002347469 293.08534753322601 26.612591207027435 13.953117296099661 35.997894506901503 166.80101976171136 17.635107155889273 3630.4705642461777 193.11245903372765 76.654000021517277 444.99646622315049 6.6239346861839286 152.09655935689807 3.8514540940523139
leaf_count=89081 2144 125 436 1024 359 313 359 345 312 401 249 181 124 158 140 207 772 2191 199 102 238 2719 129 27371 1388 487 8675 50 824 22
internal_value=-0.000681984 0.049282 -0.0450817 0.0171234 -0.0481614 -0.0492373 -0.0287956 -0.0208602 -0.031243 0.0467749 -0.0461814 0.0267049 0.000161912 -0.0378165 0.0401449 0.0124038 0.0284421 0.0513218 0.0403284 0.0118582 0.000884104 -0.0411723 -0.0293595 0.0575051 0.0460347 0.0254798 -0.0491259 -0.0110563 0.019128 -0.000442524
internal_weight=10462.9 4922.97 5539.94 1002.48 5317.22 5241.88 696.73 439.491 375.571 562.988 489.968 75.3363 50.0356 337.636 63.92 206.762 222.723 512.952 219.867 76.5636 62.6105 320.874 154.073 3920.49 290.023 96.9108 469.783 24.7863 181.274 46.348
internal_count=141125 39597 101528 10226 100320 99758 10677 5947 5462 4279 9287 562 525 5150 485 1390 1208 3754 1563 539 437 4992 2273 29371 2000 612 9038 363 1031 381
is_linear=0
shrinkage=0.05


Tree=32
num_leaves=31
num_cat=0
split_feature=20 32 9 20 38 38 9 26 19 7 33 23 9 20 38 7 25 38 29 13 10 23 29 15 6 10 12 21 21 29
split_gain=9532.65 482.37 215.342 222.28 193.567 134.332 87.9776 129.548 68.3389 36.0717 30.636 25.9063 47.1695 61.1301 30.3062 24.6616 23.6443 22.0717 28.7534 21.6754 19.5406 18.8428 18.1403 35.7519 17.8809 17.3138 12.653 11.6448 11.0681 13.8529
threshold=0.48684211075305944 0.90341374278068554 0.73448839783668529 0.75961539149284374 1.0000000180025095e-35 1.0000000180025095e-35 0.88929614424705516 0.53957813978195202 0.15075758099555972 0.77913278341293346 1.0000000180025095e-35 1.0000000180025095e-35 0.93036890029907238 0.77350428700447094 1.0000000180025095e-35 0.6885775923728944 0.75000000000000011 1.0000000180025095e-35 0.26726190745830541 1.5000000000000002 0.76631206274032604 1.0000000180025095e-35 0.055363984778523452 1.0000000180025095e-35 2.5000000000000004 0.84660634398460399 0.41421362757682806 8.5000000000000018 5.5000000000000009 0.13397436589002612
decision_type=2 2 2 2 2 2 2 2 2 2 2 2 2 2 2 2 2 2 2 2 2 2 2 2 2 2 2 2 2 2
left_child=1 4 3 5 10 -2 9 8 -8 -6 -1 12 13 14 -4 26 20 -5 19 27 -7 -10 23 -9 -3 -25 28 -19 29 -16
right_child=2 24 11 17 6 16 7 22 21 -11 -12 -13 -14 -15 15 -17 -18 18 -20 -21 -22 -23 -24 25 -26 -27 -28 -29 -30 -31
leaf_value=-0.10501595528113264 0.060748191438005222 0.0091415263937825661 0.061136127320148642 0.058910438116498577 -0.052077465288709629 -0.04744988086847951 -0.052249771280234975 -0.049120264414581338 -0.0065343724682346413 0.028658499234538372 0.060362057382686754 0.05836959127539481 0.056113704759249261 0.051810532134985869 -0.042314473041484363 0.057644492044584307 0.032140307844788406 -0.023374418580781504 0.05799934283793106 0.035805339734814021 0.0290996098153702 0.067246850497292551 0.061106840505182142 -0.00010154483874300487 0.038487384444403819 0.039982167252959999 0.030155404153866645 0.040530154287860651 -0.079991802192520764 0.010031616402908519
leaf_weight=2.9815712869167319 43.524056240916252 84.442157812416553 16.867787674069405 189.21902698278427 4561.0434184893966 145.45667342841625 392.40439501777291 28.459900837391615 30.07641888782382 13.876876335591076 46.079458996653557 3226.6843163445592 561.69901802390814 131.00476671755314 32.691604841500521 10.947848178446291 11.211420275270937 33.35137065500021 77.940609753131866 68.193667382001877 8.843546908348797 12.149073764681814 13.865786619484423 81.668203845620155 134.72843413800001 40.200941801071167 9.7529062516987306 9.0666048824787122 9.7603262029588205 20.605202242732048
leaf_count=12 309 435 116 1475 93151 2305 7940 379 230 121 312 25380 4276 980 300 69 57 173 578 366 54 81 76 713 769 179 66 52 58 113
internal_value=-0.00068027 -0.0454869 0.0522492 0.0239548 -0.0485363 -0.0174143 -0.0494737 -0.031452 -0.045746 -0.0518326 0.0503116 0.0563793 0.0482845 0.0292987 -9.4751e-06 -0.0123234 -0.0379684 0.046846 0.0347389 0.0183489 -0.0430625 0.0146939 0.00638488 0.00133753 0.027181 0.0131209 -0.0228439 -0.00971517 -0.0310412 -0.0220768
internal_weight=10048.8 5441.98 4606.82 586.807 5222.81 209.036 5173.75 598.825 434.63 4574.92 49.061 4020.01 793.329 231.63 100.626 83.7579 165.512 377.771 188.552 110.612 154.3 42.2255 164.195 150.329 219.171 121.869 72.81 42.418 63.0571 53.2968
internal_count=141125 104398 36727 5369 103194 2725 102870 9598 8251 93272 324 31358 5978 1702 722 606 2416 2644 1169 591 2359 311 1347 1271 1204 892 537 225 471 413
is_linear=0
shrinkage=0.05


Tree=33
num_leaves=31
num_cat=0
split_feature=19 9 26 38 9 23 38 19 5 26 19 30 29 10 25 38 29 10 9 23 8 19 35 10 4 26 11 22 23 38
split_gain=8715.16 540.342 404.33 231.931 159.232 162.018 117.838 83.7136 45.8118 38.8641 38.2628 61.5266 30.257 22.6038 18.1103 17.2172 27.3526 17.9767 18.7626 16.8966 29.6687 36.1465 19.8869 17.3881 15.4809 13.3712 12.4995 11.9875 11.802 9.72448
threshold=0.26794873178005224 0.90002635121345531 0.48755165934562689 1.0000000180025095e-35 0.73448839783668529 1.0000000180025095e-35 1.0000000180025095e-35 0.15075758099555972 0.77500000596046459 0.55760720372200023 0.096006143838167204 0.14814770966768268 0.24037037044763568 0.89022758603096019 0.75000000000000011 1.0000000180025095e-35 0.18786764889955523 0.2362911254167557 0.62328508496284496 1.0000000180025095e-35 0.82426470518112194 0.43874999880790716 1.0000000180025095e-35 0.85270008444786083 0.41428571939468389 0.41396726667881018 0.03637566231191159 0.77158385515213024 1.0000000180025095e-35 1.5000000000000002
decision_type=2 2 2 2 2 2 2 2 2 2 2 2 2 2 2 2 2 2 2 2 2 2 2 2 2 2 2 2 2 2
left_child=1 3 7 25 5 6 -2 -3 -5 -10 11 13 14 24 -8 -7 17 -17 26 20 21 22 -6 27 29 -1 -19 -24 -9 -4
right_child=4 2 10 8 19 15 12 28 9 -11 -12 -13 -14 -15 -16 16 -18 18 -20 -21 -22 -23 23 -25 -26 -27 -28 -29 -30 -31
leaf_value=-0.01586913338258877 0.059406789816894026 -0.051979728779919965 0.061022026302412394 -0.051769195176914501 0.051836142622865622 0.05837262848954048 -0.045941204910473571 0.0031832337555515243 -0.045573123099574543 0.028470855028966152 0.05807161140553712 -0.042147833687428304 0.042431223113049803 0.039222585061257517 0.08221179136040363 0.046161721673565186 0.058537185425891591 -0.020248590425636349 0.053680224723218997 0.057825716804191046 0.056959940251529298 0.04732395771095229 -0.031886731576963624 0.046010321651714446 0.019685466431460102 0.059946381188958099 0.059992835587473647 0.061019137687471539 0.058260271282339626 -0.035220026051044129
leaf_weight=6.5874720662832251 43.175490953028202 338.52842982858419 2.9878603145480183 4414.1486129015684 17.666097529232502 163.78608755767345 118.6928598061204 29.875106915831566 38.362705983221531 32.937493994832039 79.463584955781698 36.131798539310694 11.340774133801458 170.28287497162819 2.8223645240068427 38.282246440649033 76.630791023373604 44.578415140509605 14.160724997520445 3031.5040589645505 460.70986772328615 190.08377718925476 39.318750012665987 11.293417066335676 132.36967883631587 49.632808320224285 5.4461918473243704 3.8083234131336203 14.421763002872465 21.593216605484486
leaf_count=32 330 7124 27 94031 121 1335 1792 204 770 213 556 511 75 946 14 233 583 266 92 24908 3673 1472 289 72 655 356 35 21 99 290
internal_value=-0.000679037 -0.0430978 -0.00588999 -0.049862 0.0525995 0.0266383 -0.0123543 -0.0435219 -0.051127 -0.0113681 0.0266428 0.0197697 -0.0356752 0.0266064 -0.0429647 0.0466565 0.035942 0.0190441 0.00287033 0.0561878 0.0493187 0.0358908 0.00574296 -0.00921991 0.0129185 0.0510629 -0.0115127 -0.0236827 0.0211147 -0.0235217
internal_weight=9640.62 5367.32 825.654 4541.67 4273.3 518.916 176.031 382.825 4485.45 71.3002 442.829 363.365 132.856 327.234 121.515 342.884 179.098 102.468 64.1853 3754.38 722.88 262.17 72.0866 54.4205 156.951 56.2203 50.0246 43.1271 44.2969 24.5811
internal_count=141125 105814 10412 95402 35311 4755 2211 7427 95014 983 2985 2429 1881 1918 1806 2544 1209 626 393 30556 5648 1975 503 382 972 388 301 310 303 317
is_linear=0
shrinkage=0.05


Tree=34
num_leaves=31
num_cat=0
split_feature=20 32 9 20 38 38 9 26 19 7 33 23 9 20 38 7 23 38 7 10 23 6 23 15 20 10 11 11 5 10
split_gain=8476.51 436.614 197.063 195.232 175.296 118.841 87.5451 119.848 56.8387 35.5616 27.8598 25.9691 44.6615 55.654 27.1803 22.2354 22.0726 21.8121 24.8772 18.4379 16.6588 16.5112 15.7198 23.7526 18.1572 15.0657 15.2459 14.274 13.1026 12.0073
threshold=0.48684211075305944 0.90341374278068554 0.73448839783668529 0.75961539149284374 1.0000000180025095e-35 1.0000000180025095e-35 0.88929614424705516 0.50885027647018444 0.15075758099555972 0.74133810400962841 1.0000000180025095e-35 1.0000000180025095e-35 0.93036890029907238 0.77350428700447094 1.0000000180025095e-35 0.6885775923728944 1.0000000180025095e-35 1.0000000180025095e-35 0.067117117345333113 0.2362911254167557 1.0000000180025095e-35 2.5000000000000004 1.0000000180025095e-35 1.0000000180025095e-35 0.32291667163372045 0.91331186890602123 0.51668518781661998 0.12060606107115747 0.63333335518836986 0.70659971237182628
decision_type=2 2 2 2 2 2 2 2 2 2 2 2 2 2 2 2 2 2 2 2 2 2 2 2 2 2 2 2 2 2
left_child=1 4 3 5 10 -2 9 8 -8 -6 -1 12 13 14 -4 -16 -7 -5 19 -19 -10 -3 23 24 -9 26 -25 28 -18 -28
right_child=2 21 11 17 6 16 7 22 20 -11 -12 -13 -14 -15 15 -17 27 18 -20 -21 -22 -23 -24 25 -26 -27 29 -29 -30 -31
leaf_value=-0.098811963685925 0.059578893617930541 0.0077761406430186296 0.059969021499611988 0.057922676159994316 -0.05177590610419839 -0.046111824936689125 -0.05199065277938221 -0.051152877617162446 -0.0088416493147289148 0.01888397538739936 0.059099785562861967 0.057355551542941322 0.054866774465290119 0.050380967612480176 -0.021963717142263015 0.056320656268915394 -0.030075372928699131 0.038391594639908433 0.051138961784478923 -0.0076267272897411588 0.063673017869949722 0.036298071979869666 0.068799407649880545 -0.022953835776544793 0.031559615191466432 0.05354286960840552 -0.019823083903888317 0.11478116612913553 0.047758565082697838 0.029660620087236314
leaf_weight=2.9861415624618521 40.21571122854948 83.38357075303793 15.669358342885969 174.02790284156799 4151.4148153364658 125.00014417991042 351.885562133044 30.126416698098183 28.75871666520834 17.883101485669613 43.211119450628757 2970.6584155634046 519.790831387043 122.3938914835453 70.906777355819941 10.401102632284163 19.799473803490407 41.00171385705471 92.750627711415291 46.397624254226685 10.930320173501967 129.61614806205034 9.0873217061161977 33.704689804464579 8.5091507621109468 18.562387555837631 15.98872624337673 2.5549367219209662 7.4384212642908087 52.556221008300781
leaf_count=12 309 435 116 1475 93105 2157 7830 460 223 167 312 25380 4276 980 537 69 198 238 716 215 76 769 58 287 59 86 207 15 46 312
internal_value=-0.00067756 -0.0449087 0.0511307 0.0231773 -0.0480327 -0.016999 -0.0489795 -0.0304195 -0.045593 -0.0514728 0.0488925 0.0552688 0.0468824 0.0279637 -0.000328978 -0.0119494 -0.0368941 0.0452981 0.0331026 0.0139619 0.0111288 0.0251325 0.00483479 0.00118928 -0.0329362 0.0121026 0.0045795 0.00177997 -0.00881963 0.0181181
internal_weight=9247.61 4988.6 4259.01 549.187 4775.6 195.009 4729.41 560.11 391.575 4169.3 46.1973 3709.82 739.162 219.371 96.9772 81.3079 154.793 354.178 180.15 87.3993 39.689 213 168.535 159.448 38.6356 120.812 102.25 29.7928 27.2379 68.5449
internal_count=141125 104398 36727 5369 103194 2725 102870 9598 8129 93272 324 31358 5978 1702 722 606 2416 2644 1169 453 299 1204 1469 1411 519 892 806 259 244 519
is_linear=0
shrinkage=0.05


Tree=35
num_leaves=31
num_cat=0
split_feature=20 32 29 23 38 38 4 26 8 20 20 33 23 11 38 13 11 7 10 10 5 29 10 15 20 7 38 25 7 28
split_gain=7992.48 416.779 175.909 211.151 184.493 165.875 97.7436 126.604 75.5796 63.9943 26.5673 25.872 20.6794 18.6047 43.5656 19.8084 17.7182 29.2835 16.3455 12.4652 12.2488 11.1751 11.1729 12.6387 14.8243 10.7868 10.1075 9.89459 9.53536 8.50235
threshold=0.48684211075305944 0.90341374278068554 0.17875940352678302 1.0000000180025095e-35 1.0000000180025095e-35 1.0000000180025095e-35 0.44949495792388922 0.66801077127456676 0.73431372642517101 0.28174604475498205 0.87083333730697643 1.0000000180025095e-35 1.0000000180025095e-35 0.035098522901535041 1.0000000180025095e-35 1.5000000000000002 0.19803921878337863 0.68356868624687206 0.93957647681236278 0.66312056779861461 0.88194444775581371 0.18414442986249926 0.85028737783432018 1.0000000180025095e-35 0.38675214350223547 0.60208335518836986 2.5000000000000004 0.75000000000000011 0.54631218314170849 0.23011428862810138
decision_type=2 2 2 2 2 2 2 2 2 2 2 2 2 2 2 2 2 2 2 2 2 2 2 2 2 2 2 2 2 2
left_child=1 5 3 4 -2 11 22 9 10 -8 25 -1 21 14 -5 19 17 -9 20 -16 -3 -11 -7 24 -24 27 -22 -6 -14 -18
right_child=2 18 -4 13 8 6 7 16 -10 12 -12 -13 28 -15 15 -17 29 -19 -20 -21 26 -23 23 -25 -26 -27 -28 -29 -30 -31
leaf_value=-0.094265526153861953 0.058650158779825802 -0.013740911141692531 0.055908870838634196 0.057570660205280566 -0.046456745892424982 -0.051903087873728992 -0.051876858239857528 -0.047900716345357058 0.041629130226420875 -0.02820268632115279 0.041645316477708076 0.058391955185890979 -0.021208761753125197 0.057267387936981134 -0.023870579068741991 0.033916122369033429 0.057824616723851169 0.040166911852941793 0.03877643962533759 0.04036298171846029 -0.010796975229238778 0.03318329328083329 -0.052726901087646674 0.066560950717774028 0.13533953047936739 0.036701598733699291 0.032308584011234667 0.090600971607543324 0.067195049930482295 0.010550312076393198
leaf_weight=2.9739134907722464 88.376255787909031 34.640064660459757 3240.539800837636 131.45498100668192 173.18739925697446 3862.0598452575505 399.7870066948235 32.036213777959347 34.202956326305866 36.316693402826786 9.648998096585272 41.589311711490154 3.9058304168283948 309.09279368817806 36.137934885919094 56.017169039696455 10.305419646203516 13.381894558668135 100.2850037664175 9.5485783889889699 17.784541286528111 9.3158377707004529 11.392945829778911 4.0077747404575339 1.1539659872651089 4.0930288434028617 57.788101188838482 1.3269230723381031 13.924751430749893 123.38816287368536
leaf_count=12 721 167 28656 1155 2596 91455 9320 484 247 385 50 312 32 2626 243 340 63 64 632 65 101 42 245 24 8 22 304 6 88 660
internal_value=-0.000676 -0.0446177 0.0505909 0.0303899 -0.00246537 -0.0477893 -0.0487355 -0.0306701 -0.0267447 -0.0444726 -0.0391671 0.0482044 0.00217037 0.0492236 0.0385601 0.0139883 0.00502838 -0.0219527 0.0241701 -0.0104456 0.0108794 -0.0156708 -0.0517274 -0.0107387 -0.03543 -0.0435328 0.0221645 -0.0454146 0.04783 0.0141943
internal_weight=8869.66 4776.04 4093.63 853.087 310.836 4565.54 4520.98 642.362 222.459 463.25 188.256 44.5632 63.4631 542.251 233.159 101.704 179.112 45.4181 210.498 45.6865 110.213 45.6325 3878.61 16.5547 12.5469 178.607 75.5726 174.514 17.8306 133.694
internal_count=141125 104398 36727 8071 3642 103194 102870 11138 2921 9867 2674 324 547 4429 1803 648 1271 548 1204 308 572 427 91732 277 253 2624 405 2602 120 723
is_linear=0
shrinkage=0.05


Tree=36
num_leaves=31
num_cat=0
split_feature=20 32 9 23 38 38 9 26 20 20 7 23 10 20 35 5 33 38 7 10 23 38 26 10 10 5 25 5 9 20
split_gain=7537.6 397.905 182.707 173.28 156.981 121.68 87.8561 111.374 55.8978 33.2473 32.7393 26.4045 43.362 49.1469 34.5458 26.4656 24.0791 19.0311 29.0155 26.4145 17.6479 17.5177 15.678 15.1254 13.3032 12.0738 11.6107 11.3192 10.6793 10.8532
threshold=0.48684211075305944 0.90341374278068554 0.73448839783668529 1.0000000180025095e-35 1.0000000180025095e-35 1.0000000180025095e-35 0.87885165214538585 0.53957813978195202 0.28174604475498205 0.90692642331123363 0.74133810400962841 1.0000000180025095e-35 0.84273937344551098 0.77350428700447094 1.0000000180025095e-35 0.88194444775581371 1.0000000180025095e-35 1.0000000180025095e-35 0.05298245698213578 0.2362911254167557 1.0000000180025095e-35 2.5000000000000004 0.80079364776611339 0.93127068877220165 0.85270008444786083 0.58571431040763866 0.75000000000000011 0.88194444775581371 0.98350000381469738 0.15587044507265094
decision_type=2 2 2 2 2 2 2 2 2 2 2 2 2 2 2 2 2 2 2 2 2 2 2 2 2 2 2 2 2 2
left_child=1 4 3 5 16 -2 10 8 -8 24 -6 12 13 14 -4 -16 -1 -5 19 -19 -10 25 -3 27 26 -9 -7 -24 -27 -30
right_child=2 22 11 17 6 9 7 21 20 -11 -12 -13 -14 -15 15 -17 -18 18 -20 -21 -22 -23 23 -25 -26 28 -28 -29 29 -31
leaf_value=-0.090324416869721091 0.058230968402668219 -0.055158952724407732 0.048249293457802246 0.05708913053741102 -0.051608479384110853 -0.047823136353623515 -0.051816085463494949 -0.033652589925395042 -0.012115961110097016 0.051168884462544466 0.019652026613410298 0.056451945357294635 0.054526534837155499 0.047854146055141586 -0.033462913923967483 0.038403477634344783 0.057719050063520697 0.043016947478815321 0.052421017156167718 -0.014206933698659139 0.057282588895488262 0.049720388077544558 -0.014202884523433577 0.039060397509789922 0.075984513008031371 0.0093196666982720538 0.088254091436122228 0.022791485976702257 -0.058694149148151166 0.021353425570403012
leaf_weight=2.9490827172994605 42.744834363460541 6.1795267984271041 28.446281276643276 154.10964158177376 3726.5672737956047 131.73608952760696 353.46160487830639 26.084459632635117 36.251296669244766 9.8074359223246557 16.188037004321814 2732.1895215883851 452.74951145797968 134.03138776868582 55.349878866225481 16.668496422469616 40.010498963296413 36.372527662664652 90.313110835850239 45.260795161128044 12.258529048413036 17.825384192168713 29.584379412233829 103.22182974219322 2.2654452919960013 113.95237743109465 1.5864539593458165 68.673792213201523 12.388945367187263 6.4334490150213233
leaf_count=12 363 83 216 1421 91934 2257 8682 568 352 63 152 25380 4007 1175 464 116 312 233 745 267 88 109 135 641 13 766 7 345 169 50
internal_value=-0.000674963 -0.0443341 0.0500697 0.0222812 -0.0475516 -0.0159295 -0.048497 -0.0303657 -0.0449087 -0.0377319 -0.0513003 0.0542483 0.0454878 0.0280364 0.00159731 -0.0168296 0.0475562 0.0443295 0.0328935 0.0112897 0.00542119 0.00272062 0.0232882 0.0256943 -0.0441623 -0.00255317 -0.0462039 0.0116529 0.00355652 -0.0313341
internal_weight=8505.66 4572.03 3933.63 514.196 4364.37 188.14 4321.41 578.656 401.971 145.395 3742.76 3419.44 687.246 234.496 100.465 72.0184 42.9596 326.056 171.946 81.6333 48.5098 176.685 207.66 201.48 135.588 158.859 133.323 98.2582 132.775 18.8224
internal_count=141125 104398 36727 5369 103194 2703 102870 10784 9122 2340 92086 31358 5978 1971 796 580 324 2666 1245 500 440 1662 1204 1121 2277 1553 2264 480 985 219
is_linear=0
shrinkage=0.05


Tree=37
num_leaves=31
num_cat=0
split_feature=20 32 9 20 38 38 4 26 19 23 10 20 35 36 5 33 38 29 4 23 6 20 9 10 37 11 10 3 23 32
split_gain=7109.38 379.622 175.431 167.647 148.528 101.031 99.4685 120.129 46.9784 25.8297 41.8363 45.4535 32.5454 23.7529 23.668 22.4519 20.8605 26.0002 19.8675 17.5451 15.0576 14.0468 13.7773 13.4365 13.282 12.9548 14.0418 12.8586 10.6362 10.003
threshold=0.48684211075305944 0.90341374278068554 0.74093884229660045 0.75961539149284374 1.0000000180025095e-35 1.0000000180025095e-35 0.44949495792388922 0.53957813978195202 0.13714733719825747 1.0000000180025095e-35 0.84273937344551098 0.77350428700447094 1.0000000180025095e-35 1.0000000180025095e-35 0.88194444775581371 1.0000000180025095e-35 1.0000000180025095e-35 0.26726190745830541 0.44949495792388922 1.0000000180025095e-35 2.5000000000000004 0.90692642331123363 0.87885165214538585 0.91545844078063976 1.0000000180025095e-35 0.54692083597183239 0.65142410993576061 1.0000000180025095e-35 1.0000000180025095e-35 0.46066769957542425
decision_type=2 2 2 2 2 2 2 2 2 2 2 2 2 2 2 2 2 2 2 2 2 2 2 2 2 2 2 2 2 2
left_child=1 4 3 5 15 -2 27 8 -8 10 11 12 -4 -9 -14 -1 -5 19 24 21 -3 -18 -10 25 -7 26 29 -6 -24 -15
right_child=2 20 9 16 6 18 7 13 22 -11 -12 -13 14 23 -16 -17 17 -19 -20 -21 -22 -23 28 -25 -26 -27 -28 -29 -30 -31
leaf_value=-0.086878282844385105 0.058060899191762876 0.0058371917947715093 0.048331573671695438 0.056665554722460681 -0.051597405962742982 -0.047223651356217207 -0.051915300052198243 -0.031135605116295758 -0.040490977571806967 0.056043917509350241 0.054071516683074743 0.047086184616353277 -0.031743511662203398 0.10524678357701783 0.037099984009439362 0.057077779055875216 -0.047375563957248984 0.055458795253281158 0.012317038879213763 0.02632161795143298 0.033550082662734425 0.044271699475808501 0.00032408973747201153 0.042205119126885883 0.021436578675596906 0.021526302298379058 -0.01892524632395047 0.010167630788827254 0.062534820261654619 0.0044131853076298166
leaf_weight=2.913631707429885 35.911857165396214 81.571596994996071 27.252393543720245 155.4705522954464 3521.5768034532666 116.06382274255157 348.44522872939706 42.903152924031019 15.043985657393931 2611.1768929511309 434.37637689709663 128.96483597159386 54.526627793908119 4.0528506673872453 16.192050736397505 38.475927725434303 16.359767518937591 68.069372348487377 18.642346307635307 82.498997405171394 122.81137642264366 5.6163079589605323 26.291933175176382 28.02463224157691 7.4986160546541205 58.850509218871593 62.55368784442544 8.446707431226967 9.3011599257588369 6.2564768493175507
leaf_count=12 312 435 213 1499 91603 2272 8955 660 220 25316 4004 1171 459 32 115 312 97 613 121 473 769 28 151 149 34 296 541 129 62 72
internal_value=-0.000673294 -0.044044 0.0495715 0.0221769 -0.0473025 -0.0168739 -0.0482466 -0.0294562 -0.0453756 0.0538084 0.0449816 0.0275826 0.00190882 0.00189555 -0.0159808 0.0469439 0.0433821 0.031413 -0.0357976 0.0157463 0.0224895 -0.0239538 -0.000374792 0.0107672 -0.0430569 0.00407817 -0.0100145 -0.0514496 0.016581 0.0440534
internal_weight=8156.14 4377.52 3778.62 506.132 4173.14 178.117 4131.75 601.724 399.082 3272.49 661.312 226.936 97.9711 202.641 70.7187 41.3896 328.015 172.544 142.205 104.475 204.383 21.9761 50.6371 159.738 123.562 131.714 72.863 3530.02 35.5931 10.3093
internal_count=141125 104398 36727 5449 103194 2739 102870 11138 9388 31278 5962 1958 787 1750 574 324 2710 1211 2427 598 1204 125 433 1090 2306 941 645 91732 213 104
is_linear=0
shrinkage=0.05


Tree=38
num_leaves=31
num_cat=0
split_feature=19 4 26 38 9 19 38 19 10 11 38 29 13 33 25 10 19 8 35 4 10 7 29 27 26 5 11 19 29 27
split_gain=6504.65 464.014 344.419 167.373 131.97 114.89 76.8344 69.2674 34.25 25.9839 22.0751 26.4592 21.587 21.3213 19.2006 19.0245 18.3034 30.4922 20.0457 21.7688 17.6603 17.5769 15.7309 24.7148 15.0601 12.1562 10.921 10.522 10.2263 22.4193
threshold=0.26794873178005224 0.44949495792388922 0.53957813978195202 1.0000000180025095e-35 0.73448839783668529 0.48913043737411505 1.0000000180025095e-35 0.13714733719825747 0.88805347681045543 0.063508063554763808 1.0000000180025095e-35 0.22886905074119571 1.5000000000000002 1.0000000180025095e-35 0.75000000000000011 0.87939393520355236 0.43874999880790716 0.76393190026283275 1.0000000180025095e-35 0.31666667759418493 0.88805347681045543 0.72850123047828685 0.052402745932340629 0.05755144730210305 0.059072781354188926 0.63333335518836986 0.035098522901535041 0.13188406080007556 0.041522989049553878 0.0989188887178898
decision_type=2 2 2 2 2 2 2 2 2 2 2 2 2 2 2 2 2 2 2 2 2 2 2 2 2 2 2 2 2 2
left_child=1 3 7 13 5 6 -2 -3 9 21 -7 12 26 -1 25 -9 17 18 -6 -20 -5 -4 23 -11 -17 -8 -12 -22 29 -10
right_child=4 2 8 20 16 10 14 15 28 22 11 -13 -14 -15 -16 24 -18 -19 19 -21 27 -23 -24 -25 -26 -27 -28 -29 -30 -31
leaf_value=-0.0838421863400136 0.056933378918772176 -0.051849305711362703 -0.037107554369981428 -0.051278363423432338 0.051714836826086477 0.056333537163275042 -0.04837531683616994 -0.021809564618754329 0.033379314088416351 0.016224930375587351 -0.025875848000014079 0.053548023054655107 0.031924911632415925 0.057211805260134467 0.031033959394002164 -0.059006040747645053 0.054975888213206453 0.05431206743350761 -0.050032003731459176 0.019052369447679095 -0.0095278260323827524 0.047833375511740717 0.0545663283082682 -0.052201208052675807 0.046716087516449734 0.0020907785739291682 0.050157927199921126 0.12136977360651507 0.056732984506576323 -0.052625522285660864
leaf_weight=2.8692899495363227 29.838886238634586 337.84600081294775 42.181669164448977 3407.5697846822441 34.390863187611103 137.31107541173697 81.166963405907154 31.41376880928874 166.59905192255974 160.90780387818813 34.521357461810112 67.227781541645527 60.149913050234318 40.40986255556345 10.260863594710825 3.8498897552490261 2772.869528234005 176.88019539415836 14.253836423158644 57.010598346590996 7.6928395517170411 7.1181815862655631 23.03181941062212 14.375245597213505 26.939268305897713 13.989308748394249 5.4711951948702326 1.9180090576410291 42.829421646893024 7.9383823685348025
leaf_count=12 286 9032 719 92296 300 1379 1653 339 1009 864 236 613 380 330 55 19 28029 1669 147 411 104 40 170 232 175 109 44 11 363 99
internal_value=-0.000671722 -0.0416622 -0.00890781 -0.04985 0.050054 0.0244503 -0.0138993 -0.0429219 0.0203564 0.00764212 0.0414747 0.0292845 0.0129958 0.0478603 -0.0339489 0.00556581 0.0537406 0.041617 0.0203639 0.00523457 -0.0510875 -0.0248433 0.0157178 0.0106132 0.0334965 -0.0409561 -0.015474 0.016595 0.0348399 0.0294676
internal_weight=7820.83 4325.49 865.031 3460.46 3495.34 439.937 135.256 400.049 464.982 247.615 304.681 167.37 100.142 43.2792 105.417 62.2029 3055.41 282.535 105.655 71.2644 3417.18 49.2999 198.315 175.283 30.7892 95.1563 39.9926 9.61085 217.367 174.537
internal_count=141125 105814 13061 92753 35311 4755 2103 9565 3496 2025 2652 1273 660 342 1817 533 30556 2527 858 558 92411 759 1266 1096 194 1762 280 115 1471 1108
is_linear=0
shrinkage=0.05


Tree=39
num_leaves=31
num_cat=0
split_feature=20 15 4 9 23 38 29 38 10 20 23 10 20 38 20 5 10 38 29 23 9 13 9 38 29 38 25 4 9 13
split_gain=6328.8 347.672 272.901 162.203 147.422 103.51 77.2714 31.2904 29.0838 28.4808 26.7242 41.1759 42.0185 22.7493 22.1062 20.3655 19.5942 18.4913 26.1312 17.5201 16.3258 15.5269 13.2443 13.2192 12.9452 11.1165 10.5561 9.83089 9.44681 8.60129
threshold=0.48684211075305944 1.0000000180025095e-35 0.44949495792388922 0.74093884229660045 1.0000000180025095e-35 1.0000000180025095e-35 0.095619048923254027 1.0000000180025095e-35 0.76631206274032604 0.90692642331123363 1.0000000180025095e-35 0.84273937344551098 0.77350428700447094 1.0000000180025095e-35 0.15587044507265094 0.88194444775581371 0.93127068877220165 1.0000000180025095e-35 0.18786764889955523 1.0000000180025095e-35 0.81926664710044872 2.5000000000000004 0.98828431963920604 1.0000000180025095e-35 0.24037037044763568 1.0000000180025095e-35 0.75000000000000011 0.11805555596947671 0.90673154592514049 1.0000000180025095e-35
decision_type=2 2 2 2 2 2 2 2 2 2 2 2 2 2 2 2 2 2 2 2 2 2 2 2 2 2 2 2 2 2
left_child=1 6 8 4 5 -2 7 14 23 24 11 12 13 -5 -1 27 20 -6 21 -8 -4 -19 28 -3 26 -22 -7 -15 -10 -29
right_child=3 2 16 10 17 9 19 -9 22 -11 -12 -13 -14 15 -16 -17 -18 18 -20 -21 25 -23 -24 -25 -26 -27 -28 29 -30 -31
leaf_value=-0.08552377072581463 0.056943199338304287 0.057763549470128954 -0.028171848021646347 0.057414909972057587 0.055979387971921236 -0.048317385419670247 -0.010993829579393599 -0.051377235546597858 -0.013402436644448401 0.048073038904915433 0.055289622688121078 0.05306650529666234 0.045586818834297917 0.044930111058918157 0.062324554353973632 0.036686812154772229 0.037183471273042855 0.0011091959767038533 0.055818246123671179 0.048665392908745851 0.056721593040772733 0.042742487536975855 -0.071878776428301636 -0.049490256729580337 0.026563019765458162 0.012858662531658231 0.081013414852296448 -0.010781729790399854 0.062323137808811296 -0.049894454117202044
leaf_weight=3.3785392343997946 38.17289225757122 2.9015768468379965 23.160453032702208 15.008977785706518 137.26768910139799 115.82678943127394 42.938259921967983 3273.6584956906736 6.9503292292356553 9.2706869095563871 2397.0920577049255 400.13107550144196 119.52841817587614 4.8303659260272971 10.045782290399073 18.225122191011906 110.15095268934965 66.475354123860598 65.101898491382599 17.249997518956661 15.547131299972532 33.77174761146307 3.7884450554847708 290.59493982791901 6.3823039978742591 203.72434416785836 1.5995481312274922 29.537236299365759 10.108327083289621 26.818622153252363
leaf_count=15 368 25 388 138 1443 2238 424 93067 144 64 25316 4004 1171 32 69 139 719 448 624 130 152 215 19 8130 42 1029 7 205 87 273
internal_value=-0.000670299 -0.0434686 -0.0105029 0.0486264 0.0214348 -0.0156376 -0.0500369 -0.0510648 -0.0443766 -0.0364569 0.0529055 0.0435991 0.0258929 0.000961939 0.0251151 -0.00970784 0.0196969 0.0424142 0.0311529 0.00610455 0.0117518 0.0151348 0.0126887 -0.0484299 -0.0427864 0.0159687 -0.0465557 -0.0235271 0.0314697 -0.0293947
internal_weight=7499.24 4014.2 666.926 3485.04 473.869 171.252 3347.27 3287.08 314.344 133.079 3011.17 614.08 213.949 94.4203 13.4243 79.4113 352.583 302.617 165.349 60.1883 242.432 100.247 20.8471 293.497 123.809 219.271 117.426 61.1862 17.0587 56.3559
internal_count=141125 104398 10693 36727 5449 2719 93705 93151 8405 2351 31278 5962 1958 787 84 649 2288 2730 1287 554 1569 663 250 8155 2287 1181 2245 510 231 478
is_linear=0
shrinkage=0.05


Tree=40
num_leaves=31
num_cat=0
split_feature=20 9 26 19 38 9 23 38 7 20 19 27 33 23 8 20 38 26 19 38 7 4 26 32 13 26 38 4 4 21
split_gain=5971.02 416.06 196.593 119.847 108.523 88.8066 87.9696 76.399 46.6369 25.5998 19.4684 41.3719 18.0841 16.3216 27.3972 29.1643 19.8398 16.6194 16.9983 13.7509 25.9866 12.8076 17.0094 13.313 12.5034 12.3599 12.3022 19.2056 11.7452 11.5395
threshold=0.56696429848670971 0.89789974689483654 0.47083130478858953 0.19139194488525393 1.0000000180025095e-35 0.74785688519477855 1.0000000180025095e-35 1.0000000180025095e-35 0.68356868624687206 0.90692642331123363 0.096006143838167204 0.075237251818180098 1.0000000180025095e-35 1.0000000180025095e-35 0.82426470518112194 0.82843136787414562 1.0000000180025095e-35 0.02334665693342686 0.41885964572429663 1.0000000180025095e-35 0.05298245698213578 0.44949495792388922 0.77038103342056286 0.57149016857147228 2.5000000000000004 0.31051221489906317 1.5000000000000002 0.6904762089252473 0.41428571939468389 5.5000000000000009
decision_type=2 2 2 2 2 2 2 2 2 2 2 2 2 2 2 2 2 2 2 2 2 2 2 2 2 2 2 2 2 2
left_child=1 4 3 -3 12 6 7 -2 21 28 11 26 -1 14 15 16 -7 -18 29 -8 24 -6 -23 -24 -21 -10 -4 -28 -9 -19
right_child=5 2 10 -5 8 13 19 9 25 -11 -12 -13 -14 -15 -16 -17 17 18 -20 20 -22 22 23 -25 -26 -27 27 -29 -30 -31
leaf_value=-0.078623781674727111 0.056260767847398696 -0.050023374309099269 0.052104516123580497 0.030395869986240023 -0.051420872201840634 0.056428984461455091 0.055596152403236537 -0.047178685900960013 -0.04213050988661473 0.047208982543509082 0.056298635914052333 -0.039660451092345776 0.055508176550517443 0.054911376596920004 0.053929517203732194 0.051601350715989383 -0.05523180969276964 -0.0023615616823403269 0.032902811927043328 -0.0027985317213287896 0.052772769460374971 -0.047075832351059194 0.012050620878343053 -0.038089974077450954 0.039751000513458298 0.034505840455370251 0.0055068942679976536 0.031929292173371725 0.0057696220224558777 -0.084746043569592824
leaf_weight=2.756468057632449 35.233107797801495 255.136688798666 28.198540665209293 56.607537161558867 3021.8557751439512 22.219993345439434 129.9072583168745 70.219132978469133 7.0862831622362163 9.5449437052011472 31.224519163370132 31.363327380269766 28.436315812170506 2253.4757700115442 348.51524547487497 94.25858598202467 10.559634998440741 33.317433178424835 43.250359676778316 48.508043754845858 84.184952333569527 148.95734212175012 25.37707157805562 27.676337487995625 26.806986637413502 20.427573844790459 152.24432096257806 125.43914496153593 12.309634633362291 4.8720159232616416
leaf_count=12 362 7290 226 431 90525 222 1436 1236 167 69 246 585 240 24957 3697 967 90 203 369 281 796 3946 261 335 163 160 953 801 72 27
internal_value=-0.000668402 -0.0417874 -0.00619702 -0.0354206 -0.0491624 0.0498232 0.0282829 -0.00635454 -0.0500528 -0.030315 0.0185276 0.0150305 0.0436551 0.053017 0.0453529 0.0310152 0.0140267 0.00378552 0.0114378 0.0435195 0.0336836 -0.050606 -0.0384171 -0.0141062 0.0123462 0.0147679 0.0206382 0.0174428 -0.0392811 -0.0128718
internal_weight=7189.97 3962.79 680.214 311.744 3282.57 3227.18 416.714 127.307 3251.38 92.0737 368.47 337.245 31.1928 2810.47 556.993 208.478 114.219 91.9994 81.4398 289.407 159.5 3223.87 202.011 53.0534 75.315 27.5139 305.882 277.683 82.5288 38.1894
internal_count=141125 106178 10532 7721 95646 34947 4415 1739 95394 1377 2811 2565 252 30532 5575 1878 911 689 599 2676 1240 95067 4542 596 444 327 1980 1754 1308 230
is_linear=0
shrinkage=0.05


Tree=41
num_leaves=31
num_cat=0
split_feature=19 4 26 38 9 23 38 19 23 38 38 29 23 8 19 33 38 7 9 35 21 9 3 25 13 4 26 19 11 25
split_gain=5465.94 426.75 288.589 143.679 118.772 97.2359 72.9732 63.529 31.5131 30.9283 28.2957 19.5919 19.2491 29.4895 26.5937 17.4729 17.4222 23.8002 17.262 15.225 15.4707 14.6109 13.738 12.8993 12.8467 11.7775 10.4164 12.7005 12.8705 9.8633
threshold=0.26794873178005224 0.44949495792388922 0.53957813978195202 1.0000000180025095e-35 0.73448839783668529 1.0000000180025095e-35 1.0000000180025095e-35 0.13714733719825747 1.0000000180025095e-35 2.5000000000000004 1.0000000180025095e-35 0.28496241569519049 1.0000000180025095e-35 0.82426470518112194 0.48913043737411505 1.0000000180025095e-35 1.0000000180025095e-35 0.05298245698213578 0.77798241376876842 1.0000000180025095e-35 5.5000000000000009 0.87885165214538585 1.0000000180025095e-35 0.75000000000000011 1.5000000000000002 0.31666667759418493 1.0000000180025095e-35 0.68990385532379161 0.57979625463485729 1.0000000180025095e-35
decision_type=2 2 2 2 2 2 2 2 2 2 2 2 2 2 2 2 2 2 2 2 2 2 2 2 2 2 2 2 2 2
left_child=1 3 7 15 5 6 -2 -3 9 10 -4 23 13 14 19 -1 -7 24 -12 -6 25 -9 -5 -8 -18 -21 27 28 -16 -23
right_child=4 2 8 22 12 16 11 21 -10 -11 18 -13 -14 -15 26 -17 17 -19 -20 20 -22 29 -24 -25 -26 -27 -28 -29 -30 -31
leaf_value=-0.07648280554889389 0.05595467042549819 -0.051529983544310654 0.057393919374216451 -0.050850007138298708 0.046788104107196048 0.055309141963895352 -0.04113941025305734 -0.033454100934987865 0.05887885911968517 0.03251790065897249 -0.039276047407846251 0.046198429977317407 0.054608346000204283 0.053243896991507403 0.023688524275644943 0.055547730783366334 -0.014382565033487296 0.049775914270273128 0.0033904569660617098 -0.047576881414251156 -0.070590556809839 -0.015992104610072472 0.014702100068743652 0.071948014097885205 0.027212270701317143 0.015704209831124413 0.048171181011910258 0.040629878210765552 -0.10134242807703508 0.036829568219601767
leaf_weight=2.6935391128063193 30.713773138821125 293.90785326063633 22.328322969377041 2959.4034709148109 16.23316965252161 115.66213095188141 92.299139726907015 17.386141218245029 43.700399819761515 145.83584626019001 26.802388589829206 7.4419053867459288 2153.6084820441902 332.495760448277 4.1338916942477244 35.963103175163269 31.734556529670954 73.635904524475336 205.19712336733937 9.1916526816785318 8.444535128772257 12.611882261931894 8.0143082179129106 2.5924363061785689 44.725792694836855 36.749911062419415 113.77060771733522 13.146573677659033 4.0992684960365295 29.531955100595951
leaf_count=12 330 9032 218 92281 144 1335 1802 252 415 924 574 65 24908 3673 37 330 206 724 1365 113 59 76 130 14 279 259 1183 141 39 205
internal_value=-0.000666299 -0.0407998 -0.00827906 -0.0494253 0.0487218 0.0232567 -0.0116367 -0.0419897 0.0185639 0.0141612 0.00363519 -0.0319232 0.0524945 0.0440372 0.0291605 0.046348 0.0407255 0.0294875 -0.00153871 0.00429391 -0.00838976 0.00511206 -0.050673 -0.0380499 0.0099485 0.00304339 0.0421538 0.0101329 -0.0385641 0.0210223
internal_weight=6894.06 3803.38 797.302 3006.07 3090.68 398.806 133.047 353.438 443.864 400.164 254.328 102.333 2691.87 538.265 205.77 38.6566 265.758 150.096 232 70.6193 54.3861 59.53 2967.42 94.8916 76.4603 45.9416 135.15 21.3797 8.23316 42.1438
internal_count=141125 105814 13061 92753 35311 4755 2211 9565 3496 3081 2157 1881 30556 5648 1975 342 2544 1209 1939 575 431 533 92411 1816 485 372 1400 217 76 281
is_linear=0
shrinkage=0.05


Tree=42
num_leaves=31
num_cat=0
split_feature=20 26 9 9 20 38 29 10 38 23 8 20 38 38 29 20 10 10 13 23 11 38 11 26 21 29 10 25 10 11
split_gain=5321.76 326.035 201.88 145.031 126.201 75.958 72.0454 33.3158 27.2149 25.8727 37.621 35.7599 23.8201 20.133 23.8197 18.7797 17.403 17.0364 15.7763 15.3757 14.4818 14.3282 13.7642 13.08 14.2035 17.2409 12.8191 11.9485 10.4539 10.2585
threshold=0.48684211075305944 0.97260272502899181 0.83250457048416149 0.74785688519477855 0.75961539149284374 1.0000000180025095e-35 0.095619048923254027 0.70659971237182628 1.0000000180025095e-35 1.0000000180025095e-35 0.82426470518112194 0.82843136787414562 1.0000000180025095e-35 1.0000000180025095e-35 0.26726190745830541 0.15587044507265094 0.83910790085792553 0.76631206274032604 1.5000000000000002 1.0000000180025095e-35 0.12060606107115747 1.0000000180025095e-35 0.032795699313282974 0.017316341400146488 5.5000000000000009 0.12015037611126901 0.89022758603096019 0.75000000000000011 0.89022758603096019 0.57979625463485729
decision_type=2 2 2 2 2 2 2 2 2 2 2 2 2 2 2 2 2 2 2 2 2 2 2 2 2 2 2 2 2 2
left_child=1 6 21 4 5 -2 8 -4 15 10 11 12 -5 -6 18 -1 23 20 22 -8 27 -3 -15 29 25 -25 -9 -7 -23 -14
right_child=3 2 7 9 13 17 19 26 -10 -11 -12 -13 16 14 -16 -17 -18 -19 -20 -21 -22 28 -24 24 -26 -27 -28 -29 -30 -31
leaf_value=-0.080737912182931082 0.056110472298978947 0.057148568878066665 -0.0163000962043118 0.056083913817075462 0.055040865705352451 -0.047711149064504743 -0.010507988770824782 0.0099922224155694159 -0.051030653353319737 0.054280456188840857 0.052687367277205223 0.050669925602334846 -0.017768706318831772 -0.023120830598548723 0.053452961690547612 0.060509388831404255 0.034216683896156133 0.029829165350956317 0.029587164158724845 0.046771433202445895 0.042421065480148928 -0.049217368778387616 0.061519385383145733 -0.027039869401698537 -0.061734529334303359 0.025581730779717961 0.030465070363733367 0.012995761199624901 0.039670759333699748 -0.13679826601737946
leaf_weight=3.181395672261714 29.425262473523617 3.2919623702764502 79.099721927195787 22.505400985479355 127.76335729658604 99.074955616146326 41.514532696455717 154.80812360160053 2841.4338968768716 2095.038652792573 331.43080154433846 87.330504111945629 3.6850678995251647 33.892617955803871 59.289630442857742 9.0402646660804731 27.049335092306137 9.826790399849413 59.872099198400974 16.322288569062948 5.2336273305118075 225.34323678724468 5.5964103937149039 27.393115248531103 9.8280715830624086 36.051705814898014 151.0818875208497 8.8276874944567663 3.3570154085755339 3.5577850006520748
leaf_count=15 316 31 1542 238 1537 2259 424 1047 93067 25238 3788 967 26 187 655 69 249 71 374 130 69 7076 44 302 74 260 976 44 21 29
internal_value=-0.000663632 -0.0425941 -0.00957764 0.0473306 0.0207097 -0.0160514 -0.0495907 0.0126244 -0.0507104 0.0517489 0.0420851 0.0259217 0.00930556 0.0402687 0.0283725 0.0237416 -0.000481678 -0.0333199 0.0134067 0.00565699 -0.0388049 -0.0464218 -0.0111256 -0.0121386 -0.00580259 0.00286168 0.020104 -0.0427446 -0.0479126 -0.0762376
internal_weight=6611.15 3528.47 616.982 3082.67 438.802 152.388 2911.49 384.99 2853.66 2643.87 548.832 217.401 130.07 286.414 158.651 12.2217 107.565 122.963 99.3611 57.8368 113.136 231.992 39.489 80.5157 73.2729 63.4448 305.89 107.903 228.7 7.24285
internal_count=141125 104398 10693 36727 5556 2759 93705 3565 93151 31171 5933 2145 1178 2797 1260 84 940 2443 605 554 2372 7128 231 691 636 562 2023 2303 7097 55
is_linear=0
shrinkage=0.05


Tree=43
num_leaves=31
num_cat=0
split_feature=20 4 15 29 38 23 20 7 38 9 10 20 23 10 33 38 3 13 9 9 7 36 23 10 20 9 9 28 21 25
split_gain=5019.64 322.134 223.298 140.83 138.866 129.327 78.6014 45.4762 43.4008 36.5972 23.5536 22.4889 18.8875 16.0632 13.4307 13.1756 13.0861 12.6971 12.6718 10.4116 9.34342 8.89155 8.34969 14.0178 14.2013 9.05218 9.03169 8.27073 7.40716 7.31849
threshold=0.48684211075305944 0.44949495792388922 1.0000000180025095e-35 0.18414442986249926 1.0000000180025095e-35 1.0000000180025095e-35 0.28174604475498205 0.60208335518836986 1.0000000180025095e-35 0.62328508496284496 0.30068494379520422 0.87083333730697643 1.0000000180025095e-35 0.93127068877220165 1.0000000180025095e-35 1.0000000180025095e-35 1.0000000180025095e-35 1.0000000180025095e-35 0.82978430390357982 0.87885165214538585 0.067117117345333113 1.0000000180025095e-35 1.0000000180025095e-35 0.84660634398460399 0.89736840128898632 0.8216814696788789 0.66037222743034374 0.52182745933532726 2.5000000000000004 0.75000000000000011
decision_type=2 2 2 2 2 2 2 2 2 2 2 2 2 2 2 2 2 2 2 2 2 2 2 2 2 2 2 2 2 2
left_child=1 8 6 4 -2 7 -3 11 14 10 17 19 27 15 -1 -4 -10 -7 -17 29 -12 -18 23 24 25 26 -5 -8 -14 -6
right_child=3 2 13 22 5 9 12 -9 16 -11 20 -13 28 -15 -16 18 21 -19 -20 -21 -22 -23 -24 -25 -26 -27 -28 -29 -30 -31
leaf_value=-0.072669625912282501 0.055016287877951202 -0.050442914092165926 0.055830355746500873 0.031925693073641515 -0.044970250547171908 -0.064663042883456354 -0.041293421130148833 0.043691205501218855 -0.050827644771704983 0.049478569471779595 -0.045653774965237343 0.038748221185538161 0.079560675104662484 0.033773441378156299 0.052594909529795709 -0.029605001460090142 -0.04053667331125152 0.033609456606686947 0.010888055724783961 -0.0078417946312408487 0.019422903231436361 0.066739806669946597 0.054206694501030023 0.05212655203819673 0.055192600989390675 0.027385814103463271 -0.050381975230501058 0.0054888928843475678 0.018401157997224412 0.072251784703452657
leaf_weight=2.5510275214910498 259.56050125509501 294.78728643991053 14.715706162154673 5.5937248244881621 121.88018236123025 3.5203104428946963 13.13919188082218 22.15054627135396 2659.2250269521028 138.02746870741248 21.524992369115356 10.263386622071264 10.437007363885643 101.94318709522486 13.275947690010069 21.390227612107992 3.7772150337696067 49.562555119395256 199.66339807212353 24.239111457020044 7.4159092716872683 3.9530307911336422 1862.1784484684467 314.05485677719116 43.419257417321205 65.535140156745911 8.246542811393736 33.625849090516567 9.4179682247340661 1.3462117314338673
leaf_count=12 3174 9589 162 42 2500 21 227 187 91656 1493 150 67 73 719 109 392 102 318 1015 184 63 27 23555 3741 510 654 62 234 81 6
internal_value=-0.000660771 -0.0422714 -0.0120423 0.0469045 0.0265365 0.00805279 -0.0393579 -0.0233952 -0.0501489 0.0337598 0.00730859 -0.0328165 0.00969203 0.0171899 0.0324045 0.0100194 -0.0506388 0.0270923 0.00696975 -0.0377973 -0.0289783 0.0143215 0.0527472 0.046526 0.0322022 0.0196262 -0.0171163 -0.00765515 0.0505504 -0.0436896
internal_weight=6340.42 3381.9 699.12 2958.52 659.491 399.931 361.407 179.879 2682.78 220.051 82.0238 157.729 66.62 337.713 15.827 235.769 2666.96 53.0829 221.054 147.466 28.9409 7.73025 2299.03 436.85 122.795 79.3754 13.8403 46.765 19.855 123.226
internal_count=141125 104398 12492 36727 8163 4989 10204 2944 91906 2045 552 2757 615 2288 121 1569 91785 339 1407 2690 213 129 28564 5009 1268 758 104 461 154 2506
is_linear=0
shrinkage=0.05


Tree=44
num_leaves=31
num_cat=0
split_feature=19 4 26 9 23 19 35 23 19 23 11 7 19 8 9 35 4 10 10 10 11 25 34 23 10 10 11 26 21 21
split_gain=4590.82 395.281 243.187 107.953 80.3404 57.7544 43.3024 42.7494 33.0923 28.3669 23.2303 26.5833 20.0541 28.4763 17.069 16.6525 16.0927 15.8434 14.6623 14.0096 13.4029 12.8806 9.72198 9.59252 9.47425 25.3691 10.5419 9.43398 9.13293 8.98344
threshold=0.26794873178005224 0.44949495792388922 0.53957813978195202 0.73448839783668529 1.0000000180025095e-35 0.13714733719825747 1.0000000180025095e-35 1.0000000180025095e-35 0.48913043737411505 1.0000000180025095e-35 0.19803921878337863 0.68356868624687206 0.43874999880790716 0.76393190026283275 0.74785688519477855 1.0000000180025095e-35 0.31666667759418493 0.85028737783432018 0.87939393520355236 0.92637759447097789 0.93844696879386913 1.0000000180025095e-35 1.0000000180025095e-35 1.0000000180025095e-35 0.49752475321292883 0.2362911254167557 0.035098522901535041 0.10361093282699586 9.5000000000000018 3.5000000000000004
decision_type=2 2 2 2 2 2 2 2 2 2 2 2 2 2 2 2 2 2 2 2 2 2 2 2 2 2 2 2 2 2
left_child=1 6 5 4 8 -3 7 14 -2 10 11 -4 13 15 -1 -5 -17 -8 -7 -12 -19 -10 -16 29 25 -6 28 -20 -27 -18
right_child=3 2 9 12 24 18 17 -9 21 -11 19 -13 -14 -15 22 16 23 20 27 -21 -22 -23 -24 -25 -26 26 -28 -29 -30 -31
leaf_value=-0.04494320989696908 -0.033557384519491071 -0.051242734745918395 -0.042206670577638924 0.047906045926441203 0.04876499845780885 -0.020789369533534833 -0.050768741136446138 0.039703919940413231 -0.028074339745504856 0.057550888181283316 0.010386132529790201 0.034785765583871489 0.05287385851618083 0.051630405277418759 0.030008822851720213 -0.049380293008685572 0.020628552379732074 0.040110070095038995 -0.028543135942996734 0.031968757145860976 -0.059028863078610785 0.033033653896424202 -0.041618677720447014 0.04094585263860185 0.05177565320846933 -0.0095153463723447965 0.052172247127552897 0.043938395053946644 0.0488067356955997 -0.033420635507994748
leaf_weight=81.08569572493434 70.027582116425037 255.00561200641096 35.797388557344675 27.909796603024006 88.064452152699232 28.986951164901257 2471.2054897602648 23.943117121234536 11.052075952291487 39.279742129147053 218.85003882832825 16.323509640991688 2136.9942162409425 138.69873847812414 13.882327258586885 12.457615697756408 17.302157152444128 8.8349489886313659 5.5843860283494022 114.54244251176715 5.5512666236609212 39.243285287171602 7.1914162430912247 20.064236424863338 87.752421267330647 47.125360637903214 11.120744273066519 22.893628336489201 7.8274266682565203 13.835212130099533
leaf_count=2525 1660 9032 719 300 973 339 89271 337 126 415 1391 100 28029 1669 184 147 120 117 31 871 127 425 192 203 1028 346 121 163 76 88
internal_value=-0.000658492 -0.0398872 -0.0075563 0.0474736 0.0220529 -0.0410384 -0.049014 -0.0204304 -0.0113351 0.0170726 0.0129482 -0.0180938 0.0513632 0.0373437 -0.034524 0.0157037 0.00158537 -0.0504642 0.0042442 0.0178012 0.00185493 0.0196056 0.00556593 0.0139856 0.038661 0.0311946 0.00777635 0.0297252 -0.001208 -0.00338703
internal_weight=6078.43 3348.96 737.264 2729.48 362.213 312.471 2611.69 126.103 120.323 424.793 385.513 52.1209 2367.26 230.268 102.159 91.569 63.6592 2485.59 57.465 333.392 14.3862 50.2954 21.0737 51.2016 241.89 154.138 66.0735 28.478 54.9528 31.1374
internal_count=141125 105814 13061 35311 4755 9565 92753 3238 2211 3496 3081 819 30556 2527 2901 858 558 89515 533 2262 244 551 376 411 2544 1516 543 194 422 208
is_linear=0
shrinkage=0.05


Tree=45
num_leaves=31
num_cat=0
split_feature=19 4 26 38 29 38 11 19 23 23 23 38 38 10 9 33 10 7 10 9 26 25 8 26 12 10 19 26 29 19
split_gain=4327.39 384.303 228.08 121.113 107.177 102.354 98.2431 56.1985 40.7361 32.7984 27.1679 24.8932 25.1121 17.8572 14.1197 13.9231 13.8116 13.914 13.3998 12.6648 12.3336 12.0806 11.3178 10.3236 8.45102 7.953 7.69932 9.90104 7.64106 7.55321
threshold=0.26794873178005224 0.44949495792388922 0.53957813978195202 1.0000000180025095e-35 0.23606811463832858 1.0000000180025095e-35 0.035098522901535041 0.13714733719825747 1.0000000180025095e-35 1.0000000180025095e-35 1.0000000180025095e-35 2.5000000000000004 1.0000000180025095e-35 0.83424907922744762 0.98828431963920604 1.0000000180025095e-35 0.2362911254167557 0.05298245698213578 0.87939393520355236 0.77798241376876842 0.059072781354188926 0.75000000000000011 0.74709302186965953 0.41702897846698767 0.54226192831993114 0.30877573788166052 0.37797619402408605 0.48755165934562689 0.17875940352678302 0.7379862666130067
decision_type=2 2 2 2 2 2 2 2 2 2 2 2 2 2 2 2 2 2 2 2 2 2 2 2 2 2 2 2 2 2
left_child=1 3 7 15 5 -2 8 -3 21 22 11 12 -4 -5 23 -1 -10 25 -9 -14 -20 29 28 -15 -21 -18 27 -19 -8 -7
right_child=4 2 10 13 -6 6 9 18 16 -11 -12 -13 19 14 -16 -17 17 26 20 24 -22 -23 -24 -25 -26 -27 -28 -29 -30 -31
leaf_value=-0.0701802104537851 0.054462517919414456 -0.051147362352661818 0.056461167003194118 -0.050535918723740761 0.052640405041983945 -0.045854711878972908 -0.018068262357931821 -0.019930928801377396 0.036709112213750304 0.05086025986796449 0.056835362873030343 0.029455840314214738 -0.036743849246725961 -0.033634914279348664 -0.056168731984897219 0.053980024050036358 -0.0019109457695416902 -0.059998783156497093 -0.056840399370995165 0.00055484650966411257 0.041464724243238472 0.067766789562346344 0.037184568523877734 0.059978425931992679 0.069202892723099194 -0.048335770456215142 0.041649293062555236 0.064538343995285061 0.027047477439529951 0.040147099657179525
leaf_weight=2.4326570183038703 238.74310777336359 243.00977399945259 20.058400608599186 2437.7230780832469 2002.9112074524164 79.246345397084951 33.821776933968067 28.730371637269855 29.317021045833826 133.43773059174418 37.822619628161192 137.26723664626479 23.399899713695049 4.4885910786688354 8.125546006485818 31.435516476631165 19.005827814340591 4.9030451849103001 3.6698509380221394 196.81173912808299 24.434295803308487 2.5338725000619879 23.159034695476294 8.5642753597348911 4.5877530872821799 17.92607606574893 17.714454911649227 2.3661616966128349 12.989471510052679 2.6380217224359503
leaf_count=12 3204 9032 218 92011 27334 1730 354 339 212 1662 415 924 574 131 198 330 103 46 19 1344 175 14 238 71 21 119 168 22 89 16
internal_value=-0.000656042 -0.0395526 -0.00737015 -0.0488453 0.0470247 0.0288186 0.0126672 -0.040679 -0.014725 0.0363214 0.0164125 0.0124115 0.00285637 -0.0501388 -0.00442447 0.0450619 0.00843709 -0.00494971 0.00408102 -0.00192668 0.028628 -0.0397568 0.00859494 0.0277869 0.00211861 -0.0244447 0.0238686 -0.0194614 -0.00554927 -0.043084
internal_weight=5833.27 3212.56 719.792 2492.77 2620.71 617.802 379.059 299.844 175.651 203.408 419.948 382.125 244.858 2458.9 21.1784 33.8682 91.2326 61.9156 56.8345 224.799 28.1041 84.4182 69.9703 13.0529 201.399 36.9319 24.9837 7.26921 46.8112 81.8844
internal_count=141125 105814 13061 92753 35311 7977 4773 9565 2430 2343 3496 3081 2157 92411 400 342 670 458 533 1939 194 1760 681 202 1365 222 236 68 443 1746
is_linear=0
shrinkage=0.05


Tree=46
num_leaves=31
num_cat=0
split_feature=20 10 26 20 29 38 11 38 5 23 23 26 10 20 11 33 23 10 10 34 29 30 28 23 25 6 11 11 29 38
split_gain=4221.82 322.005 149.96 80.351 79.8086 81.1046 83.3873 76.0579 35.6535 35.0297 25.7713 24.0889 21.8539 13.788 13.7699 12.5556 12.2537 11.8173 11.4185 10.259 9.5742 9.24859 8.3076 9.2028 8.22731 7.22285 9.28431 8.38148 7.4512 7.21415
threshold=0.56696429848670971 0.74849396944046032 0.47083130478858953 0.3717105239629746 0.23606811463832858 1.0000000180025095e-35 0.035098522901535041 1.0000000180025095e-35 0.77500000596046459 1.0000000180025095e-35 1.0000000180025095e-35 0.55230990052223217 0.88805347681045543 0.87083333730697643 0.035098522901535041 1.0000000180025095e-35 1.0000000180025095e-35 0.2362911254167557 0.4530817717313767 1.0000000180025095e-35 0.13397436589002612 0.65323656797409069 0.27851656079292303 1.0000000180025095e-35 1.0000000180025095e-35 2.5000000000000004 0.90399384498596203 0.21807064861059192 0.041522989049553878 2.5000000000000004
decision_type=2 2 2 2 2 2 2 2 2 2 2 2 2 2 2 2 2 2 2 2 2 2 2 2 2 2 2 2 2 2
left_child=1 7 3 -3 5 -2 9 15 20 13 19 -10 14 -7 -4 -1 21 -11 -19 -8 -9 24 -16 -24 -5 26 27 -14 29 -28
right_child=4 2 12 16 -6 6 10 8 11 17 -12 -13 25 -15 22 -17 -18 18 -20 -21 -22 -23 23 -25 -26 -27 28 -29 -30 -31
leaf_value=-0.068826754509424173 0.054210700863605701 -0.049150374302689315 -0.028932794219092159 -0.061646114527286057 0.052391380751762751 -0.042003568574836503 0.0032861600191243672 -0.050114992553500909 -0.044246391122559292 0.038471882995579194 0.050747940664389514 0.019645704987701611 -0.042972330070221769 0.029561860581454602 0.056290638811166631 0.052700889691076051 0.051927064635578862 -0.016885726685573144 0.028080973167231623 0.051964680941144398 0.014954319202845213 0.050033018410106572 0.0018835144154788815 0.071539133290560539 0.0036011440605431171 0.031388457906435782 -0.059417252326981362 0.059582209500282382 0.069668647258660538 -0.00043341816165205738
leaf_weight=2.358353644609454 239.93144418299198 219.64835468865931 31.837796010077 6.4461702238768366 1909.2074548453093 67.479133266955614 54.207418547943234 2361.1777273695916 28.06633915938437 27.904034368693829 136.14287327975035 31.09868742339313 2.4020489118993273 7.4759773164987555 8.2054119110107404 21.50943312048912 18.946944115683436 39.392440520226955 22.003560923039913 13.52385477721691 5.666711099445819 7.5998566001653662 128.42352828942239 4.923649324104189 19.287047544494271 135.7091771941632 6.8153016939759317 11.678797688335179 2.8930367920547715 21.656669311225414
leaf_count=12 3373 8244 685 56 27260 1236 450 92743 994 201 1796 228 18 43 72 218 193 219 210 159 43 52 1009 43 166 1091 70 69 28 144
internal_value=-0.000653406 -0.0399468 -0.00795759 -0.0358904 0.0473671 0.0315916 0.0168493 -0.048127 -0.0490009 -0.00966258 0.0382092 -0.010663 0.0134663 -0.0348657 0.00077774 0.0406929 0.0198198 0.011492 -0.000770222 0.0130058 -0.0499592 0.00156955 0.00746019 0.00445545 -0.0127433 0.0256109 0.00835825 0.0420875 -0.00678396 -0.0145523
internal_weight=5593.62 3076.35 626.474 271.928 2517.27 608.061 368.129 2449.88 2426.01 164.255 203.874 59.165 354.545 74.9551 173.39 23.8678 52.28 89.3 61.396 67.7313 2366.84 33.3331 141.553 133.347 25.7332 181.155 45.4459 14.0808 31.365 28.472
internal_count=141125 106178 11940 8711 34947 7687 4314 94238 94008 1909 2405 1222 3229 1279 1809 230 467 630 429 609 92786 274 1124 1052 222 1420 329 87 242 214
is_linear=0
shrinkage=0.05


Tree=47
num_leaves=31
num_cat=0
split_feature=20 26 4 9 20 36 20 9 10 23 10 20 35 36 10 10 4 7 13 35 13 26 21 37 10 11 4 36 9 10
split_gain=3981.45 298.297 172.243 123.064 94.5549 52.1978 41.7053 51.7413 30.343 27.572 35.3326 28.5583 21.9775 17.1141 18.1432 15.1564 14.6711 13.1466 12.9601 11.9713 11.1968 10.2028 9.74625 9.38247 8.67613 7.74899 7.91465 7.63645 7.58115 7.48129
threshold=0.48684211075305944 0.71490147709846508 0.44949495792388922 0.74785688519477855 0.78759399056434642 1.0000000180025095e-35 0.32291667163372045 0.88696789741516124 0.75582656264305126 1.0000000180025095e-35 0.84273937344551098 0.77350428700447094 1.0000000180025095e-35 1.0000000180025095e-35 0.45115855336189276 0.93127068877220165 0.34848485887050634 0.72318005561828624 1.5000000000000002 1.0000000180025095e-35 1.5000000000000002 0.16463142633438113 5.5000000000000009 1.0000000180025095e-35 0.87570226192474376 0.032795699313282974 0.31666667759418493 1.0000000180025095e-35 0.81926664710044872 0.28743545711040502
decision_type=2 2 2 2 2 2 2 2 2 2 2 2 2 2 2 2 2 2 2 2 2 2 2 2 2 2 2 2 2 2
left_child=1 6 8 4 5 19 -1 24 -3 10 11 12 -5 -6 18 28 23 22 -15 -2 27 -9 25 -7 -8 -14 -27 -10 -4 -20
right_child=3 2 15 9 13 16 7 21 20 -11 -12 -13 17 14 -16 -17 -18 -19 29 -21 -22 -23 -24 -25 -26 26 -28 -29 -30 -31
leaf_value=-0.051043554266946303 0.054928564473007258 -0.046875073721773498 -0.021381575454438154 0.044602737343170107 0.053326552592713822 -0.045960502033606715 -0.044816511238623048 -0.011810179548677961 0.062486360956733059 0.052886003574970156 0.049651343541086176 0.040475168388938471 -0.07029316557326068 -0.0161513793766799 0.047077183160196608 0.030583048887834353 0.0059175050724404269 0.048767750863848221 0.036739295781496213 -0.039810928372079724 0.090902185398390581 0.036998419457948954 -0.076337988365262843 0.01353341868897668 0.051538302010875392 -0.044828365704275897 0.0056560822769203311 -0.018893372044903566 0.0099886678511068965 -0.008846338220079953
leaf_weight=2115.8728610761464 26.588542252779011 219.42394321970642 21.107331186532974 20.011493138968945 101.25994088500738 76.252449503168464 111.53071110509336 16.601687677204609 3.6462641470134303 1679.3670738115907 288.26991913467646 87.996265381574631 5.6562533769756547 28.861769154667854 59.625780798494816 97.751463852822781 21.050313096493483 6.9523047283291808 38.03965263068676 3.8125314656645051 4.0013613086193791 30.15485461615026 7.7070373781025401 7.2576746717095366 2.3862344510853282 10.570467451587318 29.235421070829034 13.765741372480989 219.96462393924594 11.789929576218126
leaf_count=88284 349 8808 434 211 1507 2129 4114 138 45 25238 4001 1157 70 169 748 736 190 74 258 107 36 283 56 34 18 145 219 240 1262 65
internal_value=-0.000650042 -0.0410251 -0.00900292 0.0452884 0.0188521 -0.0146199 -0.0491787 -0.0246203 -0.0413309 0.0499244 0.0390269 0.0208104 -0.000783933 0.0377079 0.0262737 0.013976 -0.0313868 -0.0158909 0.0105106 0.0430475 0.0154807 0.0196681 -0.0243456 -0.04079 -0.0427982 -0.0155315 -0.00775008 -0.00185157 0.00724201 0.0259535
internal_weight=5366.51 2856.21 579.661 2510.3 374.539 134.962 2276.55 160.673 240.837 2135.77 456.399 168.129 80.133 239.577 138.317 338.823 104.56 60.1215 78.6914 30.4011 21.4134 46.7565 53.1692 83.5101 113.917 45.4621 39.8059 17.412 241.072 49.8296
internal_count=141125 104398 11561 36727 5556 2809 92837 4553 9129 31171 5933 1932 775 2747 1240 2432 2353 564 492 456 321 421 490 2163 4132 434 364 285 1696 323
is_linear=0
shrinkage=0.05


Tree=48
num_leaves=31
num_cat=0
split_feature=20 9 30 20 29 36 9 7 23 23 35 36 20 11 10 33 23 5 7 27 11 10 35 24 5 36 1 28 10 7
split_gain=3756.2 340.303 100.146 145.59 78.1536 73.8679 74.6484 48.617 40.9033 26.8171 15.3185 49.5455 14.2869 13.1594 12.02 10.9358 10.1392 9.88676 9.33762 8.32676 8.39191 8.07595 8.79796 8.04399 8.02685 7.95605 11.6898 7.55967 10.8555 10.3869
threshold=0.56696429848670971 0.88929614424705516 0.10670383647084238 0.24264705926179889 0.23606811463832858 1.0000000180025095e-35 0.87668499350547802 0.66352203488349926 1.0000000180025095e-35 1.0000000180025095e-35 1.0000000180025095e-35 1.0000000180025095e-35 0.87083333730697643 0.16869919002056125 0.92637759447097789 1.0000000180025095e-35 1.0000000180025095e-35 0.77500000596046459 0.72850123047828685 0.44456264376640325 0.032795699313282974 0.71010184288024913 1.0000000180025095e-35 1.0000000180025095e-35 0.88194444775581371 1.0000000180025095e-35 1.0000000180025095e-35 0.62750142812728893 0.2362911254167557 0.05298245698213578
decision_type=2 2 2 2 2 2 2 2 2 2 2 2 2 2 2 2 2 2 2 2 2 2 2 2 2 2 2 2 2 2
left_child=1 7 14 -4 5 -2 8 10 12 -5 11 15 18 -13 25 -1 21 -12 19 20 -7 22 -8 -19 -24 26 -3 28 -10 -30
right_child=4 2 3 9 -6 6 16 -9 27 -11 17 13 -14 -15 -16 -17 -18 23 -20 -21 -22 -23 24 -25 -26 -27 -28 -29 29 -31
leaf_value=-0.066721143280358511 0.052964781007911368 0.065268151566618679 -0.050128369593105307 0.0046224842269486938 0.051824372199377855 -0.044533252847988827 0.055874308650978491 0.017700829215318518 0.037665214207992806 0.059737459064438274 -0.050242942503980571 -0.051127400599921359 0.032989713041426803 0.079376340157378072 0.02966583624228751 0.05041885538090865 0.052498020325445975 0.014948119570297272 0.064814138456556744 -0.14462072196226716 -0.0077042509608442047 0.040143743561920929 -0.054080112504525768 -0.042861049984051915 0.035872328697981896 0.0046258636868052412 -0.010808780089028651 0.052110418295581634 -0.016371433763010781 0.022884251589222911
leaf_weight=2.2268016785383251 222.48095004633069 13.497396530583501 200.38579157367349 59.09978824108839 1747.2192333377898 58.529088981449604 4.4027001708745965 27.692757146432996 29.220271281898022 35.225147526711226 2090.2655922435224 78.378628462553024 8.69026270508766 1.9804620314389456 96.756804622709751 18.929495722055435 99.597989842295647 10.434114575386047 2.3075508400797835 1.7643191069364537 21.023394647985697 27.319624476134777 8.2287762910127622 14.216310638934374 3.549953669309617 175.51433176361024 8.0674564242362976 13.489307064563034 37.570091243833303 30.555573418736458
leaf_count=12 3426 156 8170 660 27260 1174 54 411 225 366 90454 3070 54 25 741 201 1515 102 15 11 190 282 50 550 22 1219 41 176 206 287
internal_value=-0.000647516 -0.0392633 -0.00542274 -0.0260173 0.046584 0.030485 0.0160407 -0.0481384 -0.00344416 0.0252049 -0.048961 -0.0299882 -0.0280277 -0.0479111 0.0152331 0.0380893 0.0437022 -0.0498717 -0.0343686 -0.0371832 -0.0348004 0.0235636 -0.00442916 -0.0183914 -0.0269696 0.00814726 0.0368076 0.0170315 0.0121705 0.00123544
internal_weight=5148.62 2832.67 588.547 294.711 2315.95 568.73 346.249 2244.12 203.15 94.3249 2216.43 101.515 92.3146 80.3591 293.836 21.1563 143.099 2114.92 83.6244 81.3168 79.5525 43.5011 16.1814 24.6504 11.7787 197.079 21.5649 110.835 97.3459 68.1257
internal_count=141125 106178 11353 9196 34947 7687 4261 94825 2338 1026 94414 3308 1444 3095 2157 213 1923 91106 1390 1375 1364 408 126 652 72 1416 197 894 718 493
is_linear=0
shrinkage=0.05


Tree=49
num_leaves=31
num_cat=0
split_feature=19 4 26 38 29 38 11 19 25 23 23 38 38 9 19 23 28 30 7 33 7 9 9 23 8 25 22 26 8 28
split_gain=3428.71 349.266 181.95 101.884 98.1922 89.5053 76.8854 50.6053 32.4944 28.5985 24.0633 19.8214 21.8012 15.3848 15.1683 14.4624 12.6107 12.1256 12.0831 11.149 10.6436 10.4197 9.54021 9.52967 8.80793 8.1798 15.9557 7.80112 9.42053 7.73641
threshold=0.26794873178005224 0.44949495792388922 0.53957813978195202 1.0000000180025095e-35 0.23606811463832858 1.0000000180025095e-35 0.035098522901535041 0.13714733719825747 0.75000000000000011 1.0000000180025095e-35 1.0000000180025095e-35 2.5000000000000004 1.0000000180025095e-35 0.90673154592514049 0.7379862666130067 1.0000000180025095e-35 0.36668714880943304 0.17093989998102191 0.61620295047760021 1.0000000180025095e-35 0.067117117345333113 0.85882496833801281 0.77798241376876842 1.5000000000000002 0.74709302186965953 1.0000000180025095e-35 0.48733974993228918 0.6006993055343629 0.61986863613128673 0.27851656079292303
decision_type=2 2 2 2 2 2 2 2 2 2 2 2 2 2 2 2 2 2 2 2 2 2 2 2 2 2 2 2 2 2
left_child=1 3 7 19 5 -2 8 -3 14 24 11 12 -4 -5 18 16 -15 -10 23 -1 -19 -9 -14 27 -8 26 -23 28 -7 -24
right_child=4 2 10 13 -6 6 9 21 17 -11 -12 -13 22 15 -16 -17 -18 20 -20 -21 -22 25 29 -25 -26 -27 -28 -29 -30 -31
leaf_value=-0.065652637863857236 0.053610630080683556 -0.050833987367673306 0.055598777031682339 -0.050416998323695256 0.051482024089789427 -0.041042253254094614 -0.0047775524661611132 -0.034868014569591946 0.052167413935634101 0.049019594222502044 0.055748053999248287 0.026721574181397253 -0.034231491235341797 0.031726518072352293 0.041450770379098487 0.07274075018668176 -0.039731560036814724 -0.010734936659463165 0.044961303390751918 0.052551497173102792 0.049477610644382351 -0.069731322058601275 0.028445499277158288 0.037736404181620636 0.034489546374211762 0.031126854982906266 0.046270984460857964 0.044515634234431611 -0.099325225872613748 -0.0021842954043797542
leaf_weight=2.151792690157893 199.12789284810424 201.60715190693736 17.804795078933239 1977.2822440396994 1677.0447029992938 75.207733584567904 45.0662776902318 13.088663946837185 16.19464685022831 114.13699878752232 32.7865304723382 129.87836422398686 20.705143282189965 7.0328403562307349 6.7015586160123339 3.5671817827969781 50.565531017258763 35.573300138115883 4.3481215499341479 27.352635957300663 9.2471109144389612 6.6627397499978525 23.385218193754554 3.7382526434957972 20.905653338879347 28.33739822357893 5.3402048163115978 2.4278343357145777 7.6372206024825564 174.05115970037878
leaf_count=12 3204 9032 218 90503 27334 1812 443 227 113 1662 415 924 574 170 54 56 1682 187 49 330 97 45 128 27 238 225 36 22 69 1237
internal_value=-0.000644546 -0.0382476 -0.00638846 -0.0483178 0.0455097 0.0269727 0.0114258 -0.0393682 -0.0136728 0.0338721 0.0147124 0.0110346 0.00239962 -0.049653 -0.0312094 -0.0249559 -0.0310064 0.0150861 -0.0364251 0.0439307 0.0016878 0.00389626 -0.00194251 -0.0404008 0.00766568 0.0164736 -0.018121 -0.0438263 -0.0464152 0.00144363
internal_weight=4938.96 2721.6 653.647 2067.95 2217.36 540.313 341.185 255.036 161.076 180.109 398.611 365.825 235.946 2038.45 100.061 61.1656 57.5984 61.0151 93.3592 29.5044 44.8204 53.429 218.142 89.011 65.9719 40.3403 12.0029 85.2728 82.845 197.436
internal_count=141125 105814 13061 92753 35311 7977 4773 9565 2430 2343 3496 3081 2157 92411 2033 1908 1852 397 1979 342 284 533 1939 1930 681 306 81 1903 1881 1365
is_linear=0
shrinkage=0.05


Tree=50
num_leaves=31
num_cat=0
split_feature=20 15 9 29 38 23 29 8 9 23 38 5 5 20 38 38 20 23 10 20 13 10 21 7 36 21 22 20 29 5
split_gain=3344.85 281.456 133.321 116.699 107.391 79.4698 67.2495 32.6937 32.3408 24.1573 17.2813 17.0303 14.5736 13.8683 13.3061 14.2079 13.2151 11.1167 16.4571 15.8107 10.4091 10.0891 10.0198 9.31965 11.5194 11.12 12.332 9.51512 9.05434 8.63855
threshold=0.48684211075305944 1.0000000180025095e-35 0.83250457048416149 0.18414442986249926 1.0000000180025095e-35 1.0000000180025095e-35 0.066391184926033034 0.73431372642517101 0.87668499350547802 1.0000000180025095e-35 1.0000000180025095e-35 0.46428571641445165 0.77500000596046459 0.85357144474983226 1.0000000180025095e-35 2.5000000000000004 0.15587044507265094 1.0000000180025095e-35 0.84660634398460399 0.89736840128898632 1.5000000000000002 0.67962265014648449 2.5000000000000004 0.78867626190185558 1.0000000180025095e-35 5.5000000000000009 0.86700680851936351 0.78759399056434642 0.18414442986249926 0.81666666269302379
decision_type=2 2 2 2 2 2 2 2 2 2 2 2 2 2 2 2 2 2 2 2 2 2 2 2 2 2 2 2 2 2
left_child=1 6 12 4 -2 7 10 13 20 28 16 -4 -3 -6 -13 -16 -1 18 19 23 21 -7 -11 24 -5 -26 27 -27 -8 -17
right_child=3 2 11 17 5 8 9 -9 -10 22 -12 14 -14 -15 15 29 -18 -19 -20 -21 -22 -23 -24 -25 25 26 -28 -29 -30 -31
leaf_value=-0.075379446165443509 0.053509260613002207 -0.047416629030987312 -0.051345283450887361 0.05382837959186039 -0.035731509462064805 -0.014884359380122262 -0.026803528883402452 0.031355467104326205 0.054263429539077403 0.081904104541830725 -0.050678760680525639 0.055519306417064367 0.025539554647766718 0.025070045588402867 0.0018459238799888118 -0.0057780104022735956 0.058282781465659197 0.052543704248220406 0.049529664270624336 0.053649850229516419 0.027101826051983982 0.036616617865727986 0.0099800846887453751 0.046896712337171256 0.0055218565738878005 -0.066300326403094731 -0.17491406930644127 0.039600780439857867 0.028371212053210443 0.029398494680619881
leaf_weight=2.6168826073408109 190.78926351666451 156.18735487386584 10.780899761244653 8.5513811558485013 115.53382759168744 43.738650130107999 54.283585807308555 25.440397230908275 73.625341724604368 9.3310623243451136 1918.2346085347235 17.060840830206871 7.1589084621518841 10.207079373300074 196.73232486099005 21.007357209920883 6.3040348328649998 1361.6406334750354 232.9507714882493 32.269410278648138 53.949119128286839 12.1514889113605 10.065967082977293 14.043494291603563 31.225110858678818 6.194158583879469 1.7401816397905339 3.2256044149398804 8.6157664954662305 103.16022747755051
leaf_count=15 3174 7049 474 130 2615 342 1340 264 1158 81 92042 217 79 65 2012 106 58 23555 3741 510 430 115 127 210 312 41 23 42 42 756
internal_value=-0.000641476 -0.0400328 -0.00694189 0.0441553 0.0235721 0.00650418 -0.0484657 -0.0203372 0.0286225 -0.00420238 -0.0503559 0.0105183 -0.0442192 -0.0307959 0.0124918 0.0102042 0.019074 0.0505478 0.0423174 0.0250413 0.0114353 -0.00368715 0.0445796 0.0108341 0.000891445 -0.00978883 -0.0526275 -0.0300367 -0.0192459 0.0234471
internal_weight=4738.82 2521.54 512.088 2217.28 525.435 334.646 2009.45 151.181 183.465 82.2964 1927.16 348.742 163.346 125.741 337.961 320.9 8.92092 1691.84 330.2 97.2493 109.839 55.8901 19.397 64.9799 50.9364 42.3851 11.1599 9.41976 62.8994 124.168
internal_count=141125 104398 10693 36727 8163 4989 93705 2944 2045 1590 92115 3565 7128 2680 3091 2874 73 28564 5009 1268 887 457 208 758 548 418 106 83 1382 862
is_linear=0
shrinkage=0.05


Tree=51
num_leaves=31
num_cat=0
split_feature=20 4 26 29 38 29 38 11 20 10 20 26 38 38 7 38 35 4 20 37 29 10 7 5 33 26 11 11 8 10
split_gain=3155.12 312.876 126.311 74.3937 70.8055 64.173 63.5808 63.4357 23.6272 21.3279 18.7033 17.9319 16.6182 20.2654 15.7275 14.8822 14.0416 18.8375 12.9097 11.5131 10.2884 9.73472 11.3042 9.62362 9.48066 9.08222 7.60481 9.17983 7.54846 12.9938
threshold=0.56696429848670971 0.44949495792388922 0.51321610808372509 0.23606811463832858 1.0000000180025095e-35 0.095619048923254027 1.0000000180025095e-35 0.035098522901535041 0.87083333730697643 0.76631206274032604 0.38675214350223547 0.71490147709846508 2.5000000000000004 1.0000000180025095e-35 0.61620295047760021 1.5000000000000002 1.0000000180025095e-35 0.29285715520381933 0.70714285969734203 1.0000000180025095e-35 0.18414442986249926 0.27334994077682501 0.067117117345333113 0.73214286565780651 1.0000000180025095e-35 0.27093069255352026 0.87026646733284008 0.10102041065692903 0.61620295047760021 0.77459675073623668
decision_type=2 2 2 2 2 2 2 2 2 2 2 2 2 2 2 2 2 2 2 2 2 2 2 2 2 2 2 2 2 2
left_child=1 6 5 4 -2 -3 24 8 14 -8 11 -11 13 -4 19 -13 -9 18 -18 28 23 -10 -23 -7 -1 -25 27 -17 29 -6
right_child=3 2 12 -5 7 20 9 16 21 10 -12 15 -14 -15 -16 26 17 -19 -20 -21 -22 22 -24 25 -26 -27 -28 -29 -30 -31
leaf_value=-0.063612823567895466 0.053229169545825052 -0.050436465851844664 0.055051856449047476 0.051016479234981184 -0.036911306357530739 0.05643247612442142 -0.050218433212873975 0.050839426507318791 0.038807789176345309 -0.051129890880922839 0.066358576062924696 0.16136244507868616 0.025713832268553283 -0.0006416524720976053 0.046835043885820105 -0.052453009836610602 -0.0626102809733423 0.034244343961074959 0.016284758720678274 0.010116407760233934 0.03294841047602394 -0.025160669918839473 0.04429277965580744 -0.038009119131109978 0.051312839849967033 0.01151885822692702 -0.065009800516609276 0.047124482844266173 -0.078623057814547231 0.062069172550889319
leaf_weight=1.9911499321460748 190.74349854886532 180.73538678511977 17.628046616911888 1527.5625974200666 60.502972893416882 5.1244957353919736 1814.8573084957898 79.71648333221674 26.904119439423084 30.566907227039337 5.8445364292711011 1.5445908866822744 128.72151340357959 222.46705438941717 7.2823985591530791 3.2493730653077355 9.4936971776187438 73.651197010651231 11.425000999122856 15.145752090960739 24.156324744224548 18.834726691246036 8.5036386512219888 21.407086601480842 18.170372381806374 16.307173945009708 3.59655538201332 8.0442755054682475 9.7930095829069597 3.5079544782638541
leaf_count=12 3373 8867 236 27260 1283 43 91282 1292 191 1466 68 22 958 2110 76 106 89 896 128 89 243 79 102 289 201 157 26 92 66 23
internal_value=-0.000637082 -0.0382538 -0.00732912 0.0454739 0.0290498 -0.0349427 -0.0483533 0.0148485 -0.00893392 -0.0493067 -0.0179952 -0.0284843 0.0112187 0.00344743 -0.0238088 0.0136339 0.0353816 0.0223516 -0.0195208 -0.0295925 0.00685537 0.0174558 -0.00355707 -0.00785822 0.0399628 -0.0165938 -0.00169027 0.0184744 -0.0377414 -0.0314869
internal_weight=4547.48 2504.41 616.547 2043.07 515.504 247.73 1887.87 324.761 150.475 1867.7 52.8462 47.0017 368.817 240.095 96.2321 16.4348 174.286 94.5699 20.9187 88.9497 66.9951 54.2425 27.3384 42.8388 20.1615 37.7143 14.8902 11.2936 73.8039 64.0109
internal_count=141125 106178 12903 34947 7687 9599 93275 4314 1909 93062 1780 1712 3304 2346 1537 246 2405 1113 217 1461 732 372 181 489 213 446 224 198 1372 1306
is_linear=0
shrinkage=0.05


Tree=52
num_leaves=31
num_cat=0
split_feature=19 4 38 22 19 29 38 11 25 23 10 23 23 10 7 22 19 12 10 7 38 38 25 30 7 33 23 8 23 9
split_gain=2875.28 332.679 100.569 79.9126 132.708 79.0054 71.9636 59.8296 24.902 24.3982 23.5345 21.9419 18.5468 13.6063 13.6387 13.1533 12.7238 12.0399 10.9407 14.0784 10.7273 12.3528 10.5436 9.547 9.4497 9.3864 8.85887 8.80285 8.77999 8.3542
threshold=0.28869047760963445 0.44949495792388922 1.0000000180025095e-35 1.0000000180025095e-35 0.11651583760976793 0.23606811463832858 1.0000000180025095e-35 0.035098522901535041 0.75000000000000011 1.0000000180025095e-35 0.76631206274032604 1.0000000180025095e-35 1.0000000180025095e-35 0.2362911254167557 0.05298245698213578 1.0000000180025095e-35 0.7379862666130067 0.31909090280532842 0.62575301527977001 0.58898946642875682 1.0000000180025095e-35 2.5000000000000004 1.0000000180025095e-35 0.63893553614616405 0.61620295047760021 1.0000000180025095e-35 1.5000000000000002 0.61986863613128673 1.0000000180025095e-35 0.77407121658325206
decision_type=2 2 2 2 2 2 2 2 2 2 2 2 2 2 2 2 2 2 2 2 2 2 2 2 2 2 2 2 2 2
left_child=1 2 25 20 28 6 -2 8 16 18 -4 -9 15 -10 -15 17 24 -12 -6 -20 -3 -22 23 -21 26 -1 27 29 -5 -8
right_child=5 3 10 4 9 -7 7 11 13 -11 12 -13 -14 14 -16 -17 -18 -19 19 22 21 -23 -24 -25 -26 -27 -28 -29 -30 -31
leaf_value=-0.06278164200701522 0.053059204289573482 0.054745770066864943 -0.050041204770051251 -0.049118404738641826 0.10942074493253443 0.050739350095159945 -0.03895375748725162 0.0089294658859401591 0.04507032283834092 0.046921355692480508 -0.0054264002226918212 0.048397037656959352 0.084133691011722189 -0.022606820648375922 0.04620420923950784 -0.043158202769264346 0.039429729608455859 0.11861998034878446 -0.036331362299032999 -0.071117497838448715 0.0025917777317045324 0.023568025762483884 0.027043081300412681 0.032989304435384399 0.044586948250164328 0.051606453355347873 0.03775067544594965 -0.096946210531195565 0.018540672464776066 0.097921876954085954
leaf_weight=1.9184771031141306 168.81617639586329 14.503859933465717 1732.2542659882456 195.82342629507184 2.213646398857235 1462.575163539499 61.886682990938425 55.557121459394693 21.754426829516888 48.583991140127182 13.479615788906811 96.180835392326117 4.250001708045601 27.623960267752409 9.7401206344366056 32.216273352503777 6.3140424974262706 2.2881668377667657 21.68114267475903 6.0078617576509696 181.47985854744911 114.4471854493022 32.112125113606453 3.4764322340488434 3.608600325882434 27.508167766034603 3.6399302035570136 6.6567704547196618 4.9152823835611335 1.1352377645671357
leaf_count=12 3135 204 91019 9407 39 27277 1520 587 176 647 204 1595 63 117 103 1494 54 27 372 39 1256 829 297 18 44 383 26 52 121 8
internal_value=-0.000634307 -0.036691 -0.0475323 -0.00523916 -0.0229895 0.0450414 0.0270387 0.0121026 -0.0111802 0.0200742 -0.0490441 0.0339464 -0.0159772 0.013634 -0.00466907 -0.0248441 -0.0288035 0.0125748 0.000157963 -0.00366439 0.0127619 0.0107042 0.0133625 -0.0329575 -0.0344039 0.0441489 -0.0382917 -0.042264 -0.0474617 -0.0364882
internal_weight=4364.65 2439.16 1813.91 625.245 314.814 1925.49 462.914 294.098 142.36 114.075 1784.49 151.738 52.2341 59.1185 37.3641 47.9841 83.2413 15.7678 65.4912 63.2776 310.431 295.927 41.5964 9.48429 76.9272 29.4266 73.3186 69.6787 200.739 63.0219
internal_count=141125 106431 93202 13229 10940 34694 7417 4282 2100 1412 92807 2182 1788 396 220 1725 1704 231 765 726 2289 2085 354 57 1650 395 1606 1580 9528 1528
is_linear=0
shrinkage=0.05


Tree=53
num_leaves=31
num_cat=0
split_feature=20 4 22 29 36 11 20 20 23 10 7 32 22 20 23 25 35 13 7 10 12 21 8 10 4 36 23 12 20 11
split_gain=2807.86 265.85 125.159 108.144 80.2241 76.3231 60.0907 35.5262 25.2986 20.0871 16.7535 14.1817 12.6328 17.2496 11.1577 10.4081 9.82301 9.80083 10.0151 9.55367 8.32556 7.68276 7.67521 8.92968 10.8076 7.59215 7.39994 15.9272 19.1002 13.9714
threshold=0.48684211075305944 0.44949495792388922 1.0000000180025095e-35 0.23606811463832858 1.0000000180025095e-35 0.067816093564033522 0.28174604475498205 0.78759399056434642 1.0000000180025095e-35 0.75582656264305126 0.61620295047760021 0.45003373920917517 1.0000000180025095e-35 0.32291667163372045 1.0000000180025095e-35 0.75000000000000011 1.0000000180025095e-35 1.5000000000000002 0.46247655153274542 0.93127068877220165 0.42705167829990393 9.5000000000000018 0.70900535583496105 0.76631206274032604 0.5634920895099641 1.0000000180025095e-35 1.0000000180025095e-35 0.17712418735027316 0.82843136787414562 0.76568627357482921
decision_type=2 2 2 2 2 2 2 2 2 2 2 2 2 2 2 2 2 2 2 2 2 2 2 2 2 2 2 2 2 2
left_child=1 9 19 4 16 7 -4 10 11 -1 15 -7 20 -14 -8 22 -2 18 21 -3 25 -9 23 -6 -25 -11 27 -5 29 -29
right_child=3 2 6 26 5 8 14 17 -10 12 -12 -13 13 -15 -16 -17 -18 -19 -20 -21 -22 -23 -24 24 -26 -27 -28 28 -30 -31
leaf_value=-0.049985212294994169 0.052820044424566809 0.0067493548613196275 -0.049155002331584062 0.048835574974444018 -0.045479742952914265 -0.00021685892452910817 -0.0049815335108982549 -0.028614904755391912 0.048554177760370271 0.077785244047102867 0.044928177236949654 0.05385598692643985 -0.049180921431685516 0.054775054233680613 0.043382261309020842 0.012700660313962338 -0.013617215344244189 0.025305665787239154 0.060438874227068257 0.026389713415853722 0.14252877830989005 0.047504800258289855 -0.10134202726041736 0.068800569851986487 -0.064141762650246958 -0.0095521338947160642 0.052160628255416799 -0.0060163225047110448 0.044750562984712604 -0.15672929743478708
leaf_weight=1616.730128467083 183.37056547030807 222.39334851317108 189.68501914106309 212.53314465656877 68.89008978381753 59.30674646422267 41.885952014476061 27.007332112640146 110.17460544034839 2.980643087998037 6.4069786928594104 15.242198687046765 32.976134929805994 4.5397838167846194 16.672144858166575 8.8539883159100992 5.737757207825779 50.248532839119434 4.5189833343029013 85.807019222527742 1.1696211807429779 3.7786283157765856 5.5145851094275704 3.8695240244269362 2.5272303707897663 15.064576061442494 1141.5489866435528 20.316691029816869 28.201420102268457 1.6636410281062115
leaf_count=89789 3504 1570 9588 3891 2183 634 461 168 1853 38 65 180 1730 85 154 50 141 380 60 719 11 30 47 33 16 253 22698 270 497 27
internal_value=-0.000631088 -0.0390039 -0.00906456 0.0430323 0.0243566 0.010704 -0.0354868 -0.0123125 0.0333334 -0.0489591 -0.0331819 0.0108388 -0.0197155 -0.0366013 0.00878818 -0.0387638 0.0508043 0.0111204 -0.00906918 0.0122175 0.0132531 -0.0192721 -0.0444032 -0.0402325 0.0162777 0.00487393 0.0504194 0.0428534 0.0175175 -0.0174234
internal_weight=4189.62 2229.9 556.443 1959.71 555.448 366.339 248.243 181.616 184.724 1673.46 96.0624 74.5489 56.7308 37.5159 58.5581 89.6554 189.108 85.5535 35.3049 308.2 19.2148 30.786 80.8014 75.2868 6.39675 18.0452 1404.26 262.715 50.1818 21.9803
internal_count=141125 104398 12492 36727 9344 5699 10203 3032 2667 91906 2394 814 2117 1815 615 2329 3645 638 258 2289 302 198 2279 2232 49 291 27383 4685 794 297
is_linear=0
shrinkage=0.05


Tree=54
num_leaves=31
num_cat=0
split_feature=20 9 26 19 29 36 9 7 23 23 23 10 35 36 11 20 26 21 8 13 10 30 33 9 12 29 30 7 23 4
split_gain=2647.04 308.667 87.1973 84.4501 59.4197 54.1431 49.8072 42.2279 24.3667 17.8173 14.5383 13.3305 12.4219 39.4674 11.0841 10.2896 9.60177 8.63042 8.35999 8.14543 8.28846 8.04927 7.69508 7.6232 7.56768 7.46146 7.31804 7.70773 7.26216 7.1718
threshold=0.59166666865348827 0.87668499350547802 0.46302510797977453 0.15075758099555972 0.23606811463832858 1.0000000180025095e-35 0.87668499350547802 0.66352203488349926 1.0000000180025095e-35 1.0000000180025095e-35 1.0000000180025095e-35 0.92637759447097789 1.0000000180025095e-35 1.0000000180025095e-35 0.16869919002056125 0.87083333730697643 0.74731057882308971 4.5000000000000009 0.4555336087942124 1.5000000000000002 0.67962265014648449 0.65323656797409069 1.0000000180025095e-35 0.90002635121345531 0.3364779949188233 0.055363984778523452 0.66684478521347057 0.6885775923728944 1.0000000180025095e-35 0.41428571939468389
decision_type=2 2 2 2 2 2 2 2 2 2 2 2 2 2 2 2 2 2 2 2 2 2 2 2 2 2 2 2 2 2
left_child=1 7 3 -3 5 -2 8 12 15 11 21 16 13 22 -15 26 25 -12 -18 20 -10 -5 -1 -20 -25 -4 27 -7 -8 -14
right_child=4 2 9 10 -6 6 28 -9 19 -11 17 -13 29 14 -16 -17 18 -19 23 -21 -22 -23 -24 24 -26 -27 -28 -29 -30 -31
leaf_value=-0.061430522168115377 0.051946455724402679 -0.049674226873304576 -0.049673493767888093 -0.011374159979415169 0.050232593632961446 -0.029630875338280207 0.023874608750637176 0.019417175669220348 -0.0089946129790183724 0.061944662516051074 0.061275269520324784 0.023342962340662479 -0.050453090863210572 -0.050758179905611392 0.075973897233987467 0.030454244180975767 0.070439034294837374 -0.035260334679445234 -0.021217379805169329 0.029873624720607825 0.041924523420036879 0.040419408920664215 0.047935524093618426 0.0033178428204589439 0.034925308074538912 0.011368551504118024 -0.12976207783865576 0.065098122081748505 0.051022968215214529 -0.037734429787247829
leaf_weight=1.7904732823371894 165.48644475638866 154.63377265073359 15.09030274115503 31.982127893716097 1329.6312143132091 61.806478526443243 36.784577261656523 23.224430965259671 39.963036753237247 16.131884517148137 20.355528291314844 100.61132564768195 1448.5859982185066 64.722424171864986 1.772559905424713 8.1508314460515958 4.7541060447692862 2.6123765073716632 27.321442056447268 49.046616159379482 9.9897104874253255 9.8000582344830018 15.81459909491241 156.12164340168238 21.551758054643869 7.4914297647774211 1.7573768943548191 2.2246303334832183 74.568292994052172 120.02044375427067
leaf_count=12 3363 8686 596 381 27164 1162 383 382 311 209 278 953 84992 3217 23 54 45 36 521 419 140 83 212 1081 155 69 11 15 1473 4699
internal_value=-0.000626809 -0.0367363 -0.00489832 -0.0296001 0.0449185 0.0292089 0.0159734 -0.0475354 -0.000820015 0.0106261 0.0183401 0.00813961 -0.0484762 -0.0297554 -0.0473799 -0.0225371 0.00155577 0.0502953 0.00489096 0.0153997 0.00118836 0.000774079 0.0368128 0.00337081 0.00715182 -0.029423 -0.0291024 -0.0263397 0.0420547 -0.0494799
internal_weight=4023.8 2244.39 568.458 219.384 1779.41 449.778 284.292 1675.93 172.939 349.074 64.7501 332.942 1652.71 84.1001 66.495 73.9393 232.331 22.9679 209.749 98.9994 49.9527 41.7822 17.6051 204.995 177.673 22.5817 65.7885 64.0311 111.353 1568.61
internal_count=141125 106630 13093 9464 34495 7331 3968 93537 2112 3629 778 3420 93155 3464 3240 1242 2467 314 1802 870 451 464 224 1757 1236 665 1188 1177 1856 89691
is_linear=0
shrinkage=0.05


Tree=55
num_leaves=31
num_cat=0
split_feature=20 9 30 20 29 38 38 9 7 20 4 25 38 4 4 6 5 4 11 36 12 3 4 25 35 25 5 12 11 8
split_gain=2493.73 300.22 60.1557 128.349 59.2583 57.7145 55.6385 47.7848 34.0617 18.8814 12.7463 11.005 9.87022 11.3747 8.94605 12.1111 9.50522 8.82435 8.56018 9.5918 11.5125 8.10171 8.08966 8.04523 6.76226 6.48439 11.6752 9.57949 11.8962 8.42034
threshold=0.59166666865348827 0.87668499350547802 0.10670383647084238 0.24264705926179889 0.23606811463832858 1.0000000180025095e-35 1.0000000180025095e-35 0.87668499350547802 0.66352203488349926 0.86190477013587963 0.10555555671453477 0.75000000000000011 1.0000000180025095e-35 0.58571431040763866 0.31666667759418493 1.5000000000000002 0.63333335518836986 0.41428571939468389 0.15470086038112643 1.0000000180025095e-35 0.15075758099555972 1.0000000180025095e-35 0.27922078967094427 0.75000000000000011 1.0000000180025095e-35 1.0000000180025095e-35 0.81666666269302379 0.35067567229270941 0.75277778506279003 0.82891985774040233
decision_type=2 2 2 2 2 2 2 2 2 2 2 2 2 2 2 2 2 2 2 2 2 2 2 2 2 2 2 2 2 2
left_child=1 5 12 23 6 -1 -2 9 17 11 -5 14 -3 21 -8 -16 -17 -7 -19 -20 -21 -14 -12 -4 -15 26 27 28 -6 -30
right_child=4 2 3 10 25 8 7 -9 -10 -11 22 -13 13 24 15 16 -18 18 19 20 -22 -23 -24 -25 -26 -27 -28 -29 29 -31
leaf_value=0.039478536593242498 0.052613542810433837 0.054712154068367824 -0.04997060112169803 0.10002894889179781 0.033792149566904697 -0.050333776437657365 -0.032922650338732568 0.04144486693476887 0.014673728785744636 0.021240483166153363 -0.036341719979789876 0.018009053761218183 -0.0086291292568345945 -0.0085228774782968846 0.061284998868592566 -0.077929523379675958 -0.00030577066251496023 -0.045309625825111971 -0.041514451680232586 0.058495456442320196 -0.022196028844463034 0.062034164862233877 0.022141847752388418 0.16432319679302876 0.019662097723362429 0.051007478563426557 0.047372516534906803 -0.11714692058178949 -0.17931530928567296 -0.019128037087936908
leaf_weight=18.904551077634096 155.57358774915338 12.282445356249807 163.1510653514415 5.0173634961247435 17.611682746559389 1442.1004073135555 57.307203648611903 107.95378851890564 21.115082597360015 61.68588162958622 6.3317676931619635 22.475962016731501 88.623636662960052 24.465560257434845 6.4600141420960453 4.9033016916364458 20.15336474776268 80.20798784121871 18.837470151484013 7.2194639630615738 11.400775797665117 4.2508497834205619 89.387802891433239 0.43916397355496783 163.50530356913805 1173.5507646426558 73.886320389807224 1.4580891020596016 1.0729637183248986 3.4848856292665005
leaf_count=249 3321 180 9210 55 332 88222 1183 1863 351 515 219 171 1053 154 64 48 166 3619 829 103 164 21 1110 7 1084 25203 1511 25 19 74
internal_value=-0.00062327 -0.0363564 -0.0047579 -0.0220545 0.0445196 -0.0473671 0.0286253 0.0153416 -0.0484056 -0.000948452 0.0223452 -0.0132463 0.0108393 0.00892054 -0.0211551 0.000242021 -0.0154958 -0.0492595 -0.0360935 -0.0163591 0.00908978 -0.00539488 0.0182732 -0.0493953 0.0159937 0.049978 0.037589 0.0069947 0.0151595 -0.0568377
internal_weight=3864.82 2157.24 557.455 264.327 1707.58 1599.79 436.513 280.94 1580.88 172.986 100.737 111.3 293.128 280.845 88.8239 31.5167 25.0567 1559.77 117.666 37.4577 18.6202 92.8745 95.7196 163.59 187.971 1271.06 97.5139 23.6276 22.1695 4.55785
internal_count=141125 106630 13093 10601 34495 93537 7331 4010 93288 2147 1384 1632 2492 2312 1461 278 214 92937 4715 1096 267 1074 1329 9217 1238 27164 1961 450 425 93
is_linear=0
shrinkage=0.05


Tree=56
num_leaves=31
num_cat=0
split_feature=20 26 4 29 38 9 29 20 9 4 38 26 4 38 20 6 25 8 12 7 4 13 32 26 9 19 11 35 3 12
split_gain=2351.34 254.463 103.314 101.781 80.7145 69.9948 56.5787 29.9148 24.2739 12.1804 11.8274 11.1876 10.7337 10.579 11.474 9.44937 8.85068 7.99783 12.3752 7.81181 9.97319 7.8136 7.67456 8.5896 7.37662 7.32433 9.41021 7.21512 6.57243 6.34076
threshold=0.48684211075305944 0.71490147709846508 0.31666667759418493 0.23606811463832858 1.0000000180025095e-35 0.87668499350547802 0.066391184926033034 0.78759399056434642 0.76378247141838085 0.31666667759418493 1.0000000180025095e-35 0.40794736146926885 0.81666666269302379 1.0000000180025095e-35 0.15587044507265094 2.5000000000000004 1.0000000180025095e-35 0.73993557691574108 0.24068965017795566 0.05298245698213578 0.080128207802772536 1.5000000000000002 0.51726728677749645 0.22099143266677859 0.41183473169803625 0.15075758099555972 0.078461539000272765 1.0000000180025095e-35 1.0000000180025095e-35 0.54226192831993114
decision_type=2 2 2 2 2 2 2 2 2 2 2 2 2 2 2 2 2 2 2 2 2 2 2 2 2 2 2 2 2 2
left_child=1 6 28 4 -2 7 13 9 -4 22 -10 25 29 14 -1 -14 -9 18 27 20 21 -18 -6 24 -24 -8 -27 -7 -3 -12
right_child=3 2 8 -5 5 17 11 16 10 -11 12 -13 15 -15 -16 -17 19 -19 -20 -21 -22 -23 23 -25 -26 26 -28 -29 -30 -31
leaf_value=-0.082499660739844077 0.052562664885697663 -0.047501829649807918 -0.037872914989240558 0.049654298447329742 -0.043846972344086563 0.05982769870995544 -0.048249778442602344 -0.048640672757406411 0.054284431102641056 -0.0040393444885012666 0.0028537271610331472 0.029772707031448686 -0.011668980124404911 -0.050517787405253457 0.056929605395967788 0.035448050404514493 -0.012447297576311023 0.04712079340450856 0.042563707848112607 0.038394780679025853 -0.0790410471764596 0.025077260510900423 0.050512410015249448 0.086250243993365075 -0.04860842381258404 -0.045893205367546319 0.0086896148324231426 -0.024793877829838232 0.14291460042535484 0.060401153372555451
leaf_weight=2.1737255454063407 158.98806096985936 117.83241913281381 27.751945951022208 1227.2291547209024 63.22690312191844 3.0212453231215486 13.309468828141688 5.5319513902068129 14.933412831276653 44.933199167251587 245.92532639298588 17.677823636680841 13.191085718572138 1419.2164409765974 4.5938179194927216 55.046712748706341 21.898021794855595 86.883747417479753 27.202698906883597 28.142554316669703 3.2176804095506659 37.853053167462349 2.5977081488817912 2.3258982431143513 6.7656074240803719 10.684396991506217 30.260811481624842 15.151613831520081 0.45491552352905174 4.881643350236117
leaf_count=14 3500 7201 1324 27383 2051 46 655 40 233 496 2165 224 105 91198 48 493 129 1601 373 355 17 271 63 33 202 377 321 167 2 38
internal_value=-0.000619833 -0.0378857 -0.0062052 0.0418647 0.0230369 0.00957677 -0.0480379 -0.00793121 0.00705951 -0.0246213 0.0107932 -0.00477182 0.00875749 -0.0502204 0.0121451 0.0263398 0.0127665 0.0382352 0.0212214 0.016495 0.00670731 0.011325 -0.036966 0.000253249 -0.0211089 -0.0160275 -0.00555343 -0.0107255 -0.0467695 0.00397382
internal_weight=3712.9 1977.93 480.017 1734.97 507.74 348.752 1497.92 216.493 361.73 119.849 333.978 71.9325 319.045 1425.98 6.76754 68.2378 96.6433 132.259 45.3756 91.1113 62.9688 59.7511 74.9161 11.6892 9.36332 54.2547 40.9452 18.1729 118.287 250.807
internal_count=141125 104398 11561 36727 9344 5844 92837 3657 4358 2845 3034 1577 2801 91260 62 598 812 2187 586 772 417 400 2349 298 265 1353 698 213 7203 2203
is_linear=0
shrinkage=0.05


Tree=57
num_leaves=31
num_cat=0
split_feature=20 26 29 9 38 9 29 20 7 38 10 25 26 38 20 5 29 22 26 25 38 9 5 7 10 13 20 32 25 5
split_gain=2214.24 249.157 99.9178 93.9831 78.0926 65.353 55.9664 27.5403 14.8468 11.9681 12.388 11.2975 10.6289 10.0986 10.8005 9.696 8.91772 8.29449 9.79334 8.03879 8.01081 8.00184 7.79941 7.35119 12.6838 7.99003 6.99101 6.65627 6.63683 12.0979
threshold=0.48684211075305944 0.71490147709846508 0.23606811463832858 0.83250457048416149 1.0000000180025095e-35 0.87668499350547802 0.066391184926033034 0.78759399056434642 0.58434957265853893 1.0000000180025095e-35 0.95488464832305919 0.75000000000000011 0.23697775602340701 1.0000000180025095e-35 0.15587044507265094 0.35416667163372045 0.18414442986249926 0.69582608342170726 0.49159604310989385 1.0000000180025095e-35 1.0000000180025095e-35 0.95783627033233654 0.46428571641445165 0.05298245698213578 0.27334994077682501 1.0000000180025095e-35 0.87083333730697643 0.022232520394027237 1.0000000180025095e-35 0.81666666269302379
decision_type=2 2 2 2 2 2 2 2 2 2 2 2 2 2 2 2 2 2 2 2 2 2 2 2 2 2 2 2 2 2
left_child=1 6 4 8 -2 7 13 11 20 -5 22 15 16 14 -1 -6 -8 18 -17 -9 -3 27 -11 24 25 -21 -27 -7 29 -4
right_child=2 3 28 9 5 21 12 19 -10 10 -12 -13 -14 -15 -16 17 -18 -19 -20 23 -22 -23 -24 -25 -26 26 -28 -29 -30 -31
leaf_value=-0.081369173983304829 0.052431891678956989 0.055698056244365191 0.0047603736980113215 0.054097016897622009 -0.044401649745584387 -0.041611598904575726 -0.036020841658103452 -0.046248952597378351 0.01645168844295097 -0.045290964298534991 0.025319825191666125 0.020539630503614938 0.015252954376056331 -0.050460104724855605 0.056558027018359151 -0.036133019402756608 0.025296333756401751 0.048286206437065431 0.012484427889052222 -0.060291451821092704 -0.048018350102132103 0.049835865748758812 0.002739698710751901 0.037461984040263255 -0.020585724616453659 -0.0045944566284559689 0.045598371095497844 0.028810594082693902 0.050497832568032364 0.046835399384353327
leaf_weight=2.0957105308771125 151.60179480537772 1.8908474221825589 22.62005316093564 13.501824822276829 52.68143305927515 3.5555322580039492 28.952047780156136 5.5272531583905211 10.165986794978378 8.7473443951457721 66.430302985012531 12.768993668258188 34.551434466615319 1351.5049406522885 4.397756353020668 31.955179192125797 7.4568984396755686 4.8498852513730517 15.326250512152908 2.5455359891057006 120.98801193013787 64.992350846529007 250.414844667539 27.419719066470861 25.659715633839369 9.6432511322200281 24.72381591796875 59.629428099840879 1080.8474065363407 69.811086520552635
leaf_count=14 3500 23 452 220 1943 50 931 40 155 525 599 88 602 91198 48 568 44 46 200 15 7585 1303 2454 355 132 68 202 834 25383 1548
internal_value=-0.00061629 -0.0374946 0.0414621 -0.00600413 0.0225707 0.0093059 -0.0478993 -0.0076633 -0.0416182 0.00796916 0.00605631 -0.0238641 -0.0046115 -0.0501612 0.0120432 -0.0292737 -0.0234625 -0.0139861 -0.0203737 0.0122795 -0.0464224 0.037518 0.00111855 0.0158743 0.00641438 0.0251834 0.0315145 0.0248478 0.0493981 0.0365387
internal_weight=3567.26 1901.1 1666.16 472.139 492.88 341.278 1428.96 213.101 133.045 339.094 325.592 117.582 70.9604 1358 6.49347 104.813 36.4089 52.1313 47.2814 95.5193 122.879 128.177 259.162 89.992 62.5723 36.9126 34.3671 63.185 1173.28 92.4311
internal_count=141125 104398 36727 11561 9344 5844 92837 3657 7763 3798 3578 2845 1577 91260 62 2757 975 814 768 812 7608 2187 2979 772 417 285 270 884 27383 2000
is_linear=0
shrinkage=0.05


Tree=58
num_leaves=31
num_cat=0
split_feature=20 4 24 20 29 38 38 11 10 25 19 7 15 8 37 10 12 11 25 30 13 7 38 38 38 8 20 22 4 11
split_gain=2086.11 274.467 64.0455 92.1512 57.971 53.2105 47.7309 46.8063 23.5336 17.8154 15.1742 13.8591 13.4573 13.2054 14.2311 11.8756 10.4002 10.0591 9.99883 10.741 9.98911 10.3986 9.40415 9.02249 8.73076 8.68707 8.21917 8.27633 7.46446 7.73914
threshold=0.59166666865348827 0.44949495792388922 1.0000000180025095e-35 0.28174604475498205 0.30079366266727453 1.0000000180025095e-35 1.0000000180025095e-35 0.035098522901535041 0.76631206274032604 1.0000000180025095e-35 0.18350168317556384 0.57947367429733287 1.0000000180025095e-35 0.76393190026283275 1.0000000180025095e-35 0.65345367789268505 0.11834733933210374 0.87026646733284008 1.0000000180025095e-35 0.65323656797409069 2.5000000000000004 0.47871376574039465 1.0000000180025095e-35 2.5000000000000004 1.5000000000000002 0.091966174542903914 0.75961539149284374 0.91704893112182628 0.31666667759418493 0.32466214895248419
decision_type=2 2 2 2 2 2 2 2 2 2 2 2 2 2 2 2 2 2 2 2 2 2 2 2 2 2 2 2 2 2
left_child=1 5 22 -4 6 -1 -2 9 -7 -8 12 15 -10 14 26 16 -5 24 19 -13 21 25 -3 -24 -14 -11 28 -28 29 -9
right_child=4 2 3 11 -6 8 7 13 10 20 -12 18 17 -15 -16 -17 -18 -19 -20 -21 -22 -23 23 -25 -26 -27 27 -29 -30 -31
leaf_value=0.039169827602672902 0.052236888846162566 0.053766204577680034 -0.048435909183388276 0.16480364219977911 0.050170697234955923 -0.04950819764526207 -0.051231138491852693 0.011054362262680993 -0.048023258828665691 0.025049140210259481 0.061431945933604196 -0.046274551938893238 0.15435771802462839 0.047488551272137497 0.053998246508058456 -0.024121215679100475 0.0091487754882141458 -0.065403756855942519 0.038076784802145075 0.044878229837586353 0.028482024848325016 0.03280758470118348 0.001591466183321404 0.019874922603372792 0.018233159234645902 -0.020637730276936272 0.041957854289148423 -0.029897143862767723 0.010642166773968752 -0.065553176333046984
leaf_weight=17.618740618228912 154.75383491814137 11.929366290569304 151.49819430429488 1.5992023143917311 1018.2364031746984 1308.1867380682379 17.407548550516367 5.7067315578460676 23.414712654426694 12.506946275010703 5.9834721907973281 8.206371642649172 1.3207510877400608 95.417721886187792 25.894360113888979 28.859293587505817 3.2622793186455965 3.3023472949862471 49.86279253102839 5.3313616253435603 28.92879474721849 14.896365161985157 179.5791521621868 108.09064958337694 10.892925461754203 61.901711523532867 26.728107452392582 4.7142237015068522 34.470958301797509 7.8067082241177559
leaf_count=251 3804 205 9515 19 25093 91512 434 83 1489 155 69 62 18 2162 538 419 46 20 579 59 304 213 1323 851 193 757 470 80 341 61
internal_value=-0.000612248 -0.0352035 -0.00530274 -0.024063 0.0433653 -0.0471622 0.0292561 0.0186837 -0.0482864 -0.00400591 -0.0126993 0.0139558 -0.0240929 0.0340153 0.0218089 -0.0119428 0.060352 0.0120195 0.0277305 -0.0103772 0.00294706 -0.00532455 0.0102653 0.00846139 0.0329533 -0.0129585 0.0113147 0.0311845 -0.00170523 -0.0332018
internal_weight=3428.31 1918.94 548.219 248.619 1509.37 1370.72 491.134 336.38 1353.1 135.641 44.9142 97.1213 38.9307 200.739 105.321 33.7208 4.86148 15.516 63.4005 13.5377 118.234 89.305 299.599 287.67 12.2137 74.4087 79.4267 31.4423 47.9844 13.5134
internal_count=141125 106630 13078 10699 34495 93552 9402 5598 93301 1863 1789 1184 1720 3735 1573 484 65 231 700 121 1429 1125 2379 2174 211 912 1035 550 485 144
is_linear=0
shrinkage=0.05


Tree=59
num_leaves=31
num_cat=0
split_feature=19 26 4 29 38 29 11 38 23 9 23 23 10 38 10 38 23 38 10 7 28 23 12 19 26 11 5 21 19 22
split_gain=1898.72 279.05 107.185 70.6321 57.8254 57.5601 40.4978 30.594 27.0072 26.9267 20.7476 19.9263 17.8661 13.9551 13.0271 12.2561 10.26 9.92231 11.547 8.89673 8.66088 8.6391 19.0741 14.699 20.2735 21.6636 8.42461 8.41623 8.10844 8.01106
threshold=0.28869047760963445 0.55230990052223217 0.31666667759418493 0.24037037044763568 1.0000000180025095e-35 0.066391184926033034 0.035098522901535041 1.0000000180025095e-35 1.0000000180025095e-35 0.77798241376876842 1.0000000180025095e-35 1.0000000180025095e-35 0.2362911254167557 1.0000000180025095e-35 0.75905716419219982 1.0000000180025095e-35 1.0000000180025095e-35 2.5000000000000004 0.5025252401828767 0.31072796881198889 0.60127702355384838 1.0000000180025095e-35 0.11834733933210374 0.69397994875907909 0.02334665693342686 0.57979625463485729 0.81666666269302379 4.5000000000000009 0.069366481155157103 0.69582608342170726
decision_type=2 2 2 2 2 2 2 2 2 2 2 2 2 2 2 2 2 2 2 2 2 2 2 2 2 2 2 2 2 2
left_child=1 5 7 4 -2 13 12 -3 9 -4 -8 29 -6 28 -9 -11 -14 18 19 -17 -18 22 -5 24 25 -24 -19 -13 -1 -7
right_child=3 2 8 21 6 11 10 14 -10 15 -12 27 16 -15 -16 17 20 26 -20 -21 -22 -23 23 -25 -26 -27 -28 -29 -30 -31
leaf_value=-0.073754817420162655 0.052122957931997033 0.048205862821653525 -0.034550306736018888 0.04843546154091713 0.021067129031689138 -0.023979695661723546 0.0055688052829396852 -0.047869515040030092 0.054308903652223198 0.053712084255673115 0.046374669010644409 0.047878689352011186 -0.04017231039152136 -0.050412264523096585 0.047030726575328821 0.24686531284171137 -0.016322810926006601 -0.010235393874377574 -0.00051022359594202085 0.027132738271000392 0.035855738177215567 0.051213909669617343 0.028880189936433522 0.043229035347811182 0.0075323177246644467 -0.19391296789458201 0.024652842528088144 -0.04735564318636637 0.052096547478720612 0.087974057020574037
leaf_weight=1.6998083442449559 122.74983573332429 9.2344667017459852 39.779663640074432 152.2898483350873 34.379994669929147 60.917615828104317 51.958799486979842 147.42979237344116 29.172920243814588 14.593199405819176 77.782376050949097 17.990605200640861 40.120135888457298 1182.6616798490286 3.7071336274966589 0.82627179566770692 42.489781852811575 21.004584692418575 215.88858023099601 1.0410835901275275 9.784027982503174 861.36687601730227 1.7807637788355375 21.728153541684151 22.631899081170559 2.8173501901328564 98.19903458468616 2.6633500857278696 5.1803813613951206 1.6409555636346329
leaf_count=12 3173 192 2096 3654 518 1561 605 10084 534 260 1654 235 1160 87921 77 35 310 124 2313 21 115 22530 26 504 404 41 841 40 74 11
internal_value=-0.000608102 -0.0340809 -0.00536454 0.0424234 0.0238999 -0.0471869 0.0103944 -0.0401436 0.00789942 0.00443971 0.0300327 -0.00698431 -0.00970365 -0.0499992 -0.0455418 0.00885159 -0.0211535 0.00690875 0.000560599 0.124361 -0.00655661 0.0490348 0.0397077 0.012559 -0.0119141 -0.107629 0.0185053 0.0355981 0.0210039 -0.0210431
internal_weight=3295.51 1853.63 580.877 1441.88 379.265 1272.75 256.515 160.371 420.505 391.332 129.741 83.2125 126.774 1189.54 151.137 351.553 92.3939 336.96 217.756 1.86736 52.2738 1062.61 201.248 48.9582 27.23 4.59811 119.204 20.654 6.88019 62.5586
internal_count=141125 106431 16577 34694 7535 89854 4362 10353 6224 5690 2259 1847 2103 88007 10161 3594 1585 3334 2369 56 425 27159 4629 975 471 67 965 275 86 1572
is_linear=0
shrinkage=0.05


Tree=60
num_leaves=31
num_cat=0
split_feature=20 9 29 23 15 20 38 38 8 7 23 11 22 20 10 28 38 8 9 35 10 7 8 7 13 19 7 21 29 10
split_gain=1851.16 263.992 57.5466 47.3498 80.459 47.1676 45.9875 45.9464 41.9955 33.1535 28.9327 12.627 10.0917 9.50151 8.55944 14.6528 8.1123 7.70241 10.0858 9.46778 7.12645 10.9372 7.086 7.04852 6.82534 6.81914 7.95356 6.75717 6.70939 7.32138
threshold=0.59166666865348827 0.87668499350547802 0.30079366266727453 1.0000000180025095e-35 1.0000000180025095e-35 0.32291667163372045 1.0000000180025095e-35 1.0000000180025095e-35 0.76393190026283275 0.66352203488349926 1.0000000180025095e-35 0.035098522901535041 0.70396453142166149 0.90692642331123363 0.6838774085044862 0.70792865753173839 1.0000000180025095e-35 0.46470099687576299 0.92157834768295299 1.0000000180025095e-35 0.2362911254167557 0.05298245698213578 0.59807693958282482 0.54631218314170849 1.5000000000000002 0.41885964572429663 0.5045454502105714 4.5000000000000009 0.011799512896686794 0.87939393520355236
decision_type=2 2 2 2 2 2 2 2 2 2 2 2 2 2 2 2 2 2 2 2 2 2 2 2 2 2 2 2 2 2
left_child=1 7 6 4 5 -3 -2 -1 10 12 13 20 -9 14 15 -8 -6 -18 22 -20 -12 -22 23 -19 25 -16 -27 -5 -7 -30
right_child=2 3 -4 27 16 28 8 9 -10 -11 11 -13 -14 -15 24 -17 17 18 19 -21 21 -23 -24 -25 -26 26 -28 -29 29 -31
leaf_value=0.037443767671031754 0.052018243509666752 -0.048973898185622013 0.049765199737426741 0.058368714893226592 0.053650860258418642 0.10680600766650937 -0.025668572166403905 -0.048812472019179189 0.045713498358518623 0.016069727337619726 0.032317797665981966 0.040124079902250288 0.079258274124058337 0.039384957803004356 -0.030277826702219873 -0.16733579089318085 0.061366543814074609 -0.016058933537355418 -0.015042920171009494 0.01550182132995237 -0.018937033446495763 0.027442725161631161 -0.025068702761136721 0.044225598372601621 0.056057951303443869 0.048838416643896689 -0.04557762153175595 -0.020153326601724666 -0.013632645329451302 0.02410615213288092
leaf_weight=16.078685373067856 140.73615072667599 135.4615536024794 929.13403575494885 32.599255631677806 9.783817667514084 1.6154469735920418 57.215245667845011 1235.0667289886624 94.729143980890512 20.107627580873668 22.166465990245342 53.594260755926371 1.5400886386632908 7.5337305553257456 14.671006856486207 1.8853890672326077 6.432951893657445 10.416680427268149 29.59780215471983 177.59391268715262 33.526001468300819 20.474016342312098 38.079677189700305 9.0710803363472206 4.964285919442772 7.813530568033455 3.1216960549354553 2.9912152886390677 28.583263673819602 23.350368585437536
leaf_count=249 3804 9398 25093 554 180 17 1199 92902 2278 351 199 1118 35 81 99 16 59 217 179 1265 183 265 515 60 60 66 34 50 408 191
internal_value=-0.000602203 -0.0344014 0.042592 -0.00383536 -0.00804611 -0.0332697 0.0281794 -0.0465429 0.0177503 -0.0476174 0.00607917 0.0215302 -0.048653 -0.0145467 -0.0190778 -0.0301879 0.0089216 0.0073079 0.00599442 0.0111384 0.00844664 -0.00135223 -0.0125195 0.0120021 0.00240109 -0.00800138 0.0218853 0.0517693 0.00645691 0.00333545
internal_weight=3169.94 1778.37 1391.56 505.577 469.987 189.011 462.431 1272.79 321.695 1256.71 226.966 129.761 1236.61 97.2049 89.6712 59.1006 280.976 271.192 264.759 207.192 76.1665 54 57.5674 19.4878 30.5705 25.6062 10.9352 35.5905 53.5491 51.9336
internal_count=141125 106630 34495 13093 12489 10014 9402 93537 5598 93288 3320 1765 92937 1555 1474 1215 2475 2295 2236 1444 647 448 792 277 259 199 100 604 616 599
is_linear=0
shrinkage=0.05


Tree=61
num_leaves=31
num_cat=0
split_feature=20 26 29 9 36 29 9 23 23 23 10 23 12 20 26 11 21 7 20 21 10 22 5 5 7 35 25 11 13 9
split_gain=1743.45 231.038 91.4726 76.389 60.462 53.1564 49.696 25.2658 13.9078 13.2071 10.6541 10.5999 20.0689 17.588 14.8614 15.6326 9.29023 12.97 8.9242 8.69343 8.41554 9.71267 8.69866 8.23577 7.78236 7.2224 7.17811 7.18005 6.84085 8.97441
threshold=0.48684211075305944 0.71490147709846508 0.23606811463832858 0.77798241376876842 1.0000000180025095e-35 0.066391184926033034 0.87668499350547802 1.0000000180025095e-35 1.0000000180025095e-35 1.0000000180025095e-35 0.91704893112182628 1.0000000180025095e-35 0.11834733933210374 0.82843136787414562 0.02334665693342686 0.57979625463485729 4.5000000000000009 0.66352203488349926 0.87083333730697643 2.5000000000000004 0.88273492455482494 0.24149502068758014 0.22500000149011615 0.46428571641445165 0.72850123047828685 1.0000000180025095e-35 0.75000000000000011 0.032795699313282974 1.0000000180025095e-35 0.84436360001564037
decision_type=2 2 2 2 2 2 2 2 2 2 2 2 2 2 2 2 2 2 2 2 2 2 2 2 2 2 2 2 2 2
left_child=1 5 4 -3 25 -1 7 18 20 -7 23 12 -4 14 15 -14 -16 -18 24 -11 21 -8 -23 -5 26 -2 27 -6 29 -29
right_child=2 3 11 10 6 9 8 -9 -10 19 -12 -13 13 -15 16 -17 17 -19 -20 -21 -22 22 -24 -25 -26 -27 -28 28 -30 -31
leaf_value=-0.049956121674830614 0.051733503340865808 -0.044232199223462977 0.047220204105022236 -0.044914151890531023 -0.043821660963972692 -0.016271928407213098 0.061780681885785338 0.010832750511021127 0.049872743457242956 0.076058587886836268 0.019871084104626451 0.050938746482071841 0.026021407419508424 0.038578302487203363 0.021864619984677321 -0.16490431866230046 -0.11378322265381378 0.053655011232801822 0.026919994753080517 0.0011532609191333726 0.050611452565732552 0.062948992590744754 -0.020206386921105865 0.0023100990570668416 0.062849529770946419 -0.010414208646357906 0.070190942401949799 0.051267875723885761 -0.041668788046173931 -0.029678581838159097
leaf_weight=1121.1866294266656 126.03852281719446 96.728073875419796 141.38869746774435 9.610313995741306 57.880971462465823 51.085739518515766 5.6469446532428256 102.03593160584569 66.728900291025639 7.3078841362148514 99.359230071306229 791.12416611984372 1.6190521419048334 25.042274471372366 12.65293385833502 3.1736987493932247 3.4462697505950919 1.740764047950506 7.5671910271048537 8.2423493908718211 11.85048985481262 3.5898263379931477 25.376458628103137 234.77452090661973 2.2122777178883544 4.8549658441916099 1.6787631809711445 7.0371672352775949 10.557897194288669 6.6692341715097427
leaf_count=91260 3504 7102 3697 699 2095 1375 50 1000 1635 76 865 22698 24 618 244 40 30 32 54 126 186 61 237 2895 17 141 8 82 216 58
internal_value=-0.000596864 -0.0359084 0.0398969 -0.00497967 0.0209495 -0.0473775 0.00887923 -0.00637711 0.0352479 -0.0039908 0.00606582 0.0483969 0.0377608 0.00970711 -0.0222378 -0.100407 -0.00123741 -0.0575911 -0.0251374 0.0363553 0.0142445 0.00179358 -0.00990084 0.000453029 -0.029716 0.0494284 -0.032159 -0.0342506 -0.0114196 0.0118811
internal_weight=3048.21 1628.29 1419.91 440.472 439.726 1187.82 308.832 195.639 113.193 66.636 343.744 980.188 189.064 47.675 22.6327 4.79275 17.84 5.18703 93.6035 15.5502 46.4637 34.6132 28.9663 244.385 86.0363 130.893 83.824 82.1453 24.2643 13.7064
internal_count=141125 104398 36727 11561 9344 92837 5699 3530 2169 1577 4459 27383 4685 988 370 64 306 62 2530 202 534 348 298 3594 2476 3645 2459 2451 356 140
is_linear=0
shrinkage=0.05


Tree=62
num_leaves=31
num_cat=0
split_feature=19 26 9 29 29 23 19 23 11 23 30 10 11 35 32 5 23 12 19 26 11 21 13 29 10 7 10 6 13 10
split_gain=1582.26 260.165 90.5421 68.0697 50.6063 32.726 26.6059 22.4856 17.5185 15.6958 14.2982 14.0611 13.444 14.3577 13.9486 10.6537 9.49263 19.03 13.1226 13.8123 11.8772 8.89887 8.36597 8.1846 8.08016 7.91996 8.40058 7.78269 7.72936 7.8022
threshold=0.28869047760963445 0.53957813978195202 0.76799523830413829 0.24037037044763568 0.066391184926033034 1.0000000180025095e-35 0.14495798945426944 1.0000000180025095e-35 0.035098522901535041 1.0000000180025095e-35 0.16697202622890475 0.70659971237182628 0.026671408675611023 1.0000000180025095e-35 0.5001683533191682 0.88194444775581371 1.0000000180025095e-35 0.11834733933210374 0.69397994875907909 0.02334665693342686 0.57979625463485729 3.5000000000000004 2.5000000000000004 0.10042016953229906 0.93127068877220165 0.05298245698213578 0.30877573788166052 2.5000000000000004 1.0000000180025095e-35 0.43521307408809667
decision_type=2 2 2 2 2 2 2 2 2 2 2 2 2 2 2 2 2 2 2 2 2 2 2 2 2 2 2 2 2 2
left_child=1 4 6 5 -1 12 -3 11 10 -6 -7 15 14 -14 -2 28 17 -5 19 20 -19 -11 24 -15 -13 26 -12 -26 29 -4
right_child=3 2 7 16 9 8 -8 -9 -10 21 25 22 13 23 -16 -17 -18 18 -20 -21 -22 -23 -24 -25 27 -27 -28 -29 -30 -31
leaf_value=-0.049861741784351377 -0.032355218295338009 -0.045896537834395429 0.19653395042926436 0.047568563246375171 -0.020687785686443028 0.044181266014658764 0.019989879786712499 0.051853702800518202 0.047626471730318004 0.054572299518529044 0.0096424769712333564 0.0029381518380818864 0.0449229189427926 -0.048710246584216056 0.020472507605719042 0.017543201314804319 0.0507903717429821 0.026461767924992413 0.041803411120124423 0.0055610719808743105 -0.13471225719407148 -0.020108240667015671 0.090368986651146482 0.0089320204623290333 -0.0081869113423769548 0.028052345705158566 -0.035683799346756057 0.028688878844340928 -0.040806114340659685 -0.0082516096966404381
leaf_weight=1022.996060974896 39.61807925440371 132.16785611677915 0.47379553597420709 133.45617778971791 58.469584789127111 38.29184770770371 17.331647224724293 26.40569515619427 113.87375630810857 13.085543305613102 28.503180652856827 211.83672071713954 27.561326757073402 7.5802642041817299 18.251727154478431 19.427442977204919 748.6349062435329 1.6622423753142381 19.301390670239925 21.593991555273533 3.6595499888062477 5.7381710149347773 3.1307036876678458 32.826749183237553 18.055177038535476 26.184284409508109 15.938426048494874 68.947217769920826 33.851099056191742 25.381000556051731
leaf_count=87477 1261 10379 26 3654 1556 801 439 549 3016 176 289 1982 662 123 467 157 22530 26 504 404 41 88 30 300 163 485 131 718 1878 813
internal_value=-0.000590089 -0.032819 -0.00497597 0.0412388 -0.0469142 0.0224012 -0.0382583 0.00723403 0.0339143 -0.00790344 0.0195782 0.00414245 0.00201779 0.0170978 -0.0156937 -0.0146187 0.0483134 0.0379927 0.0103414 -0.0122201 -0.0843701 0.0318069 0.00905895 -0.00188154 0.00820713 0.00623891 -0.00661322 0.0210362 -0.0250838 -0.00449886
internal_weight=2934.24 1657.3 557.008 1276.94 1100.29 348.63 149.5 407.509 222.791 77.2933 108.918 381.103 125.838 67.9683 57.8698 79.1333 928.308 179.673 46.2172 26.9158 5.32179 18.8237 301.97 40.407 298.839 70.6259 44.4416 87.0024 59.7059 25.8548
internal_count=141125 106431 17134 34694 89297 7535 10818 6316 4722 1820 1706 5767 2813 1085 1728 2874 27159 4629 975 471 67 264 2893 423 2863 905 420 881 2717 839
is_linear=0
shrinkage=0.05


Tree=63
num_leaves=31
num_cat=0
split_feature=20 9 26 19 29 38 38 8 7 25 28 23 23 21 38 38 22 28 19 21 11 10 26 32 4 22 22 26 4 32
split_gain=1542.2 244.8 58.5253 63.1237 57.2794 44.5189 40.8862 37.7455 26.312 22.6135 14.7271 14.6317 14.3727 11.8167 10.65 11.1918 9.37372 9.27524 8.20135 11.1859 9.18145 11.4911 7.56994 7.50511 8.25604 7.21616 7.19943 9.2765 9.16883 7.06288
threshold=0.59166666865348827 0.86108192801475536 0.46302510797977453 0.11651583760976793 0.30079366266727453 1.0000000180025095e-35 1.0000000180025095e-35 0.76393190026283275 0.66352203488349926 1.0000000180025095e-35 0.61766856908798229 1.0000000180025095e-35 1.0000000180025095e-35 4.5000000000000009 1.0000000180025095e-35 2.5000000000000004 0.70396453142166149 0.22858179360628131 0.43874999880790716 5.5000000000000009 0.035098522901535041 0.27334994077682501 0.74731057882308971 0.79425507783889782 0.64583334326744091 0.562859207391739 0.59491634368896495 0.035875162109732635 0.41428571939468389 0.64289847016334545
decision_type=2 2 2 2 2 2 2 2 2 2 2 2 2 2 2 2 2 2 2 2 2 2 2 2 2 2 2 2 2 2
left_child=1 6 3 -3 5 -2 -1 9 16 -7 18 14 25 -14 -4 17 -8 -16 19 26 21 -20 -19 -17 -25 -5 27 -11 -29 -10
right_child=4 2 11 12 -6 7 8 -9 29 10 -12 -13 13 -15 15 23 -18 22 20 -21 -22 -23 -24 24 -26 -27 -28 28 -30 -31
leaf_value=0.036405145022192803 0.051758107007027758 -0.050496872850530554 0.053533584230600596 -0.013151033047565503 0.049166693336206241 -0.034600819788246084 -0.049067478891571675 0.044578074814082672 -0.024708440852259341 -0.13511781378727142 0.040916455945776059 0.058573901055074443 0.06159270618113627 -0.044083338183772733 0.050719018749893298 0.060007427901631549 0.072886117734559566 -0.033855769680886785 0.026620994626108764 -0.055834717793753041 0.043573735017257802 -0.014436140171985466 -0.0022843021359084184 -0.013618041721354363 0.019787844706872976 0.042601586258416362 0.05481107888338578 -0.018617466109227754 0.029006666033515368 0.04252147714935494
leaf_weight=14.580520164221523 123.51659585349262 114.32751772366464 10.976837135851381 38.684118886478245 810.06557956337929 30.802350560203195 1039.5696700308472 83.898420531302691 6.5636145323514965 1.3480525333434332 34.919609371572733 13.320277100428937 17.452486623078588 3.1179519221186629 7.5563111258670679 8.9077707845717651 1.5780522739514697 21.321219862438738 33.457270486280322 10.60755614005029 20.919433228671551 34.73540711030364 173.3815885046497 23.9180339705199 81.580802233889699 6.8283019363880149 5.4658086355775586 28.933377364650369 15.531748596578835 9.6503424411639553
leaf_count=231 3804 10028 210 698 25093 608 90628 2278 227 28 795 217 308 44 97 89 35 937 294 183 402 284 1827 129 746 92 70 475 181 87
internal_value=-0.000583631 -0.0330834 -0.00498147 -0.0280113 0.0413725 0.0264863 -0.0467517 0.0161028 -0.0478983 0.00507929 0.0116534 0.00720407 0.0108902 0.0455749 0.00511563 0.00343728 -0.0488826 -0.00363224 0.00488605 -0.00909682 0.0145969 0.00570766 -0.00574158 0.0159355 0.0122143 -0.00478638 0.000571365 -0.00589978 -0.00198227 0.015306
internal_weight=2827.52 1593.32 521.373 180.41 1234.2 424.136 1071.94 300.619 1057.36 216.721 185.918 340.963 66.0829 20.5704 327.643 316.666 1041.15 202.259 150.999 61.8865 89.1121 68.1927 194.703 114.407 105.499 45.5124 51.279 45.8132 44.4651 16.214
internal_count=141125 106630 15422 11170 34495 9402 91208 5598 90977 3320 2712 4252 1142 352 4035 3825 90663 2861 1917 937 980 578 2764 964 875 790 754 684 656 314
is_linear=0
shrinkage=0.05


Tree=64
num_leaves=31
num_cat=0
split_feature=20 9 29 26 20 36 8 7 23 23 23 21 20 23 11 25 28 9 7 11 26 30 28 21 20 21 29 27 13 36
split_gain=1450.06 238.123 57.063 54.7606 59.3379 41.5309 35.5921 29.978 20.8995 14.1672 13.7517 11.1506 10.6178 10.3736 9.99741 9.35013 8.62741 11.378 10.8363 7.63196 7.14526 7.02554 6.61649 6.62971 6.37433 6.46325 6.20455 17.8377 8.17112 6.6974
threshold=0.59166666865348827 0.86108192801475536 0.30079366266727453 0.46302510797977453 0.24264705926179889 1.0000000180025095e-35 0.76393190026283275 0.66352203488349926 1.0000000180025095e-35 1.0000000180025095e-35 1.0000000180025095e-35 4.5000000000000009 0.38675214350223547 1.0000000180025095e-35 0.035098522901535041 1.0000000180025095e-35 0.22858179360628131 0.89789974689483654 0.81909090280532848 0.07275132462382318 0.37221671640872961 0.65323656797409069 0.60939544439315807 2.5000000000000004 0.85357144474983226 5.5000000000000009 0.055363984778523452 0.075237251818180098 2.5000000000000004 1.0000000180025095e-35
decision_type=2 2 2 2 2 2 2 2 2 2 2 2 2 2 2 2 2 2 2 2 2 2 2 2 2 2 2 2 2 2
left_child=1 7 5 4 -3 -2 8 12 15 21 16 -11 -1 -14 -10 -7 -5 18 -18 -19 -15 -6 23 -17 25 -25 27 28 29 -21
right_child=2 3 -4 10 9 6 -8 -9 14 11 -12 -13 13 20 -16 22 17 19 -20 26 -22 -23 -24 24 -26 -27 -28 -29 -30 -31
leaf_value=-0.04911717640456939 0.050697472902213117 -0.050454991402757388 0.048960797744715658 0.052166177050557816 -0.014911105468694289 -0.038130389539120214 0.044105336424935027 0.017961801229364249 0.0072515238149984994 0.06108049311928318 0.057554938177173234 -0.041779996074060716 -0.04003879416416431 -0.02275149119159961 0.03691359849511424 0.076058148271418158 -0.027483706638463525 -0.064423296306909558 0.081639225268318072 0.034272375896508368 0.042019354386663016 0.034876057369202539 0.039931763005260947 -0.01011872480435173 0.026337901296730512 -0.056326077590164995 0.044237923404727486 -0.04570456266844633 0.094931786412492697 0.0061240846002542744
leaf_weight=935.82432189583778 119.96393652632833 107.96497227624059 773.71751393005252 9.3747610347345454 37.499439002946019 26.167749132961035 80.291283845901489 17.681236305274069 72.689132496714592 16.789963609538976 12.889331908896564 3.125169306062161 52.420981452800333 10.14307665359229 46.629922544583678 2.2212011478841296 38.637966132722795 3.6737451339140526 2.4173836298286906 23.396366675384343 7.3385721044614902 8.736560042947529 7.9579204693436614 37.644545116461813 9.0830441080033761 9.4719590973108989 11.397106825374065 15.368246333673595 2.7884451728314152 218.35212589800358
leaf_count=86972 3850 9966 25093 116 771 528 2270 340 641 304 217 44 3499 250 1112 30 1210 63 14 258 147 85 105 611 77 178 104 592 26 1652
internal_value=-0.000578074 -0.0326473 0.0409559 -0.00482358 -0.0276072 0.0259275 0.0157565 -0.0465784 0.00501313 0.0096825 0.00690286 0.0449392 -0.0477131 -0.0289157 0.0188435 -0.0128182 0.00489654 0.00349433 -0.0210584 0.00716018 0.00443848 -0.00550353 -0.00283963 -0.00866583 -0.0120144 -0.0194079 0.00812951 0.00654611 0.00982988 0.00884827
internal_weight=2721.66 1535.82 1185.84 512.412 174.116 412.121 292.157 1023.41 211.865 66.1511 338.295 19.9151 1005.73 69.9026 119.319 92.5464 325.406 316.031 41.0553 274.976 17.4816 46.236 66.3787 58.4207 56.1995 47.1165 271.302 259.905 244.537 241.748
internal_count=141125 106630 34495 15422 11170 9402 5552 91208 3282 1204 4252 348 90868 3896 1753 1529 4035 3919 1224 2695 397 856 1001 896 866 789 2632 2528 1936 1910
is_linear=0
shrinkage=0.05


Tree=65
num_leaves=31
num_cat=0
split_feature=20 26 29 4 38 29 11 23 23 11 7 7 8 23 38 20 25 11 38 29 27 20 27 7 30 19 37 23 12 20
split_gain=1362.3 213.435 85.8366 67.3376 59.4893 51.0563 48.3112 25.0401 20.8031 12.9308 17.1287 10.8334 10.4918 9.21763 8.91064 9.55708 8.52508 8.51045 8.08699 7.3074 8.29902 6.71021 6.33487 5.8762 8.46531 6.01847 5.85694 5.81423 14.2485 13.8796
threshold=0.48684211075305944 0.71490147709846508 0.29695767164230352 0.31666667759418493 1.0000000180025095e-35 0.066391184926033034 0.098387096077203764 1.0000000180025095e-35 1.0000000180025095e-35 0.10102041065692903 0.66352203488349926 0.72850123047828685 0.73993557691574108 1.0000000180025095e-35 1.0000000180025095e-35 0.15587044507265094 0.75000000000000011 0.29217478632926946 1.0000000180025095e-35 0.28496241569519049 0.49058216810226446 0.90692642331123363 0.47593611478805548 0.05298245698213578 0.19512154906988147 0.68585526943206798 1.0000000180025095e-35 1.0000000180025095e-35 0.050641026347875602 0.87867647409439098
decision_type=2 2 2 2 2 2 2 2 2 2 2 2 2 2 2 2 2 2 2 2 2 2 2 2 2 2 2 2 2 2
left_child=1 5 4 -3 -2 14 8 12 11 10 -5 16 17 -7 15 -1 21 -8 -11 -14 -21 -6 -16 24 25 26 -10 28 -4 -30
right_child=2 3 27 9 6 13 7 -9 23 18 -12 -13 19 -15 22 -17 -18 -19 -20 20 -22 -23 -24 -25 -26 -27 -28 -29 29 -31
leaf_value=-0.079898395047746928 0.05166574626236789 -0.044906107353672148 0.049222269619453834 -0.041453704434783488 -0.039648364759123721 -0.013513450744905221 0.046472072254389304 0.045553631544710663 -0.039531507072258248 0.05324070572035098 0.023931144912499022 0.058582653279879465 0.040861610941805342 0.032097940029570608 -0.050148189988724001 0.05592263376525794 0.064118368416064109 -0.013666168662799617 0.0081254480767992757 -0.17086904707138104 0.020035855748041974 0.025135774989472521 0.16440345169770673 0.024782287610104942 -0.01616814512189315 0.047046224265660602 0.036904949687845856 0.050645453778909277 -0.012182539992207225 0.048673427641034883
leaf_weight=1.9222851619124401 118.92602177523077 81.111024055629969 100.53663790598512 29.416298582218587 64.637797487899661 48.361483348533511 6.7839811630547038 98.67151840031147 5.6212218236178177 10.298665799200533 15.187891643494366 3.4184386339038602 24.835115533322099 14.367500557564197 921.05102461203933 3.9701914116740227 2.2102082744240752 44.290318773128092 279.74431693553925 0.89553074166178648 1.5626910924911497 4.2604977563023558 0.34417271614074607 31.335652707144618 38.12897090241313 11.820657689124344 4.5224628001451492 615.59186636283994 22.260689985007048 16.179046325385571
leaf_count=14 3943 7203 3196 1646 2327 1375 95 2719 64 212 118 43 464 202 91196 48 15 495 2382 23 44 33 2 498 292 104 32 21338 509 493
internal_value=-0.000572781 -0.0340975 0.0381683 -0.00403353 0.021193 -0.0467228 0.0106273 0.0287955 -0.00875424 0.00587307 -0.0191899 -0.0283618 0.00769553 -0.00306658 -0.0496761 0.0116141 -0.0325415 -0.00567826 0.00972737 0.0327221 -0.0495108 -0.0356423 -0.050068 0.00722854 -0.00192487 0.0228007 -0.00545306 0.04856 0.0393228 0.0134314
internal_weight=2622.26 1405.77 1216.49 415.758 461.921 990.017 342.995 177.039 165.956 334.647 44.6042 74.5269 78.3676 62.729 927.288 5.89248 71.1085 51.0743 290.043 27.2933 2.45822 68.8983 921.395 91.429 60.0933 21.9643 10.1437 754.568 138.976 38.4397
internal_count=141125 104398 36727 11561 11191 92837 7248 3840 3408 4358 1764 2418 1121 1577 91260 62 2375 590 2594 531 67 2360 91198 990 492 200 96 25536 4198 1002
is_linear=0
shrinkage=0.05


Tree=66
num_leaves=31
num_cat=0
split_feature=20 4 29 26 29 38 38 8 9 25 4 13 29 20 38 38 21 10 29 7 19 10 13 7 26 10 19 26 10 10
split_gain=1281.7 227.037 56.4136 53.6357 43.4864 41.8583 41.0624 33.0042 23.3993 18.2259 13.7923 10.784 10.4163 10.0163 9.95821 10.243 8.14128 11.3309 9.30373 7.93917 9.38731 7.63917 14.3176 12.4289 10.6355 6.9476 6.74229 8.06176 6.62505 8.19697
threshold=0.59166666865348827 0.41428571939468389 0.30079366266727453 0.46697819232940679 0.095619048923254027 1.0000000180025095e-35 1.0000000180025095e-35 0.76393190026283275 0.89789974689483654 1.0000000180025095e-35 0.11805555596947671 1.5000000000000002 0.12552521377801898 0.24264705926179889 1.0000000180025095e-35 2.5000000000000004 4.5000000000000009 0.52689418196678173 0.18414442986249926 0.38138528168201452 0.41421568393707281 0.72812235355377208 2.5000000000000004 0.38548950850963598 0.71490147709846508 0.89825496077537548 0.17752101272344592 0.68978881835937511 0.21164613962173465 0.7243877947330476
decision_type=2 2 2 2 2 2 2 2 2 2 2 2 2 2 2 2 2 2 2 2 2 2 2 2 2 2 2 2 2 2
left_child=1 6 5 4 -3 -2 -1 9 -8 -7 13 12 28 -10 -5 26 17 -6 -19 20 -13 -12 23 24 -23 -25 27 -16 -11 -30
right_child=2 3 -4 14 16 7 8 -9 10 11 21 19 -14 -15 15 -17 -18 18 -20 -21 -22 22 -24 25 -26 -27 -28 -29 29 -31
leaf_value=0.037170258927032823 0.051507572512483085 -0.049809400087552941 0.048549038307736769 0.0531677162918687 0.16412011175258706 -0.031468822060582574 -0.049215280647578276 0.043328589120105787 -0.050765755847109045 0.04491240743624117 -0.045469357070454672 -0.032280210927192861 0.018430201200007403 0.13670180494722986 -0.034049309530218265 0.017950833515004688 -0.046912908103113792 -0.009107268848283688 0.034495303084841965 0.052696721499529801 0.024386223704487814 0.014837039761030863 0.21042192498039725 -0.031161367615876734 0.30766970338325167 0.037199746977349686 0.04961091392233407 0.00067994363330744643 -0.025842593147275179 0.031581393975166468
leaf_weight=14.588043218478559 106.92327966727316 93.498243484646082 705.94996449537575 11.374183516949413 1.1901498604565848 30.022678705863655 880.92142133694142 74.595891634002328 1.000639935024082 4.4799536922946563 18.266888503916562 8.6705866530537588 44.739342530258 2.4745612367987633 18.338640415109694 110.07115376275033 6.7037116084247819 31.069032014347613 20.180731797590852 19.360922394320369 46.524399261921644 0.70635961648077372 0.7612870903685679 19.067243355326358 0.55268148519098759 4.6165819121524683 6.4238203875720492 188.16985875554383 47.521910895593464 7.1494508702307931
leaf_count=247 3804 9125 25093 245 10 608 90169 2278 76 56 1226 198 786 26 987 1008 83 443 318 436 531 41 15 925 10 63 76 1537 622 83
internal_value=-0.000566654 -0.0317471 0.0401175 -0.00402497 -0.0285837 0.0248548 -0.0460651 0.0147872 -0.0473731 0.00457432 -0.0131689 0.0106384 0.000225822 0.0827229 0.00718597 0.00556677 0.00497134 0.011604 0.00806221 0.0251479 0.0154845 -0.0207476 -0.00317889 -0.00969825 0.143382 -0.017836 -0.00083492 -0.00240413 -0.0135431 -0.0183332
internal_weight=2525.91 1429.98 1095.94 487.02 152.642 389.988 942.956 283.065 928.368 208.469 47.4462 178.447 103.891 3.4752 334.378 323.003 59.1436 52.4399 51.2498 74.5559 55.195 43.971 25.7042 24.9429 1.25904 23.6838 212.932 206.508 59.1513 54.6714
internal_count=141125 106630 34495 13832 9979 9402 92798 5598 92551 3320 2382 2712 1547 102 3853 3608 854 771 761 1165 729 2280 1054 1039 51 988 2600 2524 761 705
is_linear=0
shrinkage=0.05


Tree=67
num_leaves=31
num_cat=0
split_feature=20 9 29 26 19 38 38 8 5 23 23 21 32 11 38 26 29 23 22 28 11 28 6 11 25 22 13 5 8 9
split_gain=1203.83 219.852 56.2443 45.3263 49.7686 41.0474 35.9472 31.4816 22.7083 18.2298 17.0089 12.5438 10.9416 9.95093 9.73523 9.91682 11.4462 8.7642 8.75726 7.49601 7.87815 10.3368 7.87354 9.69625 7.27609 8.74635 6.94859 8.62934 6.60684 6.51903
threshold=0.59166666865348827 0.86108192801475536 0.30079366266727453 0.40486028790473944 0.15075758099555972 1.0000000180025095e-35 1.0000000180025095e-35 0.76393190026283275 0.77500000596046459 1.0000000180025095e-35 1.0000000180025095e-35 4.5000000000000009 0.53849241137504589 0.035098522901535041 1.0000000180025095e-35 0.74731057882308971 0.055363984778523452 1.0000000180025095e-35 0.70396453142166149 0.22858179360628131 0.58898946642875682 0.46082948148250585 2.5000000000000004 0.66260164976120006 1.0000000180025095e-35 0.60428115725517284 1.5000000000000002 0.77500000596046459 0.91366460919380199 0.66944798827171337
decision_type=2 2 2 2 2 2 2 2 2 2 2 2 2 2 2 2 2 2 2 2 2 2 2 2 2 2 2 2 2 2
left_child=1 6 5 4 -3 -2 -1 10 18 14 24 17 -10 -12 -5 16 -16 -6 -8 -17 21 28 23 -22 -7 29 27 -24 -21 -26
right_child=2 3 -4 9 11 7 8 -9 12 -11 13 -13 -14 -15 15 19 -18 -19 -20 20 22 -23 26 -25 25 -27 -28 -29 -30 -31
leaf_value=0.035190879430884732 0.051431952300828157 -0.049560447941893564 0.048337838614820293 0.053034070076233744 0.0069619815879263264 -0.034400784827134406 -0.048613317709358332 0.042862021041139203 -0.027180272006111346 0.060172149467875302 0.0057251996408971065 -0.051299419988136419 0.053014572224860848 0.036026685178687658 -0.048893956081250495 0.050009849986607673 0.011771369102965513 0.055616715202331725 0.074315162662391743 -0.011882659059673813 0.037763244098779403 0.064396281022284105 -0.013005603080534415 -0.008652885547056623 -0.041254722976528858 0.025714066489011686 0.072819557435889956 0.022727558523273614 -0.096144026811537206 -0.0014030725970642526
leaf_weight=13.416512489318846 101.85433812625706 93.284510539844632 674.38105323724449 9.5488112233579141 34.21487530041486 25.568692597560585 860.83262623008341 71.710857100784779 9.2368281492963451 14.72563944943249 71.952448917552829 7.0746409678831688 7.8833847455680361 43.458907222375274 19.296928766183555 8.8748732591047865 13.022513903677462 12.687738785520194 1.4512248598039139 70.712981984950602 13.121371708810328 4.383221060037612 21.575669057667255 78.949282001703978 15.366590985096989 18.917184134945273 5.477948358282446 77.89156823605299 2.4054975360631934 30.891825333237648
leaf_count=231 3804 9676 25093 212 491 528 90360 2278 497 264 647 114 86 1118 1443 107 172 258 34 1077 188 28 124 526 497 268 31 698 13 262
internal_value=-0.000562008 -0.0312923 0.0396713 -0.00427812 -0.0274497 0.0242795 -0.0460351 0.0143265 -0.0472743 0.00575843 0.00440051 0.0107625 0.00974724 0.0171354 0.00329493 0.00179056 -0.02445 0.0201237 -0.0484064 0.00478316 0.00332102 -0.0101839 0.00863356 -0.00203793 -0.0117961 -0.00292825 0.0179959 0.0149766 -0.0146547 -0.0146414
internal_weight=2434.17 1380.07 1054.1 487.248 147.262 379.721 892.821 277.867 879.404 339.986 206.156 53.9773 17.1202 115.411 325.261 315.712 32.3194 46.9026 862.284 283.392 274.518 77.5017 197.016 92.0707 90.7443 65.1756 104.945 99.4672 73.1185 46.2584
internal_count=141125 106630 34495 15422 10539 9402 91208 5598 90977 4883 3320 863 583 1765 4619 4407 1615 749 90394 2792 2685 1118 1567 714 1555 1027 853 822 1090 759
is_linear=0
shrinkage=0.05


Tree=68
num_leaves=31
num_cat=0
split_feature=20 26 29 4 29 36 8 23 11 11 5 10 11 26 32 25 22 21 10 22 11 26 10 32 23 10 4 6 23 22
split_gain=1131.31 199.852 81.5518 59.1422 48.5309 47.4713 39.7168 23.5185 11.0392 10.9268 12.6139 10.8511 8.14674 9.67371 9.39558 7.89909 11.8802 10.8678 8.26444 8.80846 7.81777 7.54649 7.31146 6.9736 6.75168 9.20891 6.59646 6.61335 6.35423 6.09066
threshold=0.48684211075305944 0.67873525619506847 0.30079366266727453 0.31666667759418493 0.066391184926033034 1.0000000180025095e-35 0.76393190026283275 1.0000000180025095e-35 0.067816093564033522 0.10102041065692903 0.77500000596046459 0.75905716419219982 0.032795699313282974 0.015038444194942715 0.55561563372612011 1.0000000180025095e-35 0.5432584583759309 2.5000000000000004 0.57659712433815014 0.16722595691680911 0.29217478632926946 0.22099143266677859 0.44327485561370855 0.0071364908944815406 1.0000000180025095e-35 0.48528139293193823 0.31666667759418493 1.5000000000000002 1.0000000180025095e-35 0.08856209367513658
decision_type=2 2 2 2 2 2 2 2 2 2 2 2 2 2 2 2 2 2 2 2 2 2 2 2 2 2 2 2 2 2
left_child=1 4 5 11 -1 -2 7 12 -9 10 -5 -3 14 -14 -7 16 -6 18 -17 -20 22 -16 -15 -10 25 -11 -22 -28 -8 -27
right_child=2 3 -4 9 15 6 28 8 23 24 -12 -13 13 20 21 17 -18 -19 19 -21 26 -23 -24 -25 -26 29 27 -29 -30 -31
leaf_value=-0.049700213668869155 0.048783863394281243 -0.047662674987540232 0.048144819098600855 -0.034220403824201572 -0.051648419967921924 -0.037322508725301677 0.021315855040819509 0.0046153212275431531 -0.088519932427607209 0.14383090339683113 0.028259417143821314 0.058368539610450854 -0.066784375439939925 -0.040671546060606807 -0.0012757164324399676 0.16714423207338838 0.059546936854287691 -0.020628795894213368 -0.069550369350710003 0.034504036112449891 -0.043445139250599847 0.12592143369842571 0.064108116847418267 0.038922812515950804 0.09342666417177059 0.0088906489854901384 0.055817728844709716 -0.0048449219603509701 0.050062730326522531 -0.027788275894601984
leaf_weight=796.57253068313003 109.01480808015913 72.080413723364472 647.71038519218564 31.954325095750391 13.571464327163996 49.861906265839934 29.378286253660917 81.684903314337134 1.1010756660252798 1.2417687335982908 10.8111514179036 2.4965203618630758 5.3079934716224662 2.0848522372543803 7.9124471964314562 1.0605198740959192 2.9186812881380311 17.984830648638308 2.2522126613184836 20.977405183948576 9.0064584175124747 1.3676389520987866 8.2656002556905133 42.725776802748442 2.3298144601285449 273.66803816333413 5.3312586881220332 28.567778842523694 55.610607160255313 11.806305871345101
leaf_count=90747 4136 7502 25196 1752 538 1949 629 820 20 44 102 58 54 72 198 29 33 470 77 420 165 19 106 1083 21 2398 50 280 1950 207
internal_value=-0.00055636 -0.0327488 0.036882 -0.00387934 -0.0464653 0.0201971 0.0107019 0.000420126 0.015477 0.0051635 -0.0184254 -0.0441132 -0.0156352 -0.00241633 -0.0287249 -0.00261599 -0.0319673 0.00883306 0.0306471 0.0244155 0.0039992 0.0174698 0.0430027 0.035721 0.00865358 0.00796472 -0.00540995 0.00469542 0.0401257 0.00737373
internal_weight=2346.66 1261.73 1084.93 406.388 855.338 437.221 328.207 243.218 125.512 331.811 42.7655 74.5769 117.706 58.5639 59.142 58.7651 16.4901 42.275 24.2901 23.2296 53.2559 9.28009 10.3505 43.8269 289.046 286.716 42.9055 33.899 84.9889 285.474
internal_count=141125 104398 36727 12084 92314 11531 7395 4816 1923 4524 1854 7560 2893 727 2166 1567 571 996 526 497 673 217 178 1103 2670 2649 495 330 2579 2605
is_linear=0
shrinkage=0.05


Tree=69
num_leaves=31
num_cat=0
split_feature=19 26 4 29 29 38 11 38 29 22 23 13 38 23 10 11 12 8 12 29 29 21 26 11 38 10 13 19 21 22
split_gain=1025.47 222.501 66.2194 55.6254 54.3399 38.2313 27.1004 22.2438 21.8283 20.5211 15.798 13.278 12.2137 11.5359 11.2847 9.65419 9.44185 12.5786 9.27916 8.98304 8.80719 7.91965 8.23058 7.70121 8.02538 7.23861 7.16605 6.90579 6.78748 6.6775
threshold=0.32666666805744177 0.53957813978195202 0.31666667759418493 0.30079366266727453 0.066391184926033034 1.0000000180025095e-35 0.098387096077203764 1.0000000180025095e-35 0.039886362850666053 0.08856209367513658 1.0000000180025095e-35 1.5000000000000002 1.0000000180025095e-35 1.0000000180025095e-35 0.75905716419219982 0.19803921878337863 0.13397436589002612 0.73993557691574108 0.11834733933210374 0.041522989049553878 0.18414442986249926 3.5000000000000004 0.31051221489906317 0.2524509876966477 1.5000000000000002 0.54085850715637218 1.5000000000000002 0.069366481155157103 11.500000000000002 0.91704893112182628
decision_type=2 2 2 2 2 2 2 2 2 2 2 2 2 2 2 2 2 2 2 2 2 2 2 2 2 2 2 2 2 2
left_child=1 4 7 5 12 -2 11 -3 9 15 18 28 27 20 19 16 -4 -18 29 -9 -6 -15 -23 -17 25 -25 -20 -1 -7 -8
right_child=3 2 8 -5 13 6 10 14 -10 -11 -12 -13 -14 21 -16 23 17 -19 26 -21 -22 22 -24 24 -26 -27 -28 -29 -30 -31
leaf_value=-0.071742255385829443 0.051294193852281067 0.046559460786000408 -0.047817918749278765 0.047923676844600215 -0.026646249696561104 -0.022636713111989816 0.040040273956432254 -0.047993276857763237 0.037862993256609023 -0.043913409361911286 0.045025726248316772 0.013484420144611143 -0.049976303370343533 0.049984128171377158 0.045534588979158658 0.071995192144994835 -0.025591305129463761 0.048496905520390432 -0.027592695794437239 0.041152964181849716 0.021247164571466894 -0.071026237756540531 0.037632532410335075 0.16610350151072165 0.0053869827537622074 0.030266420433653868 0.025652965792778301 0.051211975318651973 0.054958292532496601 -0.064932668704600224
leaf_weight=1.5166458040475834 85.608553871512413 7.5298285689204922 15.426191407255827 618.02720968611538 47.233356079086661 63.266076126135886 20.932616511359814 98.854912650771439 50.144379302859306 22.242569861933589 69.072319375351071 58.684079614467919 732.50197015050799 13.043040053918959 3.5264632254838935 4.7892514979466787 15.309925692155959 9.1545096384361369 19.519584334455434 2.9090629108250132 12.047313410788773 3.4432199615985146 3.5289304545149207 1.0269149113446499 245.22052173037082 21.816190241836011 9.3439534734934551 4.6230812016874552 2.9496564753353587 1.6331476308405388
leaf_count=12 3527 226 705 25167 1575 1190 408 10442 1025 1426 2374 943 87682 227 79 65 871 78 205 47 102 50 72 26 1993 324 133 86 37 28
internal_value=-0.000551352 -0.029123 -0.00277223 0.0390647 -0.0451651 0.0225242 0.0124878 -0.0364606 0.00709645 0.00249098 0.0294041 -0.00383273 -0.0493877 -0.00583173 -0.0423978 0.0057913 -0.0171841 0.00213225 0.00842332 -0.0454449 -0.0169131 0.0269889 -0.016029 0.00915026 0.00802746 0.036373 -0.0103556 0.0208396 -0.0191802 0.0324431
internal_weight=2264.93 1315.89 497.951 949.037 817.938 331.01 245.401 112.82 385.13 334.986 120.502 124.9 738.642 79.2959 105.29 312.744 39.8906 24.4644 51.4293 101.764 59.2807 20.0152 6.97215 272.853 268.064 22.8431 28.8635 6.13973 66.2157 22.5658
internal_count=141125 107113 17307 34012 89806 8845 5318 10794 6513 5488 3148 2170 87780 2026 10568 4062 1654 949 774 10489 1677 349 122 2408 2343 350 338 98 1227 436
is_linear=0
shrinkage=0.05


Tree=70
num_leaves=31
num_cat=0
split_feature=20 4 29 26 29 9 23 11 4 20 10 23 10 7 13 7 10 13 13 22 5 11 23 12 20 26 9 10 10 10
split_gain=996.371 203.997 55.4838 41.9552 37.9816 29.5069 25.0572 16.2146 13.9443 13.2375 12.4299 9.83916 9.32187 12.7908 8.65993 8.21226 13.5179 8.90483 8.08178 7.4508 7.01835 9.60542 6.49153 14.8158 14.6687 12.5173 15.6889 8.38652 8.34774 23.0276
threshold=0.59166666865348827 0.41428571939468389 0.30079366266727453 0.46697819232940679 0.095619048923254027 0.89789974689483654 1.0000000180025095e-35 0.035098522901535041 0.11805555596947671 0.83771929144859325 0.88273492455482494 1.0000000180025095e-35 0.2362911254167557 0.05298245698213578 1.0000000180025095e-35 0.82480818033218395 0.72812235355377208 2.5000000000000004 5.5000000000000009 0.58374586701393139 0.81666666269302379 0.72111111879348766 1.0000000180025095e-35 0.050641026347875602 0.87867647409439098 0.02334665693342686 0.9506518840789796 0.82426470518112194 0.84273937344551098 0.80217391252517711
decision_type=2 2 2 2 2 2 2 2 2 2 2 2 2 2 2 2 2 2 2 2 2 2 2 2 2 2 2 2 2 2
left_child=1 5 6 4 -3 18 9 12 -7 10 20 -5 14 -14 -8 16 -10 -18 -1 -6 21 -2 23 -4 25 26 27 -25 29 -27
right_child=2 3 22 11 19 8 7 -9 15 -11 -12 -13 13 -15 -16 -17 17 -19 -20 -21 -22 -23 -24 24 -26 28 -28 -29 -30 -31
leaf_value=-0.048209439585135662 -0.010964796174751962 -0.049586676456690529 0.048088955662175685 0.0045417125028832704 -0.0026895350321396441 0.077176997750796131 -0.082737535999759956 0.045468200163937413 -0.039973099162770413 0.037342751268077186 0.042605163510767874 0.048723166558151149 -0.013107022221428828 0.031614740695027864 0.043428667943230734 -0.05061765788213294 0.019733809289474546 0.19126906035945238 0.014090216235498491 0.051183775706916124 0.031078626255226439 -0.12501960465250794 0.05016499718565548 -0.10211237697805892 0.047425331902054953 0.023137216082585208 -0.25421984361474931 0.052446526471469704 0.05166111301188514 -0.17864014171737261
leaf_weight=734.94064487423748 81.508340569213033 77.671420885249972 77.329070277512074 311.53044907096773 48.675942867994308 4.478867143392562 1.4152802061289538 118.98114105314016 13.019861741922798 26.146680809557438 13.436667988076804 13.132590045221148 35.827962977811694 28.872582793235779 34.879566162824631 11.985322471708058 16.170858436264101 0.79372259136289258 5.2427942994981995 7.3926687706261864 9.8509429488331062 1.8887656349688757 481.07357044517994 2.2484792452305586 12.637318935245277 5.1892166752368194 1.1370353400707243 1.4396181385964153 5.1564133800566196 1.9435734990984199
leaf_count=90007 1747 9125 3113 3634 711 129 11 4500 1015 671 359 219 302 689 922 745 540 15 347 143 169 32 21024 46 484 147 24 38 170 47
internal_value=-0.000546171 -0.0298923 0.0382832 -0.00337968 -0.0269478 -0.0453423 0.0226069 0.0329614 -0.00668524 0.00545924 -0.00235488 0.00632885 0.0182273 0.00685004 0.0385089 -0.0156347 -0.00165142 0.0277594 -0.0477682 0.00441368 -0.00883344 -0.0135479 0.0476867 0.0365528 0.00656862 -0.0236002 -0.0918424 -0.0417816 0.00319385 -0.031844
internal_weight=2186 1245.04 940.962 458.403 133.74 786.632 352.808 219.977 46.4486 132.831 106.685 324.663 100.995 64.7005 36.2948 41.9698 29.9844 16.9646 740.183 56.0686 93.248 83.3971 588.154 107.081 29.7517 17.1143 4.82513 3.6881 12.2892 7.13279
internal_count=141125 106630 34495 13832 9979 92798 9402 6424 2444 2978 2307 3853 1924 991 933 2315 1570 555 90354 854 1948 1779 25093 4069 956 472 108 84 364 194
is_linear=0
shrinkage=0.05


Tree=71
num_leaves=31
num_cat=0
split_feature=20 26 29 38 29 11 8 23 5 11 38 10 25 22 6 21 22 19 38 20 11 26 11 25 23 12 20 21 10 27
split_gain=933.456 186.825 78.4846 50.4255 47.2698 44.7744 35.8913 19.9772 17.0275 10.6287 8.32708 7.78703 7.17954 11.0914 10.6673 9.07562 8.19954 7.85175 6.92899 8.29309 6.7026 8.87607 7.47432 6.5841 6.55941 14.5696 13.4883 10.4173 20.072 27.2222
threshold=0.48684211075305944 0.67873525619506847 0.30079366266727453 1.0000000180025095e-35 0.066391184926033034 0.07275132462382318 0.76393190026283275 1.0000000180025095e-35 0.73214286565780651 0.035098522901535041 1.0000000180025095e-35 0.87138131260871898 1.0000000180025095e-35 0.48733974993228918 1.5000000000000002 2.5000000000000004 0.16722595691680911 0.20344828069210055 1.0000000180025095e-35 0.15587044507265094 0.032795699313282974 0.015038444194942715 0.29217478632926946 0.75000000000000011 1.0000000180025095e-35 0.050641026347875602 0.87867647409439098 5.5000000000000009 0.83424907922744762 0.52176406979560863
decision_type=2 2 2 2 2 2 2 2 2 2 2 2 2 2 2 2 2 2 2 2 2 2 2 2 2 2 2 2 2 2
left_child=1 4 3 -2 18 8 7 11 -3 -9 -7 20 13 -6 -14 16 -16 -15 19 -1 23 -22 -23 -5 25 -4 27 -27 29 -29
right_child=2 5 24 6 12 10 -8 9 -10 -11 -12 -13 14 17 15 -17 -18 -19 -20 -21 21 22 -24 -25 -26 26 -28 28 -30 -31
leaf_value=-0.078708601308852849 0.051275146762134162 -0.047080139789565677 0.047935028621803176 -0.033156842538184121 -0.05978610944579188 0.052745954040407175 0.038681285408590151 0.0023221139078890042 0.0043064356699876209 0.032832197862186656 0.0043066769176421573 0.05042172141594839 0.16882129407824176 0.11986872183379915 -0.069005919895457499 -0.022792654869818393 0.034619770456743151 -0.013842788854310126 -0.049944462646503852 0.055331793554694045 -0.067942969142219187 0.040443744985725921 -0.0084668248940529406 0.061678301750312671 0.050061796519699719 0.0019227965284781311 0.047179503219254008 -0.063223467277316578 0.028316842107326181 -0.4065521165817626
leaf_weight=1.7706824094057072 92.116004135459661 66.917183146812022 74.854825472459197 54.370518483221531 10.624403303489087 9.1468988899141532 77.954144395887852 76.370658009313047 21.237219661008567 45.582916360348463 295.56368237454444 4.3450508750975123 1.0162030458450306 1.6514732306823123 2.0994406258687404 17.131834756582975 21.038888429291546 3.2754955142736435 685.55487382784486 3.3130317665636539 5.158451688475906 9.6665253834798914 40.69177426584065 1.8939504399895657 460.65297710709274 12.830357663333418 12.082059800624849 1.7179362680763 2.1421729512512684 0.86960867233574379
leaf_count=14 3987 7510 3137 2225 500 221 2596 760 389 1189 3964 56 32 25 76 458 430 46 90689 44 52 176 477 13 21102 341 484 41 73 18
internal_value=-0.000536164 -0.031234 0.0354301 0.0187226 -0.0459061 -0.00331833 0.00923439 -0.000407366 -0.0347006 0.013726 0.00576074 -0.0152499 -0.00207625 -0.0310309 0.00883014 0.00479282 0.0252174 0.030976 -0.0495132 0.00864487 -0.0178026 -0.00547691 0.000921802 -0.0299645 0.0474962 0.0361864 0.00651776 -0.0214592 -0.0848878 -0.178608
internal_weight=2113.64 1140.34 973.3 408.15 747.476 392.865 316.034 238.08 88.1544 121.954 304.711 116.126 56.8377 15.5514 41.2864 40.2702 23.1383 4.92697 690.639 5.08371 111.781 55.5168 50.3583 56.2645 565.15 104.497 29.6421 17.5601 4.72972 2.58754
internal_count=141125 104398 36727 11531 92314 12084 7544 4948 7899 1949 4185 2999 1567 571 996 964 506 71 90747 58 2943 705 653 2238 25196 4094 957 473 132 59
is_linear=0
shrinkage=0.05


Tree=72
num_leaves=31
num_cat=0
split_feature=20 4 29 9 24 20 23 9 4 10 20 10 23 10 7 20 13 7 10 13 23 32 21 23 12 20 21 10 9 28
split_gain=876.118 193.234 54.8809 28.781 27.1583 57.0341 22.5215 15.5599 12.7387 12.6545 12.0846 10.9375 10.567 12.403 8.85565 8.42021 7.87795 7.8125 12.3649 7.56505 6.8389 7.6885 7.07544 6.81121 14.2229 12.5627 8.28891 14.425 17.0944 7.6015
threshold=0.59166666865348827 0.41428571939468389 0.30079366266727453 0.89789974689483654 1.0000000180025095e-35 0.24264705926179889 1.0000000180025095e-35 0.62477290630340587 0.11805555596947671 0.2362911254167557 0.85357144474983226 0.88273492455482494 1.0000000180025095e-35 0.57307061553001415 0.58898946642875682 0.3717105239629746 1.0000000180025095e-35 0.82480818033218395 0.72812235355377208 2.5000000000000004 1.0000000180025095e-35 0.63166248798370372 4.5000000000000009 1.0000000180025095e-35 0.050641026347875602 0.87867647409439098 5.5000000000000009 0.83424907922744762 0.90979695320129406 0.46082948148250585
decision_type=2 2 2 2 2 2 2 2 2 2 2 2 2 2 2 2 2 2 2 2 2 2 2 2 2 2 2 2 2 2
left_child=1 3 6 15 -3 -6 10 9 -5 16 11 -2 13 -7 -15 -1 -8 18 -10 -20 21 -17 -22 24 -4 26 29 28 -28 -26
right_child=2 4 23 8 5 12 7 -9 17 -11 -12 -13 -14 14 -16 20 -18 -19 19 -21 22 -23 -24 -25 25 -27 27 -29 -30 -31
leaf_value=-0.049065857038957383 -0.0082828502887395475 0.0064989510787088521 0.047659020352495335 0.075627074030739372 -0.047991254412030365 0.15421850244289356 -0.076789614646933374 0.042818341226029871 -0.039277478200724233 -0.0021861927044763193 0.036598743088234367 0.041539433453301008 0.034740991027365963 -0.03367880038380619 0.0084882873199322723 -0.040414927075406039 0.042144638194995983 -0.050176528029629366 0.019080253942323162 0.17406775179679929 0.033886919795187841 0.17165863430799616 -0.046671201234278703 0.04994578572923547 -0.12166149368292939 0.046929115435348501 -0.036206693432608163 0.027643314280500528 -0.2744543186645314 0.013706520194879002
leaf_weight=624.52017025882378 91.972430438734591 278.99632504070178 70.581269424408674 4.3138368790969244 84.418021395336837 1.2340927813202132 1.4513335153460492 125.18528598733246 12.2751232967712 46.973354049026966 24.658823704347014 12.514591554179786 28.669741840101779 19.008201707154512 36.09550099587068 38.33597154635936 34.241740792989731 11.240736680105327 16.027790918014947 0.82800703030079503 7.675474417395888 0.43219287414103646 4.2266192152164876 437.15303511172533 1.1387184113264108 11.552598100155594 1.6789549570530646 2.0860906075686216 1.365014351904392 11.617584597319363
leaf_count=86127 1952 2460 3113 129 9915 23 11 4945 1015 522 665 361 537 506 391 3805 946 745 540 15 248 14 160 21024 22 484 37 73 22 318
internal_value=-0.000527739 -0.0288544 0.0373298 -0.0449034 -0.00308993 -0.0188801 0.0215127 0.0317014 -0.00604157 0.0148666 0.00511466 -0.00231555 0.0100291 -0.00254651 -0.00605739 -0.0474754 0.0373086 -0.0147681 -0.00110509 0.0266937 -0.0278727 -0.0380507 0.00527947 0.0472527 0.0354821 0.0062874 -0.0199626 -0.073636 -0.143045 0.00162261
internal_weight=2042.47 1168.3 874.171 719.876 448.422 169.426 336.998 207.852 44.6855 82.6664 129.146 104.487 85.0075 56.3378 55.1037 675.19 35.6931 40.3717 29.1309 16.8558 50.6703 38.7682 11.9021 537.173 100.02 29.439 17.8864 5.13006 3.04397 12.7563
internal_count=141125 106630 34495 92798 13832 11372 9402 6424 2444 1479 2978 2313 1457 920 897 90354 957 2315 1570 555 4227 3819 408 25093 4069 956 472 132 59 340
is_linear=0
shrinkage=0.05


Tree=73
num_leaves=31
num_cat=0
split_feature=19 26 4 29 29 38 11 38 29 22 35 13 38 10 38 38 21 11 7 10 32 26 11 19 6 12 35 19 11 30
split_gain=793.539 200.966 54.5082 54.4469 48.5062 36.3334 23.084 19.8795 18.6456 17.4687 12.6654 11.7712 10.6022 10.5842 9.81193 9.12151 8.79472 8.66293 11.648 8.03049 8.19345 8.07958 7.95203 7.75274 8.90863 7.64 7.34258 7.01071 6.56011 6.4451
threshold=0.32666666805744177 0.53416875004768383 0.31666667759418493 0.30079366266727453 0.066391184926033034 1.0000000180025095e-35 0.098387096077203764 1.0000000180025095e-35 0.039886362850666053 0.08856209367513658 1.0000000180025095e-35 1.5000000000000002 1.0000000180025095e-35 0.75905716419219982 2.5000000000000004 1.0000000180025095e-35 3.5000000000000004 0.19803921878337863 0.66352203488349926 0.88273492455482494 0.033347966149449355 0.025105042383074764 0.57979625463485729 0.13714733719825747 4.5000000000000009 0.13680927455425265 1.0000000180025095e-35 0.27525253593921667 0.2524509876966477 0.68295863270759594
decision_type=2 2 2 2 2 2 2 2 2 2 2 2 2 2 2 2 2 2 2 2 2 2 2 2 2 2 2 2 2 2
left_child=1 4 7 5 12 -2 11 -3 9 15 -8 -7 -1 27 19 -4 23 18 -17 20 -12 22 -22 24 -6 -20 -19 -9 -28 -14
right_child=3 2 8 -5 16 6 10 13 -10 -11 14 -13 29 -15 -16 17 -18 26 25 -21 21 -23 -24 -25 -26 -27 28 -29 -30 -31
leaf_value=0.021056807158734075 0.051101808971182994 0.046227982542884412 0.052702222472369636 0.047051776150497986 -0.0553617839657101 -0.019180156482041747 0.052020085819966713 -0.046893106364034917 0.035707886104357163 -0.042779327873295442 -0.062333758654652877 0.012141491990554053 -0.049866239937532329 0.0434676313226307 0.04676482256418886 -0.041669414175748168 -0.037341350259083236 -0.016787442817856404 -0.057655484799970014 0.051619562532966824 -0.0048509020782374519 0.01418842314432886 -0.11561953349543874 0.010639921420168723 0.18031612343369535 0.036570549547901128 0.069932149019552886 0.055618791002974823 0.0086002477929328237 0.28298694702906774
leaf_weight=5.3279162887483826 72.839068353176117 6.949045253917574 9.7962736357003433 515.6049422621727 7.4821932157501569 64.078211938031018 34.993687951005995 86.12184421159327 47.773059144616127 20.191227299626917 5.1549211703240863 56.398111761547625 603.64971178490669 3.5238614729605606 18.779745627194643 22.211955862119794 17.502366022206843 29.298283785581589 2.6979888752102843 7.9022289216518393 4.5362940710037938 35.311651130206883 2.52053496055305 48.82528885640204 0.4236759915947913 10.615850530564783 4.4446444166824213 1.7007737308740605 228.71255751699209 0.14546844363212486
leaf_count=95 3527 229 243 25167 632 1227 1323 10642 1050 1477 83 943 87443 79 736 1527 441 183 27 297 73 604 32 921 14 62 57 27 1963 1
internal_value=-0.000520108 -0.027163 -0.00214759 0.0371716 -0.044516 0.020332 0.0105736 -0.0352967 0.00652435 0.00227338 0.0272235 -0.00451768 -0.0491664 -0.0414986 0.0155299 0.00522899 -0.00635692 0.00366828 -0.0195037 0.00494667 -0.00281413 0.00442755 -0.0444149 0.00320221 -0.0427318 0.0174761 0.00680483 -0.0449079 0.00976941 -0.049786
internal_weight=1975.51 1157.39 474.037 818.119 683.357 302.514 229.675 98.2955 375.742 327.969 109.199 120.476 609.123 91.3465 74.2054 307.778 74.2335 297.981 35.5258 55.4256 47.5234 42.3685 7.05683 56.7312 7.90587 13.3138 262.455 87.8226 233.157 603.795
internal_count=141125 107113 17566 34012 89547 8845 5318 10977 6589 5539 3148 2170 87539 10748 1825 4062 2008 3819 1616 1089 792 709 105 1567 646 89 2203 10669 2020 87444
is_linear=0
shrinkage=0.05


Tree=74
num_leaves=31
num_cat=0
split_feature=19 26 29 4 29 38 11 35 29 30 35 13 38 38 38 11 7 21 25 30 12 30 35 29 26 11 12 4 4 21
split_gain=743.046 193.845 54.1495 51.1678 48.4046 35.4616 21.5112 19.0305 17.0784 16.3181 12.3945 10.6401 10.2282 9.42698 8.72528 8.20475 11.0473 8.02025 9.07762 7.9499 6.91659 6.89786 6.57919 6.47199 6.97017 6.66539 6.36006 8.08539 6.83888 6.1476
threshold=0.32666666805744177 0.53416875004768383 0.30079366266727453 0.31666667759418493 0.066391184926033034 1.0000000180025095e-35 0.098387096077203764 1.0000000180025095e-35 0.039886362850666053 0.13795641809701922 1.0000000180025095e-35 1.5000000000000002 1.0000000180025095e-35 2.5000000000000004 1.0000000180025095e-35 0.19803921878337863 0.66352203488349926 3.5000000000000004 1.0000000180025095e-35 0.56609871983528148 0.13680927455425265 0.65323656797409069 1.0000000180025095e-35 0.10042016953229906 0.034632682800292976 0.5604878067970277 0.16472868621349337 0.5634920895099641 0.29285715520381933 12.500000000000002
decision_type=2 2 2 2 2 2 2 2 2 2 2 2 2 2 2 2 2 2 2 2 2 2 2 2 2 2 2 2 2 2
left_child=1 4 5 7 12 -2 11 -3 9 14 -8 29 -1 23 -5 16 -16 18 21 -20 -18 -6 -17 -12 25 -25 28 -28 -26 -7
right_child=2 3 -4 8 17 6 10 -9 -10 -11 13 -13 -14 -15 15 22 20 -19 19 -21 -22 -23 -24 24 26 -27 27 -29 -30 -31
leaf_value=0.020205844352762545 0.051047007319622417 0.015771330555956749 0.04681296455533096 0.052567359334583209 -0.045276724416151423 -0.021003559423203057 0.051766244104163806 -0.04490414583784013 0.034357046557972462 -0.042285669488558601 -0.052293129586768961 0.011561511250807156 -0.049729996237027174 0.0464456596558162 -0.041270024017204615 -0.015747741262876945 -0.055158680007175658 -0.035849570280706865 0.0042849937762611326 0.058380931228736437 0.034739937677698958 0.027839662924496123 0.0093445431954714154 0.0078784466209270067 -0.09450082265251461 -0.075678340349764325 0.02132786866573156 -0.045021233302487272 0.045687028594256746 0.068771630664194824
leaf_weight=5.2760415673255912 69.35917161218822 15.453445976134388 492.89814100787044 9.3418069463223201 12.997813658323141 62.033179852180183 33.446189511567354 78.921508288476616 47.184215463232249 19.411277804523706 4.5605707624927154 56.269332281313837 574.98450510809198 17.983532335609198 21.672579094301909 29.427991276606917 2.6795935546979299 17.323830681852996 30.398793569765985 8.7454974986612779 10.616455217823384 4.2904926761984816 232.64325272385031 5.5407241806387884 0.91185218468308704 4.1928263064473867 14.111157957464458 6.8064464163035145 18.94110219180584 1.9674010444432486
leaf_count=95 3527 778 25167 243 568 1199 1323 10199 1050 1438 76 943 87444 736 1569 182 27 441 806 138 62 55 2018 99 17 69 230 121 477 28
internal_value=-0.000514342 -0.0266713 0.0366603 -0.00207918 -0.0442445 0.0197611 0.0101919 -0.0349688 0.00624293 0.0021712 0.0265574 -0.00429914 -0.0490941 0.0150152 0.00498783 0.00349147 -0.0192577 -0.00609134 0.00304392 0.0163709 0.0166224 -0.0271312 0.00652693 0.00475037 0.00990146 -0.0281145 0.0189774 -0.000261679 0.0392482 -0.0182438
internal_weight=1910.39 1121.37 789.022 467.352 654.017 296.123 226.764 94.375 372.977 325.793 106.494 120.27 580.261 73.0482 306.382 297.04 34.9686 73.7564 56.4326 39.1443 13.296 17.2883 262.071 55.0647 50.5041 9.73355 40.7706 20.9176 19.853 64.0006
internal_count=141125 107113 34012 17566 89547 8845 5318 10977 6589 5539 3148 2170 87539 1825 4101 3858 1658 2008 1567 944 89 623 2200 1089 1013 168 845 351 494 1227
is_linear=0
shrinkage=0.05


Tree=75
num_leaves=31
num_cat=0
split_feature=20 9 29 38 38 26 19 9 4 23 36 23 21 5 11 11 38 23 12 20 26 9 21 32 11 4 6 28 11 9
split_gain=719.975 177.156 53.9805 36.1087 30.0517 27.0107 37.9071 22.7931 21.0047 15.0453 11.8979 10.6772 10.4668 8.83802 9.24214 8.59315 7.85587 7.6805 15.2856 12.7532 10.8618 11.5399 8.6604 11.4853 11.4631 7.58697 10.2489 7.06571 8.84184 14.3148
threshold=0.59166666865348827 0.86108192801475536 0.30079366266727453 1.0000000180025095e-35 1.0000000180025095e-35 0.40065789222717291 0.15075758099555972 0.93036890029907238 0.41428571939468389 1.0000000180025095e-35 1.0000000180025095e-35 1.0000000180025095e-35 4.5000000000000009 0.63333335518836986 0.53452381491661083 0.035098522901535041 1.0000000180025095e-35 1.0000000180025095e-35 0.050641026347875602 0.87867647409439098 0.02334665693342686 0.9506518840789796 5.5000000000000009 0.038908826187253005 0.58898946642875682 0.81666666269302379 2.5000000000000004 0.22858179360628131 0.51668518781661998 0.94485616683959972
decision_type=2 2 2 2 2 2 2 2 2 2 2 2 2 2 2 2 2 2 2 2 2 2 2 2 2 2 2 2 2 2
left_child=1 4 3 -2 -1 6 -3 11 -6 16 -10 -5 -8 14 15 -13 -7 18 -4 20 21 -20 23 -22 -24 27 -27 -18 29 -29
right_child=2 5 17 7 8 9 12 -9 10 -11 -12 13 -14 -15 -16 -17 25 -19 19 -21 22 -23 24 -25 -26 26 -28 28 -30 -31
leaf_value=0.03475159433464213 0.051001345897879725 -0.048984833052779772 0.046987489089964057 -0.01061680999232315 -0.049150793930211378 0.052414985102232449 0.018508378327138041 0.038625160938528941 -0.044961057113315168 0.057881608028072434 -0.0023389196693622345 -7.1743977186338825e-05 -0.050973726620928188 0.044663185309356632 -0.10575897543553453 0.038233988437542193 0.044428232265817491 0.049630669707248269 -0.041661319623658655 0.046141730510750635 -0.15933694444612345 -0.21494359505570904 0.011091905707672883 0.051696683236600073 -0.16076127177762989 -0.023189057681356429 0.027024816140808407 -0.030537842305434659 0.0011236431739615361 0.044441885271393478
leaf_weight=11.773073146119712 71.797318320721388 64.609905015677214 61.648299930617213 86.242466425523162 546.71067288983613 7.6258148532360783 42.102005874272436 56.17985986918211 27.582298216875643 12.668341027572749 40.290901627391577 62.905744031071663 6.2209930047392836 18.388874683529139 1.7978100776672352 19.081975040957332 7.6123547749593845 380.78696749359369 3.6828776895999935 10.100336169824006 0.71009284257888605 1.2999274805188177 2.4086757265031338 7.0042884666472673 1.6249655876308677 12.811270914040504 49.136399665381759 51.58308597560972 174.73227597726509 7.2617121385410419
leaf_count=231 3804 9633 3113 1546 86333 212 745 2368 3232 268 1412 537 114 579 43 525 96 21024 84 484 22 24 70 235 37 181 661 1397 2054 61
internal_value=-0.000507505 -0.0273387 0.0357857 0.0198244 -0.044378 -0.00288051 -0.0239326 0.010673 -0.0458939 0.00447025 -0.0196597 0.00233853 0.00956341 0.0132738 0.00638454 0.0088436 0.00229293 0.0465472 0.0332771 0.00177563 -0.025008 -0.0868677 0.00122912 0.0322715 -0.0581397 0.00103204 0.0166402 -0.0029768 -0.00452174 -0.021285
internal_weight=1848.38 1062.72 785.66 316.394 626.357 436.364 112.933 244.597 614.584 323.431 67.8732 188.417 48.323 102.174 83.7855 81.9877 310.763 469.266 88.4795 26.8312 16.7308 4.98281 11.748 7.71438 4.03364 303.137 61.9477 241.189 233.577 58.8448
internal_count=141125 106630 34495 9402 91208 15422 10492 5598 90977 4930 4644 3230 859 1684 1105 1062 4662 25093 4069 956 472 108 364 257 107 4450 842 3608 3512 1458
is_linear=0
shrinkage=0.05


Tree=76
num_leaves=31
num_cat=0
split_feature=20 9 10 20 38 38 26 19 7 38 11 20 30 8 26 4 4 32 19 11 10 19 32 11 9 7 12 19 38 11
split_gain=673.661 171.476 55.3998 37.0459 28.5667 28.4972 25.1334 36.3904 22.2918 15.2096 11.8069 9.47993 11.0169 9.34815 9.35689 8.95623 8.1832 8.16143 11.9241 9.3292 9.14188 11.7099 9.70615 13.2047 15.609 7.66594 7.51131 7.2957 7.22157 7.05773
threshold=0.59166666865348827 0.86108192801475536 0.84273937344551098 0.87083333730697643 1.0000000180025095e-35 1.0000000180025095e-35 0.40065789222717291 0.12060606107115747 0.66352203488349926 2.5000000000000004 0.035098522901535041 0.32291667163372045 0.14814770966768268 0.81934732198715221 0.017316341400146488 0.41428571939468389 0.10555555671453477 0.78677597641944896 0.72902098298072826 0.056349206715822227 0.79431909322738659 0.43874999880790716 0.2151538282632828 0.52704679965972911 0.92462962865829479 0.70659971237182628 0.29099461436271673 0.54772728681564342 1.0000000180025095e-35 0.35388994216918951
decision_type=2 2 2 2 2 2 2 2 2 2 2 2 2 2 2 2 2 2 2 2 2 2 2 2 2 2 2 2 2 2
left_child=1 5 3 4 -2 -1 7 -3 15 13 28 12 -8 14 25 -7 -9 18 19 -16 21 29 23 -22 -25 -6 -20 -26 -5 -21
right_child=2 6 -4 10 9 8 11 16 -10 -11 -12 -13 -14 -15 17 -17 -18 -19 26 20 22 -23 -24 24 27 -27 -28 -29 -30 -31
leaf_value=0.033810968715497068 0.051050858894078469 -0.050330589910276106 0.048088129841014321 0.050923508312998737 -0.040742947846778843 -0.049202221596979845 0.0043491207256709926 0.10468730370471971 0.016022980892131212 0.042970063698268765 0.048673482204244493 0.033578188887004305 -0.03420224971606995 0.045092482467203154 -0.020184885325972068 -0.027755802172478118 0.0032843040343036554 0.10580310758589634 -0.0084199778580907447 0.033288210135511642 0.020194211192441705 0.045569518664089516 0.025327538222623194 -0.29714186343696791 -0.14630134879946688 -0.18196621493956341 -0.20662889252821046 0.051666661387547122 0.013482696110904977 -0.020675013825316776
leaf_weight=11.502556798979638 29.083765568211675 58.603696537204087 399.05295797809958 16.786525534465909 11.289181032218037 519.62561840843409 276.03565254295245 2.0737385516986242 14.29308035597205 16.208265110850334 101.21455467864871 25.422372199129313 19.865526157431304 7.7808270733803502 60.25881549809128 53.712592833675444 49.02591646136716 1.5810084622353304 0.78357769735157434 8.7083524856716412 1.8330282811075429 20.049424309283495 3.2978125363588333 1.1285673808306458 1.0997638273984192 1.0503370221704234 1.2255759760737417 0.80681041255593289 55.327079895883799 19.917010316625237
leaf_count=231 1520 9462 21860 949 234 86246 2892 31 314 775 5446 453 1585 339 1272 4417 999 14 26 85 46 619 88 20 27 18 25 34 925 173
internal_value=-0.000497346 -0.0268273 0.0352635 0.0210252 0.00553378 -0.0441298 -0.0027765 -0.02344 -0.0456554 -0.00289713 0.0376583 0.00427825 0.00176095 -0.00817678 -0.0112925 -0.047193 0.00739947 -0.00705238 -0.00855038 -0.00647814 0.00805283 0.016266 -0.0409031 -0.0857694 -0.149764 -0.0527638 -0.129327 -0.0625267 0.0221981 -0.00425843
internal_weight=1788.64 1030.16 758.483 359.43 186.102 599.134 431.027 109.703 587.631 157.018 173.328 321.324 295.901 140.81 133.029 573.338 51.0997 120.69 119.109 117.1 56.8408 48.6748 8.16598 4.86817 3.03514 12.3395 2.00915 1.90657 72.1136 28.6254
internal_count=141125 106630 34495 12635 5315 91208 15422 10492 90977 3795 7320 4930 4477 3020 2681 90663 1030 2429 2415 2364 1092 877 215 127 81 252 51 61 1874 258
is_linear=0
shrinkage=0.05


Tree=77
num_leaves=31
num_cat=0
split_feature=20 4 29 38 24 20 8 9 23 38 9 23 23 12 20 7 23 37 36 21 22 22 6 7 38 9 32 5 6 20
split_gain=630.972 158.329 71.4173 43.3376 32.0979 30.1171 26.4681 19.6162 13.9294 9.58156 9.35498 8.44646 7.93329 14.9006 11.3004 7.68423 7.22377 6.9199 6.8436 6.92761 13.4036 7.79638 6.75585 6.69562 6.5271 6.40201 6.17041 5.97415 26.385 9.06764
threshold=0.48684211075305944 0.41428571939468389 0.30079366266727453 1.0000000180025095e-35 1.0000000180025095e-35 0.24264705926179889 0.76393190026283275 0.89789974689483654 1.0000000180025095e-35 1.0000000180025095e-35 0.98828431963920604 1.0000000180025095e-35 1.0000000180025095e-35 0.050641026347875602 0.87867647409439098 0.05298245698213578 1.0000000180025095e-35 1.0000000180025095e-35 1.0000000180025095e-35 5.5000000000000009 0.79298031330108654 0.69582608342170726 4.5000000000000009 1.0000000180025095e-35 1.0000000180025095e-35 0.93958669900894176 0.1969810947775841 0.58571431040763866 1.5000000000000002 0.73030304908752453
decision_type=2 2 2 2 2 2 2 2 2 2 2 2 2 2 2 2 2 2 2 2 2 2 2 2 2 2 2 2 2 2
left_child=1 7 3 -2 22 -6 8 9 -5 -1 11 -9 13 -4 18 23 -8 27 -15 21 -21 25 24 -10 -3 26 -20 28 29 -17
right_child=2 4 12 6 5 -7 16 10 15 -11 -12 -13 -14 14 -16 17 -18 -19 19 20 -22 -23 -24 -25 -26 -27 -28 -29 -30 -31
leaf_value=0.015124453010349507 0.050992581577036081 0.052148699162380664 0.04659383078442203 -0.013509665788729331 -0.047224753586599943 0.0033482342438442472 0.014214056615522386 -0.0019698581746698924 0.0051237524268189921 -0.048758314728042679 -0.051111505209265884 0.10496431684521149 0.049426482802848976 0.051689218691809036 0.045593528130458146 -0.033365818944717796 0.048672109955186844 0.050075163668977143 -0.11971634398396787 -0.0070417219869838323 -0.1787006270151954 0.020627821334870657 0.049837929395812747 -0.04601836985629721 0.002837671321442769 -0.15342700195845141 0.052837334720610307 0.030108319889038362 -0.20555699062824573 0.044245466707143292
leaf_weight=5.9384213183075181 70.779805573634803 6.8899543993175021 57.160040149465203 109.87806214718148 68.515833771321923 51.615684062242508 24.570428002625704 23.549915404990319 50.132162581197917 506.49526631738991 9.7687869253568334 2.0037595061585298 348.82602754049003 2.5964443553239152 9.2530800588428956 6.6949198134243497 39.923489406704903 18.077298101037741 0.87135627306997676 2.429189996793867 2.1380809266120195 6.2873874325305223 8.3349215351045114 7.3364762943238011 258.03920833347365 1.4376238975673912 1.2779070045799015 21.319362979382277 1.5607353681698448 8.5949290450662357
leaf_count=82 3987 207 3137 2999 9915 869 634 1572 459 88726 743 41 21102 91 484 66 1962 622 24 59 46 186 89 51 2154 32 35 490 30 231
internal_value=-0.000487114 -0.0281541 0.0324258 0.0159381 -0.00395504 -0.0254956 0.00732569 -0.0455338 -0.000813818 -0.048018 -0.00949436 0.00641525 0.0461134 0.0322649 0.00111205 0.0114536 0.0355445 0.0245914 -0.0230452 -0.0364817 -0.0874006 -0.0129295 0.00551455 -0.00140508 0.00412009 -0.0717515 -0.0171195 0.0125223 -0.00972755 0.010262
internal_weight=1732.3 941.152 791.145 358.868 393.396 120.132 288.088 547.756 223.594 512.434 35.3225 25.5537 432.277 83.4511 26.2911 113.716 64.4939 56.2472 17.038 14.4415 4.56727 9.87427 273.264 57.4686 264.929 3.58689 2.14926 38.1699 16.8506 15.2898
internal_count=141125 104398 36727 11531 13234 10784 7544 91164 4948 88808 2356 1613 25196 4094 957 1949 2596 1439 473 382 105 277 2450 510 2361 91 59 817 327 297
is_linear=0
shrinkage=0.05


Tree=78
num_leaves=31
num_cat=0
split_feature=20 9 10 26 19 20 38 38 38 21 11 7 22 38 26 21 11 19 10 26 20 30 38 13 25 22 12 30 7 22
split_gain=590.162 163.192 54.5734 37.7456 39.461 35.1246 26.2549 20.069 13.0193 12.5607 12.0952 10.6702 10.3377 9.4156 7.75579 10.432 11.2449 8.90967 11.4671 22.6598 7.70381 15.1828 6.92687 7.12613 6.74969 6.46074 5.94006 5.90441 10.1317 5.68
threshold=0.59166666865348827 0.82372197508811962 0.84660634398460399 0.40486028790473944 0.15075758099555972 0.87083333730697643 1.0000000180025095e-35 1.0000000180025095e-35 2.5000000000000004 4.5000000000000009 0.035098522901535041 0.58434957265853893 0.70396453142166149 1.0000000180025095e-35 0.017316341400146488 5.5000000000000009 0.025320513173937801 0.48913043737411505 0.80217391252517711 0.064665470272302641 0.32291667163372045 0.14814770966768268 1.0000000180025095e-35 1.0000000180025095e-35 0.75000000000000011 0.5432584583759309 0.24744898080825808 0.33144964277744299 0.57947367429733287 0.75974681973457348
decision_type=2 2 2 2 2 2 2 2 2 2 2 2 2 2 2 2 2 2 2 2 2 2 2 2 2 2 2 2 2 2
left_child=1 7 5 4 -3 6 -2 -1 14 -6 22 12 -9 -5 -8 16 -16 -17 25 -20 21 -15 -7 -24 -23 -19 -27 -22 -29 -18
right_child=2 3 -4 13 9 10 8 11 -10 -11 -12 -13 -14 20 15 17 29 18 19 -21 27 24 23 -25 -26 26 -28 28 -30 -31
leaf_value=0.027816894766675589 0.050949885730730032 -0.049211190822221251 0.047951076903507105 0.052136571712890815 0.015727905273517244 0.050834101608072696 -0.044154903590785673 -0.04904632428848929 0.039734600557135707 -0.054157334951355343 0.048437589278294252 -0.0030423963707587368 0.096281404741719812 0.0033720411952466059 -0.014428692855010822 -0.06183942926261559 0.01168005253664609 0.062899250354439371 -0.33156889878809115 -0.015428584034021932 0.071063963994978774 -0.041306427746220079 -0.029650952569360334 0.02043195476100329 0.16525932761046352 0.024173789204456723 -0.042868882980533762 -0.03976368833586013 0.038365709814361548 0.052359630972063122
leaf_weight=9.0296015348285419 26.632319224998355 81.943673335015774 358.9757852004841 9.7702193614095432 46.086578783113509 15.26276819873601 13.190186406485735 467.770837219432 16.158900633454323 7.4720141291618338 95.459421256557107 13.17532516736537 1.2268867939710606 284.40375644061714 42.742662725970149 12.307994812726973 40.757961178198457 4.0435223150998416 0.77369767241179888 2.1196686746552587 6.1947663309983936 23.807144187856469 8.3931633438914997 46.189639212563634 0.40214440645649929 6.6118199639022333 6.6038343673571944 5.9030667021870622 13.968511634971946 10.869318657554684
leaf_count=171 1534 14378 21528 307 1009 952 284 83387 840 165 5635 676 32 3508 976 238 768 84 19 65 95 2488 189 751 3 178 126 190 221 328
internal_value=-0.000476166 -0.0257762 0.0342721 -0.00504109 -0.0273971 0.0201665 0.00506383 -0.0460364 -0.00276083 0.00597814 0.0368687 -0.0474195 -0.0486662 0.00375348 -0.00766496 -0.00387005 0.00454009 -0.0283202 -0.0078486 -0.0999658 0.00234105 0.000136388 0.0210571 0.0127307 -0.0378751 0.00759412 -0.00932729 0.0284431 0.0151565 0.0202445
internal_weight=1678.25 971.155 707.093 479.952 135.502 348.117 182.812 491.203 156.18 53.5586 165.305 482.173 468.998 344.45 140.021 126.83 94.3699 32.4605 20.1525 2.89337 334.679 308.613 69.8456 54.5828 24.2093 17.2592 13.2157 26.0663 19.8716 51.6273
internal_count=141125 106630 34495 22364 15552 12967 5440 84266 3906 1174 7527 84095 83419 6812 3066 2782 2072 710 472 84 6505 5999 1892 940 2491 388 304 506 411 1096
is_linear=0
shrinkage=0.05


Tree=79
num_leaves=31
num_cat=0
split_feature=20 26 29 29 38 4 8 23 10 23 12 20 26 38 23 9 6 10 13 13 10 10 8 25 6 10 26 30 10 32
split_gain=551.836 154.628 68.8828 42.4963 40.715 32.9563 23.416 12.2184 9.46424 8.33054 14.5735 10.275 7.91739 7.81416 7.32927 7.06874 7.06752 7.02397 7.46767 6.77247 6.37248 10.737 8.33292 6.08815 9.4156 7.71547 6.89845 6.81833 5.89888 5.40236
threshold=0.48684211075305944 0.67873525619506847 0.30079366266727453 0.066391184926033034 1.0000000180025095e-35 0.31666667759418493 0.76393190026283275 1.0000000180025095e-35 0.75905716419219982 1.0000000180025095e-35 0.050641026347875602 0.87867647409439098 0.02334665693342686 1.0000000180025095e-35 1.0000000180025095e-35 0.9506518840789796 4.5000000000000009 0.65485891699790966 2.5000000000000004 5.5000000000000009 0.84273937344551098 0.79431909322738659 0.64400920271873485 1.0000000180025095e-35 1.5000000000000002 0.87138131260871898 0.10361093282699586 0.65323656797409069 0.87138131260871898 0.55561563372612011
decision_type=2 2 2 2 2 2 2 2 2 2 2 2 2 2 2 2 2 2 2 2 2 2 2 2 2 2 2 2 2 2
left_child=1 3 4 -1 -2 8 7 28 19 10 -4 12 15 -7 -8 -12 -15 18 -9 -3 21 -14 -23 27 -25 -26 -27 -5 29 -6
right_child=2 5 9 23 6 13 14 17 -10 -11 11 -13 20 16 -16 -17 -18 -19 -20 -21 -22 22 -24 24 25 26 -28 -29 -30 -31
leaf_value=-0.0491319503592492 0.050902284792560717 -0.047523508775511931 0.046102136487019336 -0.049659602234759299 -0.018613522209141312 0.052375724990402474 0.012608468980102806 -0.0062670710358022786 0.052661502904732309 0.049211761901748315 -0.035072862764079157 0.045023456014391929 0.027731406226443819 0.001442177449597507 0.048281385475633404 -0.15915849486972461 0.049092456886451162 0.03208565730302191 0.026933767015606527 0.20432234094431947 0.051320451286153861 -0.20316525580252498 -0.036277538898632465 0.15974190164919372 -0.018348842370860555 -0.037132501347068046 0.041240540400808594 0.033354475457382356 0.048862852431964546 0.020798082035823652
leaf_weight=472.79246170585975 64.322951003909111 44.721826131921262 52.277452295646071 10.526386692188678 94.781260646414012 8.1229597963392717 23.64929212257266 58.251175908371806 2.5684016374871126 318.20953804254532 3.9229140747338596 8.4900528388097865 4.1209829337894899 297.64957423880696 36.810550298541784 1.6223908662796018 7.9906359221786252 28.793402807787061 23.87967312708497 0.268545251339673 4.1056577078998089 1.1324542798101904 2.2031273450702429 1.0035455292090762 18.561899723950773 3.4297158783301738 15.482766553759573 3.2332801269367328 3.7459084540605536 9.5733702857978624
leaf_count=90747 3987 7484 3137 545 2709 248 634 688 58 21102 84 484 132 4188 1962 24 88 848 413 18 171 13 49 32 623 89 252 26 56 234
internal_value=-0.00046779 -0.0270789 0.0314109 -0.0444036 0.0150361 -0.00190474 0.00678154 -0.000822323 -0.040691 0.0456246 0.0309667 5.59374e-05 -0.0222604 0.0039743 0.0343277 -0.0713766 0.00268794 0.0108359 0.00338612 -0.0460203 0.00129607 -0.0262478 -0.0929371 -0.00160821 0.00859928 0.00455176 0.0270278 -0.0301528 -0.012785 -0.0149979
internal_weight=1626.24 886.352 739.892 525.03 343.808 361.322 279.485 219.025 47.5588 396.085 77.875 25.5976 17.1075 313.763 60.4598 5.5453 305.64 110.924 82.1308 44.9904 11.5622 7.45656 3.33558 52.2376 38.4779 37.4744 18.9125 13.7597 108.101 104.355
internal_count=141125 104398 36727 92314 11531 12084 7544 4948 7560 25196 4094 957 473 4524 2596 108 4276 1949 1101 7502 365 194 62 1567 996 964 341 571 2999 2943
is_linear=0
shrinkage=0.05


Tree=80
num_leaves=31
num_cat=0
split_feature=23 9 29 9 38 26 29 4 22 38 29 26 10 38 4 10 28 10 26 29 13 11 12 10 29 10 9 28 11 11
split_gain=481.664 178.916 41.7433 39.4678 34.0176 26.4529 30.9892 26.8716 20.5143 18.4622 17.4922 13.5703 10.2159 7.93049 8.06425 10.1311 7.16711 7.25932 9.2894 7.42743 7.13108 6.93692 7.13664 8.94135 7.0171 6.35771 16.9019 6.22659 5.77543 6.34274
threshold=1.0000000180025095e-35 0.82372197508811962 0.39379699528217321 0.88929614424705516 1.0000000180025095e-35 0.49159604310989385 0.095619048923254027 0.080128207802772536 0.5432584583759309 1.0000000180025095e-35 0.19625350087881091 1.0000000180025095e-35 0.89022758603096019 1.0000000180025095e-35 0.31666667759418493 0.75905716419219982 0.62750142812728893 0.30068494379520422 0.50885027647018444 0.039886362850666053 1.0000000180025095e-35 0.57321429252624523 0.32392686605453497 0.76631206274032604 0.18414442986249926 0.5025252401828767 0.87437933683395397 0.62750142812728893 0.078461539000272765 0.46770833432674414
decision_type=2 2 2 2 2 2 2 2 2 2 2 2 2 2 2 2 2 2 2 2 2 2 2 2 2 2 2 2 2 2
left_child=1 4 5 9 -1 6 7 -3 12 -2 16 -8 -6 -7 15 -15 17 20 28 -20 -11 -13 24 -24 -23 26 -16 -27 -19 -30
right_child=3 2 -4 -5 8 13 11 -9 -10 10 -12 21 -14 14 25 -17 -18 18 19 -21 -22 22 23 -25 -26 27 -28 -29 29 -31
leaf_value=0.035537062865766765 0.05088526097779781 0.041302492114931311 0.040400573651101009 0.049260957224597682 -0.047809697778838256 0.051846682353544317 -0.053932460377667794 -0.048650276230828571 -0.0055988583597364021 -0.057681720961180696 0.037986093304106953 0.026011992994599154 0.031122381943697264 -0.047086174368619241 0.200300799905199 0.05609858133406978 0.05322353482329284 -0.035593258166776248 -0.047341433923143876 0.047151361562999719 0.019843939220499963 -0.022686840858259845 0.011242425840743345 -0.121920885374126 0.018840670325606358 0.0024290090799102631 -0.095623582611403968 0.061140080011411295 0.027991148477931133 -0.080180980103106758
leaf_weight=13.738830734975634 38.979131748899817 9.179284393321721 55.512032953090966 335.11268197046593 437.77291868347675 8.1833509458228928 10.026681041344998 86.910717548336834 31.976659536827356 3.2358901659026733 44.833406767807901 31.508805616758764 4.1380551708862177 14.980116999242457 1.3085541431792074 2.8279129783622912 6.0140719152986994 33.068706121295691 2.7227290607988825 8.8042410518974048 35.594177455641329 16.804646824020892 2.3463640324771395 2.724146680906415 25.774997253902256 298.42798004485667 0.76437840191647399 4.5853507085703304 7.6929399184882623 1.6449037678539751
leaf_count=538 2596 419 3254 22134 82419 296 153 15792 1363 32 2617 596 109 1755 39 39 156 1412 152 101 379 246 36 39 750 3252 17 126 264 44
internal_value=-0.000457779 -0.0197726 -0.000799331 0.0390705 -0.0420236 -0.00522864 -0.0203569 -0.0400573 -0.0442722 0.0203676 0.0120845 0.000868588 -0.0470706 0.00323734 0.00200539 -0.0307004 0.000328237 -0.00310108 -0.0149693 0.0248317 0.0133834 0.00780997 -0.00422617 -0.0603 0.00245126 0.00391445 0.0911809 0.00331745 -0.025788 0.00893613
internal_weight=1577.19 1059.49 571.865 517.703 487.626 516.353 185.276 96.09 473.888 182.59 143.611 89.1856 441.911 331.078 322.894 17.808 98.7777 92.7636 53.9335 11.527 38.8301 79.159 47.6502 5.07051 42.5796 305.086 2.07293 303.013 42.4065 9.33784
internal_count=141125 111238 26809 29887 84429 23555 18031 16211 83891 7753 5157 1820 82528 5524 5228 1794 2540 2384 1973 253 411 1667 1071 75 996 3434 56 3378 1720 308
is_linear=0
shrinkage=0.05


Tree=81
num_leaves=31
num_cat=0
split_feature=20 9 10 20 38 38 36 38 30 7 10 5 5 6 38 29 22 10 38 28 10 28 20 32 32 8 27 11 11 29
split_gain=484.475 157.368 38.4153 22.7482 21.4014 20.3009 17.7309 32.4515 25.6368 12.9901 12.6155 11.5394 11.5485 11.0379 10.0585 9.49578 8.90518 8.8545 6.95149 6.73523 6.6775 6.2464 6.06516 5.91636 5.73665 5.17679 8.62556 6.16919 8.82868 7.92366
threshold=0.64495798945426952 0.82372197508811962 0.85028737783432018 0.89181286096572887 1.0000000180025095e-35 1.0000000180025095e-35 1.0000000180025095e-35 1.0000000180025095e-35 0.13795641809701922 0.15047170221805575 0.89022758603096019 0.15476191043853763 0.46428571641445165 4.5000000000000009 2.5000000000000004 0.18414442986249926 0.70396453142166149 0.21164613962173465 1.0000000180025095e-35 0.41671085357666021 0.84273937344551098 0.16966305673122409 0.62019231915473949 0.19049748778343203 0.78677597641944896 0.78679654002189647 0.52176406979560863 0.056349206715822227 0.35388994216918951 0.12552521377801898
decision_type=2 2 2 2 2 2 2 2 2 2 2 2 2 2 2 2 2 2 2 2 2 2 2 2 2 2 2 2 2 2
left_child=1 4 3 5 -1 -2 7 -3 20 17 16 -8 -13 -10 24 22 -6 -5 -19 -18 21 -9 -14 -17 25 26 27 -7 -29 -30
right_child=2 6 -4 9 10 14 11 8 13 -11 -12 12 15 -15 -16 23 19 18 -20 -21 -22 -23 -24 -25 -26 -27 -28 28 29 -31
leaf_value=0.029085971729867207 0.050812335867946729 0.052395158967020627 0.047968537411219793 0.047713034225864426 -0.047313530744068612 -0.016114196881086094 0.091343412455903134 0.14203031687531462 -0.046526045961598816 0.048631136095100773 0.03338007401984748 -0.053347041144760347 0.00022161542528251123 0.20758547492728155 0.04046225529997495 -0.010269536158427628 0.14501095499537645 0.050734161651880029 -0.0065320996616297679 -0.0094219588180672331 0.044169153599789623 -0.017891475683660316 -0.08690020328468355 0.036895412962058137 0.069622694174530209 0.03120927852308901 -0.052734461625292023 0.049251844364069479 -0.051385012031407995 0.010555332129269908
leaf_weight=9.7689866507425887 23.988838475197554 13.315598088316618 296.12389071285725 16.451482364907861 428.93936376227066 49.808515455573797 3.5664407969452432 0.64371651737019675 74.241202888544649 87.286781698465347 4.9806173252873114 9.5358551288954896 333.56625987868756 0.42981805978342791 14.026915134862064 8.6126677123829705 0.95804271288216059 6.4305280884727827 30.124757694080472 2.6837692493572831 10.676340405829249 11.867433396633713 2.0097265541553488 29.162548248656094 2.5509645929560056 8.5015533482655865 10.311712750233708 10.650215516798196 6.7596484329551485 21.861846356652677
leaf_count=244 1621 513 20577 629 84488 811 59 23 12845 5790 117 969 7418 16 881 215 10 455 246 110 83 367 20 940 41 403 330 243 50 611
internal_value=-0.000450019 -0.0225865 0.0353149 0.0223382 -0.0441074 0.00869575 -0.00324084 -0.0208375 -0.0308022 0.0367749 -0.0457415 0.00182132 0.000987456 -0.0450633 0.000578794 0.00237523 -0.0466525 0.017251 0.00354175 0.0312043 0.0151231 -0.00966327 -0.000300147 0.0261419 -0.00448657 -0.00623877 -0.00944191 -0.00443047 0.0103881 -0.00407336
internal_weight=1529.84 944.958 584.878 288.754 447.331 148.46 497.628 111.174 97.8585 140.294 437.562 386.453 382.887 74.671 124.471 373.351 432.581 53.0068 36.5553 3.64181 23.1875 12.5111 335.576 37.7752 110.444 107.893 99.3919 89.0802 39.2717 28.6215
internal_count=141125 108437 32688 12111 84969 4991 23468 13847 13334 7120 84725 9621 9562 12861 3370 8593 84608 1330 701 120 473 390 7438 1155 2489 2448 2045 1715 904 661
is_linear=0
shrinkage=0.05


Tree=82
num_leaves=31
num_cat=0
split_feature=20 9 10 20 26 20 38 38 23 9 23 21 23 4 4 10 10 9 10 26 21 22 25 9 9 9 9 20 26 9
split_gain=452.741 145.754 52.1051 30.7157 30.6661 33.3376 24.7367 16.7536 14.1147 12.863 12.3082 10.5024 11.346 9.91539 8.80283 10.8618 8.74366 8.7293 8.36303 7.25135 7.03483 6.4464 6.5806 6.69636 6.62161 6.33252 7.33619 6.2567 6.06812 5.99621
threshold=0.59166666865348827 0.82372197508811962 0.85270008444786083 0.89181286096572887 0.40486028790473944 0.24264705926179889 1.0000000180025095e-35 1.0000000180025095e-35 1.0000000180025095e-35 0.62477290630340587 1.0000000180025095e-35 4.5000000000000009 1.0000000180025095e-35 0.41428571939468389 0.31666667759418493 0.4712491780519486 0.75905716419219982 0.88929614424705516 0.21164613962173465 0.017316341400146488 5.5000000000000009 0.73827838897705089 1.0000000180025095e-35 0.74785688519477855 0.92157834768295299 0.93338736891746532 0.91583123803138744 0.78759399056434642 0.6006993055343629 0.87885165214538585
decision_type=2 2 2 2 2 2 2 2 2 2 2 2 2 2 2 2 2 2 2 2 2 2 2 2 2 2 2 2 2 2
left_child=1 7 3 6 5 -3 -2 -1 19 18 14 12 -7 -9 16 -16 -6 29 -5 -8 21 22 24 -24 -21 26 27 -22 -15 -10
right_child=2 4 -4 9 10 11 8 13 17 -11 -12 -13 -14 28 15 -17 -18 -19 -20 20 25 -23 23 -25 -26 -27 -28 -29 -30 -31
leaf_value=0.024773939086333158 0.050784016883996752 -0.050245531408812466 0.047522998793976742 0.047167597815480536 -0.047520760801940017 -0.0026119867501665619 -0.052512972552708259 -0.049382661747908285 0.0053441784474215241 0.048074480727190977 0.051896141049021551 -0.054170756458857085 0.054382185503897423 -0.037889313872479645 0.18202016870191662 0.0030079923387286781 0.05445149473762001 0.038767394025561411 0.0027719109657310219 -0.027314474361946218 -0.059165725993890354 0.03211627851709279 -0.028630091005530198 0.015778925558864617 -0.13701985842159939 0.052483964534960896 -0.12760357585950086 0.0067188168209984358 0.0026215653890074072 -0.090006391221563772
leaf_weight=8.3504915628582221 25.623694512061775 65.001525566913188 294.42767861112952 15.235107977874575 14.885493909940125 36.568883042316884 11.334688299335538 362.56491929246113 42.83048655744642 86.608260009437799 12.609957619104533 7.0955252321436992 11.471416977699844 25.361352360807359 0.84972862154245277 306.56985954754055 2.447871519252657 24.630044265650213 34.924664177000523 9.3610192313790304 8.936002278234815 11.602789120748637 12.913010119460521 24.774745590053499 1.6123734805732954 1.8228305894881476 2.3509416021406642 6.0384645918384185 14.54535284405574 1.7148214858025301
leaf_count=171 1795 14009 21174 596 2253 1070 182 80177 732 6039 307 165 308 3277 39 4167 46 1580 590 315 212 257 465 278 27 81 23 73 641 76
internal_value=-0.00044031 -0.0237069 0.0323172 0.018427 -0.00429492 -0.0259876 0.00517518 -0.0453246 -0.00213255 0.0364051 0.00343 0.00261089 0.0109975 -0.046779 0.00154809 0.00350279 -0.0331199 0.0148809 0.0162563 -0.0151017 -0.00976191 -0.00137332 -0.0093586 0.000563 -0.043434 -0.0361627 -0.0454894 -0.0325977 -0.0231237 0.00167355
internal_weight=1485.06 868.322 616.742 322.314 457.5 120.137 185.546 410.822 159.922 136.768 337.363 55.1358 48.0403 402.472 324.753 307.42 17.3334 69.1754 50.1598 90.7469 79.4122 60.2639 48.6611 37.6878 10.9734 19.1482 17.3254 14.9745 39.9067 44.5453
internal_count=141125 106630 34495 13321 22364 15552 6096 84266 4301 7225 6812 1543 1378 84095 6505 4206 2299 2388 1186 1913 1731 1342 1085 743 342 389 308 285 3918 808
is_linear=0
shrinkage=0.05


Tree=83
num_leaves=31
num_cat=0
split_feature=20 4 10 9 20 38 38 23 26 19 7 23 4 12 10 9 10 20 10 6 20 38 38 26 28 37 19 4 1 25
split_gain=422.865 147.282 37.9602 31.742 20.8137 19.5557 18.5721 17.2622 21.4306 24.4372 13.083 12.4122 11.921 9.43153 8.97912 9.97356 8.24382 7.33558 7.96601 6.55742 6.5207 6.50621 5.98317 5.44709 5.44167 5.3375 5.29187 7.32179 7.3417 6.01801
threshold=0.64495798945426952 0.41428571939468389 0.85028737783432018 0.87885165214538585 0.89181286096572887 1.0000000180025095e-35 1.0000000180025095e-35 1.0000000180025095e-35 0.53957813978195202 0.15075758099555972 0.15047170221805575 1.0000000180025095e-35 0.10555555671453477 0.56562754511833202 0.7243877947330476 0.98828431963920604 0.21164613962173465 0.60769233107566845 0.64051282405853283 4.5000000000000009 0.15587044507265094 1.0000000180025095e-35 1.0000000180025095e-35 0.017316341400146488 0.62750142812728893 1.0000000180025095e-35 0.32666666805744177 0.64583334326744091 1.0000000180025095e-35 1.0000000180025095e-35
decision_type=2 2 2 2 2 2 2 2 2 2 2 2 2 2 2 2 2 2 2 2 2 2 2 2 2 2 2 2 2 2
left_child=1 3 4 5 6 20 -2 8 9 -3 16 23 -5 -13 -14 -16 -6 18 -11 22 -1 -18 -10 -8 -24 -7 27 28 -20 -29
right_child=2 7 -4 12 10 25 11 -9 19 17 -12 13 14 -15 15 -17 21 -19 26 -21 -22 -23 24 -25 -26 -27 -28 29 -30 -31
leaf_value=-0.041083705037546846 0.050734143660037978 -0.049472976854748024 0.04761008135111857 0.069917853506581668 0.04688691205045796 -0.047768206014840206 -0.050202957048710896 0.033668497457153369 0.052038710135501848 0.080509678250856642 0.04833513032057582 0.023737336272441668 -0.034346334197353549 -0.044754692195747306 0.024766393932340112 -0.047278294383014896 0.050679747084825692 -0.074664799135606835 -0.025561545827143314 0.048340775048783459 0.052679929118452401 -0.0065402031057111652 0.00069970467434406214 -0.008637839102650929 0.082666125315649611 0.021135562677147446 0.022444679486172549 -0.028251085618686861 -0.13277512661835458 0.031468902510534635
leaf_weight=2.5749378353357297 21.738356027752161 47.006298814900219 270.02107705362141 4.7918801615014663 15.143224450759588 401.7185078044422 9.2020952794700843 34.38782336236909 5.9352040179073802 3.2078016712330273 79.697741048410535 52.984957931563258 24.553765969350934 5.5529914209619156 20.189466830808673 6.3036960712634018 5.9516072599217287 3.1267655044794074 12.403223917353895 7.9742482379078856 6.6248778766021132 30.056940666399896 275.25565049145371 54.952637381851673 2.0398910902440539 2.8303555669262996 16.197099229320884 6.8190267700701961 1.8326845243573195 11.06134420260787
leaf_count=31 1621 9518 20577 195 629 89183 117 1187 217 53 5790 2104 2617 65 817 532 455 40 261 95 225 246 2832 1084 32 27 416 49 15 95
internal_value=-0.000432 -0.021544 0.0342901 -0.0408713 0.0212245 -0.0456469 0.00813836 -0.000301429 -0.00327489 -0.0230403 0.035669 0.000591355 -0.00548546 0.0172401 -0.0125637 0.00762432 0.0159343 -0.000303737 0.00420916 0.00362483 0.0264364 0.00291729 0.00236587 -0.0145998 0.00130268 -0.0472861 -0.000856871 -0.0126085 -0.0393639 0.00869353
internal_weight=1442.14 896.835 545.302 469.587 275.281 413.749 144.431 427.247 392.859 101.654 130.85 122.693 55.8388 58.5379 51.0469 26.4932 51.1518 54.6479 51.5212 291.205 9.19982 36.0085 283.231 64.1547 277.296 404.549 48.3134 32.1163 14.2359 17.8804
internal_count=141125 108437 32688 93627 12111 89466 4991 14810 13623 10447 7120 3370 4161 2169 3966 1349 1330 929 889 3176 256 701 3081 1201 2864 89210 836 420 276 144
is_linear=0
shrinkage=0.05


Tree=84
num_leaves=31
num_cat=0
split_feature=20 26 29 29 38 11 10 7 23 11 23 12 20 32 26 7 21 6 7 11 30 32 11 12 22 19 30 21 20 11
split_gain=394.816 136.414 60.5879 39.6743 34.4223 21.1562 17.8522 16.6035 13.1515 11.247 9.31487 14.1483 8.7679 8.4741 6.90634 7.20698 7.03361 6.40444 6.36625 5.92721 5.77361 5.76756 8.12475 6.41808 5.71836 6.29354 5.65757 5.59961 7.82386 7.69302
threshold=0.48684211075305944 0.67873525619506847 0.30079366266727453 0.066391184926033034 1.0000000180025095e-35 0.10102041065692903 0.88273492455482494 0.66352203488349926 1.0000000180025095e-35 0.035098522901535041 1.0000000180025095e-35 0.050641026347875602 0.93933823704719555 0.030779528431594375 0.02334665693342686 0.76568627357482921 5.5000000000000009 5.5000000000000009 0.6792857050895692 0.58898946642875682 0.68295863270759594 0.55561563372612011 0.032795699313282974 0.71010184288024913 0.29046043753623968 0.26794873178005224 0.19512154906988147 4.5000000000000009 0.70714285969734203 0.55684757232666027
decision_type=2 2 2 2 2 2 2 2 2 2 2 2 2 2 2 2 2 2 2 2 2 2 2 2 2 2 2 2 2 2
left_child=1 3 4 20 -2 7 8 17 21 26 11 -4 13 -13 15 -15 -16 -3 19 -18 -1 22 -6 -23 -24 -26 -10 29 -29 -27
right_child=2 5 10 -5 6 -7 -8 -9 9 -11 -12 12 -14 14 16 -17 18 -19 -20 -21 -22 23 24 -25 25 27 -28 28 -30 -31
leaf_value=-0.048997446496518 0.050722661265732098 -0.044102733744435747 0.044837173259201835 -0.00091159892681019197 -0.03255177423358481 0.0044691511012939292 0.041646964524457986 0.01912009546011793 0.022471483542556341 0.031842675412573927 0.048646293201439095 -0.14547640471952525 0.050738191603419219 -0.018342859025788645 0.051424831609464719 -0.13892842857419516 -0.0022050502084170233 0.29258308803524091 0.051894027487729845 -0.13103503208824693 0.25258296624474358 0.035599992362469073 0.03000492942259014 -0.076786651859703348 -0.068375420678148682 0.02864963594725093 -0.0089195243693382855 -0.067758030930070906 0.0050093846855408233 -0.023762714677619735
leaf_weight=375.98111202358268 51.083584455773234 45.153451371472329 42.476912595331669 48.708054393064231 40.362123247701675 288.09284633863717 30.606656491756439 14.077195131219922 20.128913225606084 46.274459986016154 253.16827010549605 1.261335757561034 5.6832481995224944 4.1103478297591236 5.617806716822086 1.7738173585385082 1.7825041040778162 0.14168767631053825 1.6551939295604823 1.7887255009263752 0.1587686687707891 10.311683734413235 10.509673166554419 1.4488115967251349 4.307040777988731 17.48832312645391 50.026562769897282 7.1376581904478353 7.6561880512163043 11.675060810521243
leaf_count=90746 3987 7814 3137 1567 2050 4141 1517 128 209 2031 21102 38 399 85 238 30 64 1 72 31 1 258 132 38 103 243 569 104 131 159
internal_value=-0.00042364 -0.0243679 0.0290073 -0.0433718 0.0132243 -0.00113176 0.00579781 -0.0283091 0.000971168 0.0127082 0.0442811 0.0275745 -0.0034002 -0.0205034 -0.0110803 -0.0546941 0.0125849 -0.0430495 -0.0291636 -0.0667323 -0.0488701 -0.0113515 -0.0152789 0.0217547 -0.00341702 -0.0106947 8.71407e-05 -0.00504304 -0.0300991 0.00766725
internal_weight=1400.65 772.313 628.335 424.848 309.017 347.465 257.933 59.3723 227.326 116.43 319.318 66.1499 23.673 17.9897 16.7284 5.88417 10.8442 45.2951 5.22642 3.57123 376.14 110.897 99.1361 11.7605 58.7739 48.2643 70.1555 43.9572 14.7938 29.1634
internal_count=141125 104398 36727 92314 11531 12084 7544 7943 6027 2809 25196 4094 957 558 520 115 405 7815 167 95 90747 3218 2922 296 872 740 778 637 235 402
is_linear=0
shrinkage=0.05


Tree=85
num_leaves=31
num_cat=0
split_feature=20 9 10 38 20 38 26 19 21 7 4 29 30 5 34 10 36 26 10 10 7 11 22 32 11 7 29 7 22 19
split_gain=369.014 137.044 37.5911 19.7879 20.0061 18.2455 17.8432 41.074 19.9262 16.9458 13.7627 9.37304 12.9158 9.1987 8.51576 8.41062 7.50858 6.88527 6.69448 13.6854 11.3593 7.68742 13.8428 6.8842 7.3594 6.06079 5.84919 5.64181 5.55246 7.39537
threshold=0.64495798945426952 0.82372197508811962 0.85028737783432018 1.0000000180025095e-35 0.89181286096572887 1.0000000180025095e-35 0.40486028790473944 0.12060606107115747 4.5000000000000009 0.15047170221805575 0.41428571939468389 0.055363984778523452 0.18404872715473178 0.22500000149011615 1.0000000180025095e-35 0.27334994077682501 1.0000000180025095e-35 0.017316341400146488 0.80217391252517711 0.80901724100112926 0.47100840508937841 0.70659971237182628 0.73827838897705089 0.78677597641944896 0.056349206715822227 0.22540321946144107 0.10042016953229906 0.66352203488349926 0.50167784094810497 0.20344828069210055
decision_type=2 2 2 2 2 2 2 2 2 2 2 2 2 2 2 2 2 2 2 2 2 2 2 2 2 2 2 2 2 2
left_child=1 5 3 -2 14 -1 7 -3 28 15 -7 12 -8 -14 17 -6 -12 -5 20 -20 23 26 -23 24 -19 -18 -21 -10 -9 -30
right_child=2 6 -4 4 9 10 11 8 27 -11 16 -13 13 -15 -16 -17 25 18 19 21 -22 22 -24 -25 -26 -27 -28 -29 29 -31
leaf_value=0.027346110397492868 0.050624019209788165 -0.050218683508811437 0.047255676922477147 -0.038686386385856156 0.028926269303016585 -0.048293997924749275 0.0037821627465662862 0.0030232528809993921 -0.07229805962491441 0.047467833942234798 -0.04706602948995002 0.030638926793646926 0.082123110323355328 -0.043328977545339702 0.042055400364677281 -0.017690160990108058 0.094405688110566266 -0.020166319097670974 -0.22265426696764543 0.13798429118788894 0.038096866750638059 -0.26888074623007735 0.051065648285175749 0.094346594649064114 0.015388130277177788 -0.0081241819188776748 -0.014183410043160436 0.013735450815895216 0.11967586196842195 0.024849172305834395
leaf_weight=8.9702788628637773 44.144141268916428 57.343501770868897 246.72750989813358 12.606951642781494 18.821866994723678 325.37681737937964 287.36115104961209 37.598604861646891 9.3502553384751064 59.41429656278342 14.346308857668189 28.917997944634408 1.5663908568676586 21.759338882053271 11.088264981284736 19.912309403531253 1.5266416734084511 40.569548046216369 0.89553065225481887 0.68035739008337159 20.317279350943863 0.77741059008985647 0.59822174906730652 1.7069511804729689 22.696987181901932 25.797805837355554 8.7988836029544455 2.3933175811544052 2.2213056208565858 27.640965914353728
leaf_count=244 3767 14118 20577 255 211 80757 3768 1114 193 4589 2752 631 61 2545 771 174 34 694 26 11 736 28 35 17 521 1182 276 101 46 891
internal_value=-0.000414435 -0.0205439 0.0332364 0.0200861 0.0139273 -0.0431073 -0.00272559 -0.0179899 0.00534351 0.0306929 -0.0448292 0.00341188 0.000877648 -0.0349045 0.000298204 0.00496188 -0.0177747 -0.00392453 0.000591502 -0.0347899 0.00546595 -0.019291 -0.129746 -0.00473777 -0.00741109 -0.00239575 -0.00326182 -0.0547646 0.0158071 0.0319029
internal_weight=1361.93 852.171 509.757 263.029 218.885 376.018 476.153 136.548 79.2044 98.1485 367.048 339.605 310.687 23.3257 120.736 38.7342 41.6708 109.648 97.0412 11.7504 85.2908 10.8549 1.37563 64.9735 63.2665 27.3244 9.47924 11.7436 67.4609 29.8623
internal_count=141125 108437 32688 12111 8344 84969 23468 16463 2345 4974 84725 7005 6374 2606 3370 385 3968 2599 2344 376 1968 350 63 1232 1215 1216 287 294 2051 937
is_linear=0
shrinkage=0.05


Tree=86
num_leaves=31
num_cat=0
split_feature=20 9 29 38 25 23 26 19 38 11 4 21 21 7 26 27 36 23 38 4 22 7 28 5 8 11 7 7 9 8
split_gain=344.126 131.901 36.4992 21.6608 20.0929 19.2637 28.6661 26.5743 17.3381 14.9793 13.9009 12.2021 10.3465 7.87557 7.27176 10.5609 7.25626 6.94989 6.27054 6.38617 5.54191 5.21666 5.05537 7.57015 24.2025 6.81595 10.1366 7.78335 13.7185 7.88699
threshold=0.64495798945426952 0.82372197508811962 0.39379699528217321 1.0000000180025095e-35 1.0000000180025095e-35 1.0000000180025095e-35 0.47952194511890417 0.15075758099555972 1.0000000180025095e-35 0.056349206715822227 0.41428571939468389 3.5000000000000004 4.5000000000000009 0.66352203488349926 0.03137303143739701 0.46148352324962622 1.0000000180025095e-35 1.0000000180025095e-35 1.0000000180025095e-35 0.31666667759418493 0.55413547158241283 0.22540321946144107 0.2975697815418244 0.58571431040763866 0.54616478085517894 0.59175083041191112 0.7923850715160371 0.55086207389831554 0.92731922864913952 0.91779279708862316
decision_type=2 2 2 2 2 2 2 2 2 2 2 2 2 2 2 2 2 2 2 2 2 2 2 2 2 2 2 2 2 2
left_child=1 8 3 -2 -5 6 7 -3 -1 -6 20 14 -7 -13 15 -9 -12 -11 -8 -20 -10 -18 23 24 -21 26 27 28 -24 -29
right_child=2 5 -4 4 9 12 18 11 10 17 16 13 -14 -15 -16 -17 21 -19 19 22 -22 -23 25 -25 -26 -27 -28 29 -30 -31
leaf_value=0.026435260665822632 0.050589179614155814 -0.049421818261654621 0.046401291394068851 -0.030315314125671591 0.0039146681007451046 0.044469303008334023 0.051697510216748815 -0.087510032969197238 -0.049402537061212067 0.014034667378777836 -0.046877975816903748 -0.065725822084110833 -0.02671107768995561 0.020871666902439676 0.017664990689482123 0.069641333013390025 0.085140064463589016 0.043431818124980988 -0.032053633494808081 -0.0098310715291196702 -0.012234703503773261 -0.0077485798456611802 -0.011075675610018916 0.015157162844671805 0.39065892063349339 0.0049163292215757548 0.035772074289850735 -0.043992533722511357 0.13026026335297353 0.040227462901581607
leaf_weight=8.8193109761923534 44.972601839341223 61.151506361085922 244.71843161340803 24.405539800412953 91.520277939736843 30.101841284893453 6.3140519335865966 3.8928814851678899 299.97242315299809 31.389138888567686 13.700011234031988 10.239538562484084 6.1478652027435592 3.5308263460174194 39.626558246323839 1.4738075714558361 1.6059551201760793 55.927324471063912 13.664697436150162 1.1364954020827998 10.376085486495866 25.698510124348104 15.679748567286881 35.866676279343665 0.56467154808342446 197.34148746682331 8.6742726727388781 31.236101620364934 1.9279900947585691 3.0514039099216452
leaf_count=244 4042 15266 21680 641 1455 1188 249 64 79889 800 2752 288 189 79 911 39 34 4070 1830 68 868 1182 585 386 28 1938 57 272 13 18
internal_value=-0.000405066 -0.0200229 0.0326988 0.0191894 0.0122414 -0.00262312 -0.00553896 -0.0263482 -0.0428068 0.018049 -0.0445449 -0.00233705 0.0323973 -0.0435216 0.0102676 -0.0443529 -0.0171841 0.0328639 0.00237128 0.00136383 -0.0481599 -0.00228519 0.00290925 0.0200453 0.123104 0.000413182 -0.0142585 -0.0226211 0.00440015 -0.0364974
internal_weight=1324.73 831.795 492.933 248.215 203.242 471.622 435.373 119.915 360.172 178.837 351.353 58.7636 36.2497 13.7704 44.9932 5.36669 41.0045 87.3165 315.458 309.144 310.349 27.3045 295.479 37.5678 1.70117 257.911 60.5695 51.8952 17.6077 34.2875
internal_count=141125 108437 32688 11008 6966 23468 22091 16647 84969 6325 84725 1381 1377 367 1014 103 3968 4870 5444 5195 80757 1216 3365 482 96 2883 945 888 598 290
is_linear=0
shrinkage=0.05


Tree=87
num_leaves=31
num_cat=0
split_feature=20 26 29 29 38 8 4 25 28 9 29 13 28 13 38 6 38 25 6 13 7 7 11 32 7 32 27 27 28 3
split_gain=320.971 124.141 56.4519 37.5986 30.7154 21.4247 21.1054 13.277 11.1583 10.0088 14.3089 7.25352 7.04539 7.08095 6.19251 6.01487 5.69178 5.55524 7.78856 10.3575 5.33603 5.20153 5.17378 9.48356 5.67677 4.96441 4.6888 4.49456 4.43657 4.31453
threshold=0.48684211075305944 0.67873525619506847 0.39379699528217321 0.060075188055634506 1.0000000180025095e-35 0.81934732198715221 0.31666667759418493 1.0000000180025095e-35 0.63890933990478527 0.9506518840789796 0.28708791732788091 5.5000000000000009 0.51459041237831127 5.5000000000000009 1.0000000180025095e-35 4.5000000000000009 2.5000000000000004 1.0000000180025095e-35 1.5000000000000002 1.0000000180025095e-35 0.53907206654548656 0.71583852171897899 0.18834459781646731 0.03603861294686795 0.20550528168678286 0.5001683533191682 0.14001414179801944 0.47593611478805548 0.48382590711116796 1.0000000180025095e-35
decision_type=2 2 2 2 2 2 2 2 2 2 2 2 2 2 2 2 2 2 2 2 2 2 2 2 2 2 2 2 2 2
left_child=1 3 4 27 -2 7 12 9 11 21 -11 16 13 29 -8 -16 -9 25 19 -19 -20 22 -6 -24 -25 -5 -22 -1 -28 -3
right_child=2 6 -4 17 5 -7 14 8 -10 10 -12 -13 -14 -15 15 -17 -18 18 20 -21 26 -23 23 24 -26 -27 28 -29 -30 -31
leaf_value=-0.048972925203786849 0.050639627487982133 -0.043038741976228263 0.046216533887403141 -0.0025577099651030886 -0.04645928949260382 0.035793846403564381 0.051903985907694884 -0.0021078394651624101 0.0348439579416275 -0.016170194051194586 -0.32716080687176907 0.058162204821180521 0.31182758928693632 0.25014781446675077 0.0011315273321323342 0.046886532411619435 0.052196860845131698 0.32615537752052187 -0.023829233769625251 0.0074154691130801061 -0.06324354808701467 0.057832085167638783 -0.10674070803570641 0.11556797681822861 -0.0024718757368407027 -0.064846479952408984 0.11500806113976579 0.13446116803712124 0.018225686890869994 0.10508069813618658
leaf_weight=324.84853169997223 49.706272695213556 34.116867184173316 236.09071814734489 7.253121610498054 15.503240251913665 56.126621560193598 6.4153851671144357 153.74203833146021 29.71521710511297 0.8458196036517609 0.65731286630034447 5.4690790283493689 0.14357530511915584 0.21024219086393614 292.07402658159845 7.3638168908655635 4.9815206797793499 0.44286993681453057 11.521119099576024 0.60039947018958628 1.6669123433530355 2.0024215755984178 2.1324626402929452 1.0897142598405505 15.597511675208805 5.7226234332192689 1.2553186891600514 0.33428238332271476 20.876905126497149 0.4988311231136312
leaf_count=90430 4450 7538 21840 348 811 3822 248 3449 1640 22 23 98 2 18 4188 88 232 25 624 24 66 51 27 21 241 346 24 2 425 2
internal_value=-0.000400385 -0.0227436 0.0274612 -0.0426134 0.0143441 0.00807677 -0.000909063 0.00136369 0.00664979 -0.0257327 -0.152165 0.00154727 -0.0377062 -0.0391472 0.00329811 0.00225674 -0.000403493 -0.00194247 0.00807962 0.142721 0.00410265 -0.020501 -0.025071 -0.00745175 0.0052364 -0.0300286 0.0176244 -0.0487844 0.0237151 -0.0409043
internal_weight=1289 715.345 573.66 374.522 337.569 287.863 340.823 231.736 193.908 37.8285 1.50313 164.193 34.9695 34.8259 305.853 299.438 158.724 49.3393 36.3635 1.04327 35.3203 36.3254 34.3229 18.8197 16.6872 12.9757 23.7991 325.183 22.1322 34.6157
internal_count=141125 104398 36727 92314 14887 10437 12084 6615 5419 1196 45 3779 7560 7558 4524 4276 3681 1882 1188 49 1139 1151 1100 289 262 694 515 90432 449 7540
is_linear=0
shrinkage=0.05


Tree=88
num_leaves=31
num_cat=0
split_feature=20 4 8 11 35 38 23 7 26 23 24 20 38 20 11 20 26 21 4 11 6 7 32 7 12 19 12 22 26 7
split_gain=299.049 120.405 36.435 24.955 22.6993 18.8069 18.2989 18.4179 13.7527 13.4884 16.1592 21.2982 13.1742 10.3278 10.2871 6.59435 5.91975 6.66485 5.83925 10.1881 12.1849 18.6218 9.3736 6.6495 5.73942 5.71506 10.0001 6.58916 5.68205 5.51102
threshold=0.64495798945426952 0.41428571939468389 0.82426470518112194 0.067816093564033522 1.0000000180025095e-35 1.0000000180025095e-35 1.0000000180025095e-35 0.05298245698213578 0.56461101770401012 1.0000000180025095e-35 1.0000000180025095e-35 0.24264705926179889 1.0000000180025095e-35 0.90692642331123363 0.76568627357482921 0.24264705926179889 0.03137303143739701 3.5000000000000004 0.31666667759418493 0.64785373210906994 1.5000000000000002 0.41763564944267279 0.55561563372612011 0.53907206654548656 0.080540537834167494 0.19139194488525393 0.043961353600025184 0.1513878330588341 0.17295821756124499 0.71583852171897899
decision_type=2 2 2 2 2 2 2 2 2 2 2 2 2 2 2 2 2 2 2 2 2 2 2 2 2 2 2 2 2 2
left_child=1 3 5 12 15 -2 13 -8 25 10 -3 -12 -1 14 29 -5 -13 -18 -10 20 21 22 -20 -22 -24 -6 28 -28 -27 -7
right_child=2 9 -4 4 8 6 7 -9 18 -11 11 16 -14 -15 -16 -17 17 -19 19 -21 23 -23 24 -25 -26 26 27 -29 -30 -31
leaf_value=0.024777961569846112 0.050543045326249064 0.0038776882220467736 0.047169609935947043 -0.0053444478532809585 -0.050213964717295848 -0.014234326802198528 7.9474422333426049e-05 0.037911006866321983 -0.028231602662293326 0.031221676535805945 -0.046089401892642982 -0.051753403776805033 -0.048655398102053257 0.040219361839006318 -0.11879077612905471 0.07105962363437715 0.011658781961909606 -0.02869629263695387 0.08860130930504212 -0.030016482475286401 -0.01869364317113973 0.015369874655008477 0.19435739320211232 0.086295378646045584 0.40918995958701015 0.013429301664399249 0.12465179979788424 -0.036701387045008152 0.19250710168933571 0.037065484883515125
leaf_weight=6.2480225143954149 39.797590221278369 266.63095135358162 206.49704293627292 4.3055198716465375 44.541479507694021 59.69823360722512 50.769143745303154 87.823874697089195 11.966481843963264 31.598831115989015 43.531460082624108 5.3252348417881867 271.98709229542874 10.381736390292643 2.2363175218924871 8.2077694712206704 48.761788911186159 12.94821150973439 0.82193798059597734 7.5821540984325102 6.1811712521594018 2.4224374969489872 0.59748590178787686 1.9948615832254288 0.64813632005825639 0.958724533207717 0.66300249239429732 13.855312826344742 0.8233817417640239 5.7385291168466201
leaf_count=193 3897 2467 19949 246 12877 1063 420 6629 1808 1187 9801 99 76840 476 43 297 1026 230 38 124 488 31 16 50 26 27 12 533 21 211
internal_value=-0.000391385 -0.0190406 0.0315379 -0.039153 -0.018455 0.0189508 0.0131474 0.0240526 -0.0269569 -0.00015783 -0.00278657 -0.0188574 -0.0470064 -0.00621576 -0.0133394 0.0447708 -0.00117344 0.00319134 -0.000541052 0.0158238 0.0432648 0.109442 0.219661 0.00692252 0.306142 -0.0409436 -0.015612 -0.0293329 0.0961681 -0.00973555
internal_weight=1255.54 792.601 462.942 383.805 105.57 256.445 216.648 138.593 93.0566 408.796 377.198 110.567 278.235 78.0548 67.6731 12.5133 67.0352 61.71 32.2147 20.2482 12.666 4.49 2.06756 8.17603 1.24562 60.8419 16.3004 14.5183 1.78211 65.4368
internal_count=141125 108437 32688 93627 16594 12739 8842 7049 16051 14810 13623 11156 77033 1793 1317 543 1355 1256 2581 773 649 111 80 538 42 13470 593 545 48 1274
is_linear=0
shrinkage=0.05


Tree=89
num_leaves=31
num_cat=0
split_feature=20 15 29 38 10 4 25 29 11 37 19 22 10 25 10 11 7 22 19 11 5 29 19 21 6 38 8 30 8 9
split_gain=278.967 132.472 61.3257 33.4601 21.1357 18.2301 17.9646 13.2908 10.3457 11.8424 7.50855 7.34847 7.29913 7.17612 6.78089 6.42086 6.12682 5.95971 7.90249 6.82536 10.6648 5.7358 5.70014 8.02781 5.43931 5.65774 4.97989 7.51194 4.93295 7.27044
threshold=0.38675214350223547 1.0000000180025095e-35 0.39379699528217321 1.0000000180025095e-35 0.88273492455482494 0.31666667759418493 1.0000000180025095e-35 0.055363984778523452 0.035098522901535041 1.0000000180025095e-35 0.39565217494964605 0.31738400459289556 0.4712491780519486 0.75000000000000011 0.77459675073623668 0.27386364340782171 0.6885775923728944 0.70396453142166149 0.48913043737411505 0.77003204822540294 0.81666666269302379 0.28708791732788091 0.43874999880790716 2.5000000000000004 4.5000000000000009 1.0000000180025095e-35 0.69309264421463024 0.72972926497459423 0.6885775923728944 0.72210806608200084
decision_type=2 2 2 2 2 2 2 2 2 2 2 2 2 2 2 2 2 2 2 2 2 2 2 2 2 2 2 2 2 2
left_child=1 7 3 -2 6 14 17 13 10 11 16 -10 15 -1 -3 -7 28 21 -19 26 -21 -5 23 -13 25 -14 27 -20 29 -8
right_child=2 5 -4 4 -6 12 8 -9 9 -11 -12 22 24 -15 -16 -17 -18 18 19 20 -22 -23 -24 -25 -26 -27 -28 -29 -30 -31
leaf_value=-0.049178256676087592 0.050902189737087301 -0.045297331757758366 0.045770439286188937 -0.039736153859252124 0.034740384445311703 -0.025544014437539904 -0.034568714992777624 -0.010642454247059301 0.03149995494722909 0.051449819662028232 0.004693544118058942 0.047332365271364876 0.051594104530139899 0.08637597787239 0.04879186431973459 0.22505343440658648 0.051482028711628762 0.03469074552384404 -0.011026875440974401 -0.2521264146597364 0.050710226957014715 -0.16812889090094996 0.018104010638423935 -0.022909808613163215 0.046112149059426379 0.00083403730570058554 0.053023462156685019 -0.11488032583931729 -0.078500617014241783 0.026677100403552513
leaf_weight=295.87412549951114 48.427093538455665 26.442664421163503 216.32018213812262 24.256795813096691 54.125948805827647 0.40605487534776219 22.513728613732386 24.818360095610842 26.041454124264419 20.79097848944366 75.758332040626556 4.7049606123473486 5.6006191354244939 0.97957854392006893 2.0644018230959764 0.68990705907344818 2.5528899719938627 7.0895451069809523 8.229265674017368 0.79599988926201948 0.45798993203788996 0.90222196467220683 24.489572052843869 30.028214583639055 7.1126539111137381 276.87689309311099 2.0056146988645187 2.2084960602223864 4.354492337210103 6.1745420189108691
leaf_count=89258 4514 6607 21840 1814 2961 51 2266 1658 683 1542 1118 77 235 47 35 17 33 168 151 22 35 26 1224 631 89 3659 68 29 103 164
internal_value=-0.000387037 -0.0231474 0.0246656 0.0121887 0.0062835 -0.000326755 0.000434906 -0.0457923 0.00643824 0.0176145 -0.00420622 0.00936407 0.00341522 -0.0487309 -0.0384837 0.132207 -0.0231476 -0.027972 -0.00816078 -0.0303401 -0.141523 -0.0443404 -0.000369525 -0.0133948 0.00292781 0.00184045 -0.0191356 -0.0330009 -0.0289135 -0.0213869
internal_weight=1223.09 640.865 582.228 365.908 317.481 319.193 263.355 321.672 217.409 106.055 111.354 85.2642 290.686 296.854 28.5071 1.09596 35.5957 45.9459 20.7869 13.6974 1.25399 25.159 59.2227 34.7332 289.59 282.478 12.4434 10.4378 33.0428 28.6883
internal_count=141125 101656 39469 17629 13115 10693 10154 90963 7841 4157 3684 2615 4051 89305 6642 68 2566 2313 473 305 57 1840 1932 708 3983 3894 248 180 2533 2430
is_linear=0
shrinkage=0.05


Tree=90
num_leaves=31
num_cat=0
split_feature=23 9 9 19 29 26 19 38 29 38 7 32 26 12 10 11 12 32 11 12 38 29 32 38 11 10 21 32 7 10
split_gain=263.635 116.648 36.6013 23.5001 22.5558 19.7394 33.5555 14.4128 9.77982 9.55861 7.96493 7.5281 7.24858 6.83939 9.0119 6.56448 6.32066 10.1346 10.6153 6.22259 5.90444 5.50754 5.29876 5.16439 5.12988 5.00624 5.11977 4.9691 4.60066 4.41962
threshold=1.0000000180025095e-35 0.78203994035720836 0.88929614424705516 0.2788888961076737 0.39379699528217321 0.55230990052223217 0.13188406080007556 1.0000000180025095e-35 0.19625350087881091 1.0000000180025095e-35 0.58434957265853893 0.47626727819442755 0.012739370577037336 0.32392686605453497 0.77015754580497753 0.053342817351222045 0.17712418735027316 0.29167555272579199 0.58898946642875682 0.71010184288024913 1.0000000180025095e-35 0.25949975848197943 0.099057607352733626 1.0000000180025095e-35 0.58434957265853893 0.95488464832305919 4.5000000000000009 0.27081185579299932 0.86425063014030468 0.87939393520355236
decision_type=2 2 2 2 2 2 2 2 2 2 2 2 2 2 2 2 2 2 2 2 2 2 2 2 2 2 2 2 2 2
left_child=1 3 7 10 5 6 -3 -2 24 -8 -1 15 21 -12 -15 23 -6 -18 -19 -13 -7 27 -23 -5 -9 26 -22 -11 -27 -14
right_child=2 4 -4 11 16 20 9 8 -10 12 13 19 29 14 -16 -17 17 18 -20 -21 25 22 -24 -25 -26 28 -28 -29 -30 -31
leaf_value=-0.047672596990030555 0.050605854709389858 -0.049161654406981614 0.047940782241529339 0.050727067780617266 0.045609375215668803 0.051402240366808287 0.051874274564830181 0.0014697640479279083 0.032439128200615633 0.02558211446269203 -0.01231469153442543 0.033122378583032755 -0.0085790395512610265 -0.034016300789490972 0.27532987120752 0.040075953256632803 0.040938060452187348 0.051170209458832321 -0.14566961930757058 -0.06383140479000747 -0.0019676806553963425 -0.21278039525852602 -0.064312775740551539 -0.038794525681893115 -0.10949735325589956 0.053363692952970658 0.072336300725227648 -0.061207227106630138 0.0098062473304345449 0.016128831380698233
leaf_weight=254.07204643962905 24.524826854467392 58.468704817350954 218.93282625591382 1.7413614131510318 30.293616178445518 6.068878377787768 7.6271198904141775 88.911564216250554 31.771773338317871 3.3234118821565044 3.9975419179536393 13.665139848366378 63.733606404159218 0.42636044998653222 0.52574517228640616 3.6443527443334451 4.669262306764721 1.0541536072269084 1.955503969453275 1.8829794209450472 257.65549444500357 0.73997428826987777 3.1991093587130308 21.525016373489052 1.0538431485183526 6.925402656197547 2.339332776144146 3.2739326357841492 48.640711293555796 25.277184446342289
leaf_count=78859 2596 17795 22134 141 2919 298 568 2526 2617 51 357 586 1725 59 21 123 274 63 47 80 4460 15 64 1271 14 62 26 31 657 686
internal_value=-0.00037789 -0.0160068 0.0350028 -0.040797 -0.00177778 -0.00467023 -0.0186933 0.0156366 0.00859174 -0.00207134 -0.0464488 -0.00631762 -0.00620455 0.0163692 0.136802 -0.0223208 0.0353389 -0.00517856 -0.0767251 0.0213806 0.00255181 -0.04542 -0.0922031 -0.0320943 0.00016991 0.00161231 -0.00129912 -0.0174871 0.015235 -0.00156253
internal_weight=1191.92 826.726 365.195 301.481 525.245 487.273 165.643 146.262 121.737 107.174 259.022 42.4588 99.5472 4.94965 0.952106 26.9107 37.9725 7.67892 3.00966 15.5481 321.63 10.5364 3.93908 23.2664 89.9654 315.561 259.995 6.59734 55.5661 89.0108
internal_count=141125 111238 29887 81497 29741 26438 20935 7753 5157 3140 79296 2201 2572 437 80 1535 3303 384 110 666 5503 161 79 1412 2540 5205 4486 82 719 2411
is_linear=0
shrinkage=0.05


Tree=91
num_leaves=31
num_cat=0
split_feature=23 9 9 20 20 4 35 38 38 38 5 27 27 10 24 20 5 35 9 8 7 5 10 32 7 12 10 10 29 13
split_gain=245.498 111.387 36.2995 24.415 23.3316 17.1513 16.5393 14.0278 11.0747 11.245 16.1776 14.5422 10.0153 9.66909 9.45436 16.1142 9.26604 8.78895 11.4024 7.69324 7.64828 13.1066 7.6293 10.0785 7.17186 9.21259 11.8112 7.01923 7.00615 6.53963
threshold=1.0000000180025095e-35 0.78203994035720836 0.88929614424705516 0.56696429848670971 0.87867647409439098 0.31666667759418493 1.0000000180025095e-35 1.0000000180025095e-35 1.0000000180025095e-35 2.5000000000000004 0.81666666269302379 0.66966992616653453 0.79093477129936229 0.77459675073623668 1.0000000180025095e-35 0.24264705926179889 0.58571431040763866 1.0000000180025095e-35 0.62626725435256969 0.94804319739341747 0.28708791732788091 0.73214286565780651 0.48050633072853094 0.53069072961807262 0.54631218314170849 0.32392686605453497 0.77015754580497753 0.30068494379520422 0.28708791732788091 1.0000000180025095e-35
decision_type=2 2 2 2 2 2 2 2 2 2 2 2 2 2 2 2 2 2 2 2 2 2 2 2 2 2 2 2 2 2
left_child=1 3 7 24 5 6 -3 -2 -7 14 11 19 -13 -8 20 -16 17 18 27 -11 21 22 -10 -24 -1 -26 -27 29 -12 -9
right_child=2 4 -4 -5 -6 8 13 16 9 10 28 12 -14 -15 15 -17 -18 -19 -20 -21 -22 -23 23 -25 25 26 -28 -29 -30 -31
leaf_value=-0.047937050060529562 0.050576670599136481 0.034099203662818454 0.047703158916660993 -0.0059439625908047564 0.048496194261905233 0.051892920300513339 -0.049773278819731773 -0.058966846310603921 0.34501069125688583 0.047448601141039166 0.013324474160332356 -0.079740449685424306 -0.37985860018476081 0.033527971092241288 -0.046610435897943163 -0.0063430227064953095 0.027448634439595249 -0.036255912505055297 0.0556890626388028 -0.031357679929525338 -0.0016890940163066586 -0.037351561442282147 -0.0084721045744355194 0.20499169922475483 -0.025655683447065404 -0.039229001472995906 0.25234323752309401 -0.027109583802417726 0.050609811990009829 0.017105593826025785
leaf_weight=239.27980528003536 23.341858649160713 8.2997536268085224 209.26693295873702 43.672699381131679 22.160118093714118 9.7799003357067686 41.154842984396964 3.0949514852836719 0.37750215595588033 3.705461052246398 95.330655125202611 0.69280857034027465 0.46426807157695293 3.8056878433562806 35.170018615433946 84.630963956704363 41.292857977561653 14.975454935804008 9.8811909621581417 18.85686555900611 176.98715158551931 1.836451821029186 1.0701477895490827 1.1441410151310263 5.2636530997697255 0.64125212887302019 0.7577665694989264 19.111910991836339 14.51793943159282 32.405058832839131
leaf_count=78815 2596 388 22134 1836 2068 537 9753 31 13 44 2010 23 34 129 9340 1959 2713 1496 336 312 1663 13 64 22 708 110 28 227 1369 354
internal_value=-0.000367071 -0.0155442 0.034405 -0.0403948 -0.00170323 -0.0039378 -0.0307509 0.0150934 -0.000725506 -0.00190909 0.0101663 -0.027281 -0.200161 -0.0427222 -0.00726366 -0.0181643 0.00823483 -0.0017489 0.00626372 -0.0184151 -6.51929e-05 0.0648386 0.137247 0.101826 -0.0465123 0.00465564 0.118699 -0.00267904 0.0182522 0.0104735
internal_weight=1162.97 809.6 353.37 289.615 519.985 497.825 53.2603 144.103 444.564 434.784 133.568 23.7194 1.15708 44.9605 301.216 119.801 120.761 79.4686 64.4931 22.5623 181.415 4.42824 2.59179 2.21429 245.942 6.66267 1.39902 54.6119 109.849 35.5
internal_count=141125 111238 29887 81497 29741 27673 10270 7753 17403 16866 3792 413 57 9882 13074 11299 5157 2444 948 356 1775 112 99 86 79661 846 138 612 3379 385
is_linear=0
shrinkage=0.05


Tree=92
num_leaves=31
num_cat=0
split_feature=20 11 10 7 38 20 4 4 38 7 8 11 10 22 25 26 19 21 20 10 34 5 32 11 10 10 5 10 4 22
split_gain=227.078 102.841 36.4161 27.6276 17.3521 16.7524 15.8837 25.543 15.1335 14.0698 9.51556 8.90155 8.33623 8.30513 7.51486 7.20995 22.9904 8.90515 7.18184 8.1586 6.73868 6.62379 9.73549 9.65775 6.58053 6.36603 6.15517 7.86068 6.03877 10.7215
threshold=0.64495798945426952 0.10102041065692903 0.85880398750305187 0.66352203488349926 1.0000000180025095e-35 0.91987180709838878 0.31666667759418493 0.087121214717626586 1.0000000180025095e-35 0.15047170221805575 0.90550595521926891 0.2524509876966477 0.77459675073623668 0.70396453142166149 1.0000000180025095e-35 0.47952194511890417 0.11651583760976793 4.5000000000000009 0.48684211075305944 0.4712491780519486 1.0000000180025095e-35 0.81666666269302379 0.025288567878305915 0.72111111879348766 0.65485891699790966 0.27334994077682501 0.77500000596046459 0.7243877947330476 0.6904762089252473 0.88066548109054577
decision_type=2 2 2 2 2 2 2 2 2 2 2 2 2 2 2 2 2 2 2 2 2 2 2 2 2 2 2 2 2 2
left_child=1 3 4 8 -2 14 7 -3 -1 25 13 -8 -9 26 21 16 -13 -18 19 -17 28 23 -23 -6 -20 -7 -10 -28 -16 -30
right_child=2 6 -4 -5 5 9 11 12 10 -11 -12 15 -14 -15 20 18 17 -19 24 -21 -22 22 -24 -25 -26 -27 27 -29 29 -31
leaf_value=0.029058973462448668 0.050447099818028064 0.073196456970094637 0.046593886507622917 0.01536938827878574 -0.029958636536443251 0.027546728571099622 0.04821429938204292 -0.047162512877048535 -0.048374533462437891 0.047335255875373621 -0.60627525190635723 -0.050172970563273772 0.044595937041207082 0.03088018719364323 0.0036924017720362059 0.14988453692591339 0.011811818546662089 -0.04072235383170919 0.17867453996957569 0.0023516934306529597 0.045523846223286292 -0.23082306110660819 0.042537289759775943 -0.17165446979144539 0.03469945474464415 -0.014709476530221297 -0.066979566271599428 0.085331605707690938 -0.021095992468611244 -0.25104418381691768
leaf_weight=6.7804658412933341 32.406330003868788 5.4564736250322303 175.55526378843933 20.628382130758837 17.339418981224306 16.927910681813955 9.9358024848625046 40.738808148773387 253.59177004103549 44.902919378131628 0.075924720615147545 27.511156717780977 2.6353623899631193 3.4271130077540866 84.959184522740543 0.94028368149883945 56.233658904442564 9.4177039526402933 0.89020138047635367 275.35600872244686 9.4718390926718694 0.34923878591507573 4.8338383100926876 1.2921627787873138 7.3169899471104145 18.82504815980792 1.5021288229618215 1.9426108114421365 2.5951483147218819 0.62996916938573111
leaf_count=227 3859 258 19882 511 347 199 559 11349 80587 4609 2 9012 70 121 2292 29 1543 200 14 3319 921 10 223 30 272 167 251 113 129 20
internal_value=-0.000358457 -0.0171897 0.0293723 -0.0403835 0.0164814 0.0110358 -0.00188699 -0.0287611 -0.0446858 0.0287009 -0.0466049 0.00149865 -0.0415874 -0.0464418 -0.000693699 0.000269638 -0.0118031 0.00427578 0.00422293 0.00285377 0.00544769 -0.0258775 0.0241181 -0.0397857 0.0503159 0.00529752 -0.0474727 0.0189141 0.00114313 -0.0660123
internal_weight=1134.47 724.381 410.088 287.948 234.533 202.127 436.432 48.8306 267.32 80.6559 260.54 387.602 43.3742 260.464 121.471 377.666 93.1625 65.6514 284.503 276.296 97.6561 23.8147 5.18308 18.6316 8.20719 35.753 257.037 3.44474 88.1843 3.22512
internal_count=141125 108437 32688 81812 12806 8947 26625 11677 81301 4975 81074 14948 11419 81072 3972 14389 10755 1743 3634 3348 3362 610 233 377 286 366 80951 364 2441 149
is_linear=0
shrinkage=0.05


Tree=93
num_leaves=31
num_cat=0
split_feature=23 9 9 20 20 4 35 38 38 38 5 6 7 28 29 26 29 26 5 35 9 21 32 32 9 6 8 7 13 27
split_gain=216.229 101.1 35.1694 23.6098 21.1397 15.5873 14.8691 13.1575 10.3677 9.97296 14.5822 11.6066 14.8709 10.5259 16.3692 10.4508 11.6384 8.94923 8.30216 7.83403 10.7217 9.3375 7.61084 15.6566 9.16702 7.48298 7.07812 5.97121 6.08221 6.41946
threshold=1.0000000180025095e-35 0.77798241376876842 0.88929614424705516 0.56696429848670971 0.87867647409439098 0.31666667759418493 1.0000000180025095e-35 1.0000000180025095e-35 1.0000000180025095e-35 2.5000000000000004 0.81666666269302379 1.5000000000000002 0.45035210251808172 0.83339542150497448 0.34330357611179357 0.74731057882308971 0.10791925340890886 0.02334665693342686 0.58571431040763866 1.0000000180025095e-35 0.62626725435256969 14.500000000000002 0.55561563372612011 0.59167373180389415 0.89789974689483654 2.5000000000000004 0.94804319739341747 0.54631218314170849 5.5000000000000009 1.0000000180025095e-35
decision_type=2 2 2 2 2 2 2 2 2 2 2 2 2 2 2 2 2 2 2 2 2 2 2 2 2 2 2 2 2 2
left_child=1 3 7 27 5 6 -3 -2 -7 11 13 12 22 26 -15 16 -13 -18 19 20 -9 -21 -10 -24 -25 -12 -11 28 -1 -30
right_child=2 4 -4 -5 -6 8 -8 18 9 10 25 15 -14 14 -16 -17 17 -19 -20 21 -22 -23 23 24 -26 -27 -28 -29 29 -31
leaf_value=-0.0484577187670737 0.050530610832931915 0.031657363190495023 0.047321027699828044 -0.0057778616088011306 0.048237432188744461 0.051799290765622064 -0.042065104196743162 -0.0026977572673597479 0.048172538330989154 0.046485203501853589 0.001160476181749437 -0.044453915373495259 -0.017242943059928455 -0.043928204015886818 -0.41697580910489834 -0.0022782745890674743 -0.053039224665700671 -0.0015244020385122867 0.026381683731600009 -0.029352793163087754 0.055210570178437939 -0.3307794532925234 0.37365023081514481 -0.051022897678726836 0.18918035018647869 0.028114102374938634 -0.029902040205126143 0.0033152166133185337 0.41978729896150507 0.019647956980789125
leaf_weight=215.05708879232407 21.220929539762437 8.157696739304809 192.35653381841257 42.778468752745539 20.29480987181887 9.1665655979886633 42.326173969777301 53.930374211864546 8.8567247025202978 3.6134634353220525 42.750055029988289 37.640546462265775 9.236895129317416 0.94178183283656725 0.42756353598088026 177.15238121710718 9.969431715551762 54.620355301070958 39.64002937474288 14.32603410305455 9.3840712206438166 0.26161735318601209 0.58527165441773776 0.78093180945143081 0.80834613763727248 64.754580446518958 18.865725861629471 5.8959346066694698 0.10636742133647104 1.7383621423505244
leaf_count=78177 2596 391 22134 1826 2072 538 10107 612 686 45 1141 8433 1060 26 30 1625 180 1140 2713 1484 336 12 30 68 13 2239 312 807 20 272
internal_value=-0.000350017 -0.0147759 0.0334808 -0.0398002 -0.00176897 -0.00383737 -0.0301523 0.0142952 -0.000819269 -0.00193836 0.00954923 -0.00697399 0.0295609 -0.0258215 -0.160408 -0.00962445 -0.0223545 -0.00947571 0.00775324 -0.00172573 0.00588505 -0.0347586 0.0687514 0.152567 0.0711504 0.0173958 -0.017623 -0.0463327 -0.0476823 0.0427201
internal_weight=1107.65 776.526 331.12 265.576 510.949 490.654 50.4839 138.763 440.171 431.004 131.353 299.651 20.2682 23.8485 1.36935 279.383 102.23 64.5898 117.542 77.9021 63.3144 14.5877 11.0313 2.17455 1.58928 107.505 22.4792 222.798 216.902 1.84473
internal_count=141125 111238 29887 81102 30136 28064 10498 7753 17566 17028 3793 13235 1857 413 56 11378 9753 1320 5157 2444 948 1496 797 111 81 3380 357 79276 78469 292
is_linear=0
shrinkage=0.05


Tree=94
num_leaves=31
num_cat=0
split_feature=23 9 9 19 29 38 36 30 38 29 4 6 3 12 7 4 4 32 11 12 38 19 28 6 22 22 29 19 12 9
split_gain=201.144 96.2006 34.7089 22.9401 18.2718 16.682 17.0485 23.1242 12.7707 7.9635 7.14893 10.9562 7.37945 6.52433 7.27881 6.58819 16.9179 6.33317 5.88481 5.68849 5.61067 5.4632 5.44803 5.08822 4.89697 15.0435 14.7253 6.13564 5.01432 5.6949
threshold=1.0000000180025095e-35 0.76799523830413829 0.88929614424705516 0.2788888961076737 0.55409699678421032 1.0000000180025095e-35 1.0000000180025095e-35 0.13795641809701922 1.0000000180025095e-35 0.19625350087881091 0.81666666269302379 2.5000000000000004 1.0000000180025095e-35 0.17902930825948718 0.22886905074119571 0.34848485887050634 0.31666667759418493 0.47626727819442755 0.053342817351222045 0.71010184288024913 1.0000000180025095e-35 0.23904761672019961 0.62750142812728893 4.5000000000000009 0.90392306447029125 0.95393458008766185 0.46225070953369146 0.68585526943206798 0.033908046782016761 0.97341781854629528
decision_type=2 2 2 2 2 2 2 2 2 2 2 2 2 2 2 2 2 2 2 2 2 2 2 2 2 2 2 2 2 2
left_child=1 3 8 20 5 -3 7 13 -2 22 12 21 24 -7 -15 16 -16 18 -5 -19 -1 -12 -10 -9 27 26 28 -8 29 -26
right_child=2 4 -4 17 -6 6 10 23 9 -11 11 -13 -14 14 15 -17 -18 19 -20 -21 -22 -23 -24 -25 25 -27 -28 -29 -30 -31
leaf_value=0.0081937256812258021 0.05050505843270528 0.051378917435918117 0.047052837943479031 -0.030236442620840315 0.050546021717700645 -0.0025206351031694853 -0.0050069364100023784 -0.048172199367591276 -0.0029369349177053674 0.030336066450007054 -0.034620191483713501 0.024999735204591068 0.046908732562182434 -0.055917967644060686 -0.050258801313366443 0.055284052643318309 0.37169099424662555 0.032008368931410937 0.039115596764491306 -0.063264034115663018 -0.047392635457376847 0.054464598638990662 0.053032430081191399 0.17649323244463591 -0.052764225765761522 0.0069594181018060516 -0.33375708273961879 0.043513378286232557 -0.037211104319474199 -0.31039058145662385
leaf_weight=4.6413236502557984 20.195928004570305 13.445514074992387 183.99218104360625 21.405390996485952 16.118341775611043 16.548405893845487 317.81598982214928 48.574785445583984 83.36691830563359 28.645239246077836 13.382798603968693 51.075821895617992 6.957809292478486 1.1577203525230277 0.40171970752999175 4.1442992920055985 0.58131282473914325 13.256930532865224 3.5687977059278628 1.7767440695315588 207.13755495031364 1.9749714080244292 4.5871266201138488 0.25333344214595754 0.4438494378700838 6.8169012581929564 0.64609657321125258 6.651950715109705 2.4952987497672439 0.41514525376260281
leaf_count=83 2596 1031 22134 1378 1853 321 9372 15087 2384 2617 383 1354 159 93 92 39 15 579 120 80 78113 129 156 18 11 280 37 539 43 29
internal_value=-0.000340441 -0.0143277 0.0328715 -0.0396147 -0.00184116 -0.00355121 -0.00508881 -0.0275838 0.0137973 0.00743921 -0.0011443 0.0138655 -0.00405788 0.0139507 0.0573193 0.0828876 0.19926 -0.0048915 -0.0203261 0.0207487 -0.0461744 -0.0231641 -1.79269e-05 -0.0470066 -0.00511553 -0.0382098 -0.115181 -0.00401222 -0.0730793 -0.177273
internal_weight=1082.48 761.689 320.787 251.787 509.902 493.784 480.338 71.6616 136.795 116.599 408.677 66.4336 342.243 22.8335 6.28505 5.12733 0.983033 40.0079 24.9742 15.0337 211.779 15.3578 87.954 48.8281 335.285 10.8173 4.00039 324.468 3.35429 0.858995
internal_count=141125 111238 29887 80353 30885 29032 28001 15665 7753 5157 12336 1866 10470 560 239 146 107 2157 1498 659 78196 512 2540 15105 10311 400 120 9911 83 40
is_linear=0
shrinkage=0.05


Tree=95
num_leaves=31
num_cat=0
split_feature=23 9 9 20 20 4 4 38 38 38 5 6 7 26 29 26 1 26 22 26 10 10 38 32 29 12 19 11 32 6
split_gain=186.974 91.7228 34.1928 22.8174 19.3939 13.5729 13.3477 12.3863 9.47666 8.84597 13.0857 10.2539 12.3857 10.1668 11.3564 9.08665 8.10442 8.86805 10.3059 10.186 7.90371 7.77975 6.97761 6.91972 6.69383 5.86392 5.71852 5.66409 6.06633 5.48546
threshold=1.0000000180025095e-35 0.76799523830413829 0.88929614424705516 0.48684211075305944 0.87867647409439098 0.31666667759418493 0.074175827205181136 1.0000000180025095e-35 1.0000000180025095e-35 2.5000000000000004 0.81666666269302379 1.5000000000000002 0.45035210251808172 0.74731057882308971 0.10791925340890886 0.02334665693342686 1.0000000180025095e-35 0.30034965276718145 0.91080269217491161 0.1465040594339371 0.77459675073623668 0.85028737783432018 1.0000000180025095e-35 0.48843066394329077 0.28708791732788091 0.71010184288024913 0.26794873178005224 0.15470086038112643 0.20691987127065661 2.5000000000000004
decision_type=2 2 2 2 2 2 2 2 2 2 2 2 2 2 2 2 2 2 2 2 2 2 2 2 2 2 2 2 2 2
left_child=1 3 7 -1 5 6 -3 -2 -7 11 16 12 -10 14 -13 -16 -11 18 19 -18 -8 -9 -5 27 29 -25 -21 -24 -29 -12
right_child=2 4 -4 22 -6 8 20 21 9 10 24 13 -14 -15 15 -17 17 -19 -20 26 -22 -23 23 25 -26 -27 -28 28 -30 -31
leaf_value=-0.046744257787449082 0.050480725594797084 0.041055332319624549 0.046771192944100481 0.050737552420628544 0.048004223132174041 0.051644182517242322 -0.045512724399283416 0.0028984055198298113 0.062023141531118708 0.044822919288787649 -0.0020864704419410389 -0.044219126604628942 -0.016065964658843253 -0.0019319906055957116 -0.052207438112962239 -0.001203799103729518 -0.0045599366392072641 -0.022799090665974468 -0.36774738010949581 -0.080296040450632322 0.025319059569092583 0.046845893912189941 -0.034515163970828731 0.029420192921042206 0.05054348205085795 -0.074660818655403346 -0.31725983368442351 -0.013127760098053932 0.13819990717403938 0.022468285354399643
leaf_weight=194.85863571241498 19.219987597316504 6.0367151328828177 176.0464900303632 4.5650710612535468 18.847924342378974 8.420031411573289 38.789882078533992 104.48189453966916 11.460191669408234 3.6007483233697739 39.907616955460981 36.231115776346996 9.1178143133874965 177.49950568075292 10.383680668659506 54.918018335010856 1.6394020800944451 17.373140272684395 0.35739433392882336 0.481136006535962 4.3833996111061415 11.144296725280581 27.101823194185275 11.102255382807924 12.751636834815143 1.5411207925062615 0.54074367508292198 1.9421980078332119 1.0049270428717134 52.887020908063278
leaf_count=77538 2596 317 22134 404 2092 542 10442 4186 822 52 823 8651 1074 1670 181 1151 114 154 11 61 150 971 1909 379 1370 62 21 45 16 1187
internal_value=-0.00032922 -0.0138785 0.0322588 -0.0391852 -0.00176057 -0.00368744 -0.0285838 0.0133125 -0.00088754 -0.00191823 0.00899912 -0.00663843 0.027423 -0.00915038 -0.0217696 -0.00931393 -0.0243322 -0.0365435 -0.115645 -0.0817896 -0.0383211 0.00713416 -0.00801674 -0.0142993 0.0165759 0.0167336 -0.205689 -0.0273567 0.0384728 0.0119082
internal_weight=1058.64 747.743 310.893 242.116 505.627 486.779 49.21 134.846 437.569 429.149 129.539 299.61 20.578 279.032 101.533 65.3017 23.9926 20.3918 3.01868 2.66128 43.1733 115.626 47.2574 42.6923 105.546 12.6434 1.02188 30.0489 2.94713 92.7946
internal_count=141125 111238 29887 80353 30885 28793 10909 7753 17884 17342 3793 13549 1896 11653 9983 1332 413 361 207 196 10592 5157 2815 2411 3380 441 82 1970 61 2010
is_linear=0
shrinkage=0.05


Tree=96
num_leaves=31
num_cat=0
split_feature=23 9 9 20 20 4 4 10 10 20 26 23 6 35 10 4 13 4 22 32 28 13 11 28 11 28 12 22 22 12
split_gain=173.575 87.3714 33.7864 22.4465 18.3081 12.7283 12.4369 7.49745 7.1054 8.25108 7.84463 6.78222 6.72507 6.06264 6.02085 6.38231 5.83081 5.7786 5.54569 5.23835 5.21498 13.2843 19.2478 6.83741 8.14444 5.10074 8.84565 5.52123 8.05844 5.38377
threshold=1.0000000180025095e-35 0.76799523830413829 0.88929614424705516 0.56696429848670971 0.87867647409439098 0.31666667759418493 0.074175827205181136 0.77015754580497753 0.95488464832305919 0.53589746356010448 0.017316341400146488 1.5000000000000002 2.5000000000000004 1.0000000180025095e-35 0.84660634398460399 0.73214286565780651 5.5000000000000009 0.44949495792388922 0.08856209367513658 0.48843066394329077 0.82640874385833751 1.0000000180025095e-35 0.14459930360317233 0.62196046113967907 0.57793521881103527 0.2975697815418244 0.039230769500136382 0.9260777235031129 0.90392306447029125 0.19478319585323337
decision_type=2 2 2 2 2 2 2 2 2 2 2 2 2 2 2 2 2 2 2 2 2 2 2 2 2 2 2 2 2 2
left_child=1 3 11 16 5 6 -3 -8 10 12 -7 14 -10 -14 15 20 17 -1 -18 -5 23 22 -22 24 -2 26 -12 28 -27 -28
right_child=2 4 -4 19 -6 8 7 -9 9 -11 25 -13 13 -15 -16 -17 18 -19 -20 -21 21 -23 -24 -25 -26 27 29 -29 -30 -31
leaf_value=-0.049212886952727082 0.001707486002832218 0.039474155741091498 0.046475422600779477 -0.017673161692363156 0.047847859129338255 -0.039897489390261644 -0.045191696048600905 0.022267131950946678 -0.020071481623551893 0.050573803645986806 -0.076460285451150745 0.0351772716501823 -0.0176273357811223 0.024591703745682189 0.044090772950353629 -0.19386972865850996 0.37515928225146145 -0.015827907680431293 0.020079344896042864 0.020412161986815031 -0.65767824479911463 0.050653939926995711 0.050449860519578872 0.039383998583598132 -0.14465370807172276 -0.004906253944432371 0.053904811765612994 0.051547184521156864 -0.15382248722963854 0.0097236764250737684
leaf_weight=176.2901479494758 81.44771814183332 5.9664426303934297 168.49981476180255 27.2095225029625 17.985829687677324 14.499511681729926 37.099453798728064 4.633243018994107 18.321967117255554 12.138463874813167 2.492408607620745 26.996803732588887 10.882811432704328 38.889255557209253 9.9781580218113941 0.40872389310970803 0.11749010812491079 13.990283912746234 1.7162148375064132 13.512128392700104 0.21176619781181116 0.51608202885836363 0.17548079509288073 12.721042108256368 0.96171680022962291 296.12505475967191 9.2295652860775572 4.3238478852435938 0.91125821229070325 27.263482853537425
leaf_count=75617 3666 317 22134 1241 2092 672 10429 163 1000 1304 51 1927 371 1136 883 38 15 2654 276 550 20 55 21 1115 28 12344 181 258 21 546
internal_value=-0.000317532 -0.0134501 0.031592 -0.0387557 -0.00168395 -0.00352925 -0.0280487 -0.0377023 -0.000841097 0.0125966 -0.00387944 0.0127949 0.00582678 0.0153604 0.00711691 0.00329151 -0.0459032 -0.0467583 0.0428302 -0.00503581 0.00413064 -0.115439 -0.33679 0.00526604 -5.46813e-07 -0.00234499 0.0146734 -0.00454657 -0.0053631 0.0208977
internal_weight=1035.52 733.598 301.917 232.836 500.763 482.777 47.6991 41.7327 435.078 80.2325 354.845 133.417 68.094 49.7721 106.421 96.4425 192.114 190.28 1.8337 40.7217 96.0338 0.903329 0.387247 95.1305 82.4094 340.346 38.9855 301.36 297.036 36.493
internal_count=141125 111238 29887 80353 30885 28793 10909 10592 17884 3811 14073 7753 2507 1507 5826 4943 78562 78271 291 1791 4905 96 41 4809 3694 13401 778 12623 12365 727
is_linear=0
shrinkage=0.05


Tree=97
num_leaves=31
num_cat=0
split_feature=20 11 10 7 38 38 20 7 26 20 21 29 10 30 11 5 10 10 29 10 28 32 26 26 27 29 5 20 26 28
split_gain=161.549 84.0303 33.9907 25.3928 15.738 13.6022 13.548 12.804 12.5354 33.3096 11.4698 7.49876 7.29157 7.13792 6.88731 6.43052 7.22156 6.20141 6.28672 6.08334 5.94501 5.76646 5.82402 5.65576 7.25702 5.69337 6.8938 8.24163 5.62522 5.50754
threshold=0.64495798945426952 0.10102041065692903 0.85880398750305187 0.66352203488349926 1.0000000180025095e-35 1.0000000180025095e-35 0.91987180709838878 0.15047170221805575 0.47952194511890417 0.24264705926179889 4.5000000000000009 0.045584416016936309 0.56773442029953014 0.18404872715473178 0.45584416389465338 0.77500000596046459 0.7243877947330476 0.94665718078613292 0.15063025802373889 0.30068494379520422 0.51459041237831127 0.79425507783889782 0.057259952649474151 0.03137303143739701 0.49058216810226446 0.18414442986249926 0.73214286565780651 0.41885964572429663 0.02870879136025906 0.15557313710451129
decision_type=2 2 2 2 2 2 2 2 2 2 2 2 2 2 2 2 2 2 2 2 2 2 2 2 2 2 2 2 2 2
left_child=1 3 4 5 -2 -1 28 19 9 -3 14 13 -13 29 20 17 -17 18 -7 -8 -11 22 -21 24 -16 26 -25 -28 -6 -10
right_child=2 8 -4 -5 6 15 7 -9 11 10 -12 12 -14 -15 23 16 -18 -19 -20 21 -22 -23 -24 25 -26 -27 27 -29 -30 -31
leaf_value=0.029045606691722604 0.050367547878156851 -0.05004143985663162 0.045637801246527665 0.015174040859659028 -0.025319896069480926 -0.047865563541810908 0.019979413022621875 0.046567219088133494 0.10732905184339697 0.01331344182126813 -0.042031727147560094 0.18203888199507523 0.027930629917704921 -0.033384535884255932 -0.080277650939583972 -0.069325729121191226 0.083108513953744856 -0.43709491650941001 0.014467898354770621 0.043812728985958879 0.071685913992876285 -0.084886798668178193 -0.035952945278881494 0.029851298667836475 0.058426089476626919 0.030518484656559194 -0.0049755510439130485 -0.088050783708147687 0.0036393697967298634 0.0031961345784154204
leaf_weight=6.2588775767944744 26.370766125619411 43.579827583860606 142.67479911353439 20.057866265531629 20.290135306771845 205.25353327067569 22.61002079769969 37.240090255625546 1.2758558325003821 9.6787699360866117 11.110253784339873 0.80171366175636904 18.014323648996651 13.643133225152267 3.8843764916528007 1.2712631844915443 1.9982973493169991 0.10174033232033153 4.1263496726751319 3.7604783852584642 7.9403728672768912 2.9272699635475865 5.8457600241526961 8.2970709702931345 1.2453637705184517 17.70280837174505 11.456321693025528 4.0376385357230911 96.625659965910017 265.78295964631252
leaf_count=227 3859 17790 19882 511 637 80663 228 4609 79 696 322 14 467 1812 73 251 116 2 42 69 215 14 55 401 52 781 171 67 3335 3685
internal_value=-0.000304232 -0.015024 0.0267047 -0.0386721 0.0141797 -0.0436035 0.0091385 0.0261385 -0.00151348 -0.0152469 0.00487629 0.00393979 0.0344969 0.00189149 0.0129886 -0.0457408 0.0238394 -0.0468268 -0.0466371 0.00449109 0.03962 -0.0234493 -0.00472771 0.00292461 -0.0466041 0.00904767 -0.00692868 -0.0266245 -0.00138636 0.00369362
internal_weight=1015.86 657.519 358.345 239.068 215.67 219.01 189.299 72.3836 418.451 118.933 75.353 299.518 18.816 280.702 64.2427 212.751 3.26956 209.482 209.38 35.1435 17.6191 12.5335 9.60624 46.6236 5.12974 41.4938 23.791 15.494 116.916 267.059
internal_count=141125 108437 32688 81812 12806 81301 8947 4975 26625 20568 2778 6057 481 5576 2456 81074 367 80707 80705 366 911 138 124 1545 125 1420 639 238 3972 3764
is_linear=0
shrinkage=0.05


Tree=98
num_leaves=31
num_cat=0
split_feature=23 4 4 29 29 26 19 38 7 28 26 13 26 22 22 26 32 19 19 12 12 23 38 6 21 3 19 22 26 32
split_gain=152.314 74.3398 29.5723 29.0011 15.6354 13.957 34.4301 11.5635 10.6647 10.1279 7.44582 8.37663 6.77932 8.0876 6.66485 6.56148 6.20471 6.66801 7.70298 6.04741 8.11156 5.89134 5.20776 4.98928 4.82103 4.80461 4.62854 5.01185 4.44685 4.3306
threshold=1.0000000180025095e-35 0.31666667759418493 0.080128207802772536 0.23606811463832858 0.55409699678421032 0.55230990052223217 0.13188406080007556 1.0000000180025095e-35 0.14017543941736224 0.62750142812728893 0.6006993055343629 1.5000000000000002 1.0000000180025095e-35 0.48733974993228918 0.28140169382095342 0.77038103342056286 0.53069072961807262 0.40370370447635656 0.37797619402408605 0.56562754511833202 0.60660174489021312 2.5000000000000004 1.0000000180025095e-35 4.5000000000000009 4.5000000000000009 1.0000000180025095e-35 0.20344828069210055 0.5432584583759309 0.22099143266677859 0.29167555272579199
decision_type=2 2 2 2 2 2 2 2 2 2 2 2 2 2 2 2 2 2 2 2 2 2 2 2 2 2 2 2 2 2
left_child=1 2 8 7 5 6 -3 -2 16 10 11 21 -8 14 -14 -10 -1 18 -18 -13 -21 -9 -7 24 -24 -4 27 -15 -19 -16
right_child=3 4 25 -5 -6 22 12 9 15 -11 -12 19 13 26 29 -17 17 28 -20 20 -22 -23 23 -25 -26 -27 -28 -29 -30 -31
leaf_value=-0.025764449477840446 0.050455566031439247 -0.049019999997674223 -0.046577277405628732 0.045449764284326649 0.050502895051120891 0.051482674097519887 -0.032670481462562226 -0.019996772224988663 0.046566605031356158 0.042784441227235924 0.038574024405819196 0.029165945390181636 0.017023683774847805 0.02003634110832607 -0.045217014852812071 0.28812209280569262 0.073619114301241129 -0.0073465122164681016 0.41055479497031133 -0.097670411059466167 0.0057816352831702826 0.0864322840210347 0.00029934717952040407 0.044440667611036697 0.078334042797108802 0.065768375882399463 0.014256764600886955 0.1749161734303388 0.099851950291062364 -0.0081938376967233585
leaf_weight=19.849507852923129 18.26153654884547 52.104560826905072 174.92549573560245 152.25168825406581 13.715423859655855 5.3582614059559992 14.121174891944973 48.214721215190366 7.4719342107418916 17.379059821832925 11.807494480628518 23.894910820992664 14.629226550925521 1.1606534868478768 13.538203064119442 0.29212156077846874 0.78069656365550866 6.2878637844696641 0.21671996405348182 2.3452170561067751 9.8661295219790173 1.33630862366408 299.52791615249589 6.6994316764175883 1.9924330520443607 0.95687322341836889 53.977856910089031 0.94975805934518565 1.143326519988477 18.960047299042344
leaf_count=2957 2734 21851 73417 22710 1872 302 363 1763 525 1433 412 623 508 46 625 23 83 263 17 36 159 17 5325 106 38 25 2354 18 20 500
internal_value=-0.000297864 -0.0127178 -0.037511 0.0305459 -0.00214009 -0.00363489 -0.0151973 0.0134981 0.00374885 0.00762147 0.00135152 -0.00377944 -0.000177966 0.00426741 -0.0110014 0.0556551 -0.0105026 0.0254395 0.146829 0.0145377 -0.0140866 -0.0171266 0.00261282 0.00176324 0.000814997 -0.0459661 0.0170969 0.0897376 0.00914652 -0.023617
internal_weight=994.017 708.659 211.925 285.357 496.735 483.02 169.441 133.105 36.0422 114.844 97.4648 85.6573 117.337 103.216 47.1275 7.76406 28.2781 8.42861 0.997417 36.1063 12.2113 49.551 313.578 308.22 301.52 175.882 56.0883 2.11041 7.43119 32.4983
internal_count=141125 111238 77330 29887 33908 32036 26265 7177 3888 4443 3010 2598 4414 4051 1633 548 3340 383 100 818 195 1780 5771 5469 5363 73442 2418 64 283 1125
is_linear=0
shrinkage=0.05


Tree=99
num_leaves=31
num_cat=0
split_feature=23 9 9 20 20 10 30 20 35 5 9 10 29 35 10 13 32 7 7 11 35 28 13 10 12 21 9 10 20 32
split_gain=141.504 75.5027 32.5234 21.8109 15.9079 9.39202 8.62907 22.68 7.2783 6.66031 17.4914 14.5484 16.0163 6.40054 6.08375 6.06438 5.99646 5.6956 9.5982 5.43272 6.78201 5.29698 12.4872 5.27429 9.34212 5.15063 5.1141 8.72579 6.33241 5.35475
threshold=1.0000000180025095e-35 0.76799523830413829 0.88929614424705516 0.32291667163372045 0.87867647409439098 0.89022758603096019 1.0000000180025095e-35 0.28174604475498205 1.0000000180025095e-35 0.84523808956146251 0.9506518840789796 0.82807883620262157 0.1679487228393555 1.0000000180025095e-35 0.84660634398460399 3.5000000000000004 0.48843066394329077 0.57294833660125744 0.64365079998970043 0.035098522901535041 1.0000000180025095e-35 0.82640874385833751 1.0000000180025095e-35 0.81754159927368175 0.41240409016609197 5.5000000000000009 0.88696789741516124 0.72176682949066173 0.69615384936332714 0.40551222860813146
decision_type=2 2 2 2 2 2 2 2 2 2 2 2 2 2 2 2 2 2 2 2 2 2 2 2 2 2 2 2 2 2
left_child=1 3 14 23 5 6 -3 -8 -9 10 25 -12 -13 -7 15 19 -5 -11 -19 21 -21 -2 -23 -1 -25 -10 28 -28 29 -22
right_child=2 4 -4 16 -6 13 7 8 9 17 11 12 -14 -15 -16 -17 -18 18 -20 20 26 22 -24 24 -26 -27 27 -29 -30 -31
leaf_value=-0.048401988930680886 -0.0027435753627713297 -0.00093353422268794997 0.045806252449217578 -0.020307040570546681 0.047469335888300851 -0.013717243868315529 -0.049067858630827743 0.029111932636290885 -0.0042667973857240917 0.062135745321304829 0.0013891501151293646 -0.056223689723891447 -0.28473793529842034 0.012248026549636623 0.04511537525262771 0.039015734538659787 0.017265272573778755 -0.060438348433327606 0.01861384678211862 0.045308970098803733 -0.037486210418965077 -0.33817082121641762 0.050478432840112664 -0.013820469796803753 0.26369828598205014 -0.046404882694323524 -0.022236445659944423 -0.3825521294673761 0.037640266769941297 0.08881338030036981
leaf_weight=150.8628385985503 68.277085182256997 184.30910045956261 149.20189182227477 40.35310354095418 16.003730785101652 29.56660254439339 40.239813672378659 13.836132549680768 44.759240156272426 4.5034005008637932 1.8447583350352932 1.460263339802623 1.6146469255909321 120.31238213530742 12.121364885941146 13.771839396795256 14.41206746723037 4.9960383502766517 16.590471595525742 14.921830026665701 7.7969380042050087 0.38537595281377335 0.44570887601003051 2.3022575764916833 0.34925323643255968 8.6540005903225374 0.61752268415875633 0.23083723755553365 8.0183530081994814 0.94044305477291334
leaf_count=73940 2713 3266 22134 5367 2092 1551 16392 566 1378 75 46 20 39 4846 1289 1065 709 55 429 1439 325 27 56 318 19 130 41 23 756 19
internal_value=-0.000290744 -0.0123013 0.029959 -0.0375092 -0.00155766 -0.00321757 -0.00802 -0.0174504 -0.00450216 -0.0100112 -0.0194034 -0.109619 -0.176217 0.00712586 0.0114183 0.00787901 -0.0104195 0.0109882 0.0003178 0.00365985 0.0205102 -0.00427081 -0.129739 -0.0471733 0.0227339 -0.011094 -0.000510084 -0.120278 0.00555387 -0.023892
internal_weight=973.699 696.97 276.729 208.28 488.691 472.687 322.808 138.499 98.259 84.4228 58.3329 4.91967 3.07491 149.879 127.527 115.406 54.7652 26.0899 21.5865 101.634 32.5259 69.1082 0.831085 153.514 2.65151 53.4132 17.6041 0.84836 16.7557 8.73738
internal_count=141125 111238 29887 80353 30885 28793 22396 19130 2738 2172 1613 105 59 6397 7753 6464 6076 559 484 5399 2603 2796 83 74277 337 1508 1164 64 1100 344
is_linear=0
shrinkage=0.05


Tree=100
num_leaves=31
num_cat=0
split_feature=23 9 9 20 20 38 36 15 38 38 4 6 20 10 32 4 6 3 10 11 7 4 4 10 35 6 20 21 7 7
split_gain=131.129 71.6094 31.8554 21.7777 15.0136 11.4662 11.919 19.1347 11.2544 9.33122 7.91522 8.9605 6.46919 6.39211 6.03696 5.85841 7.87726 5.59982 5.08342 6.53709 5.71958 8.4452 15.2568 5.0817 4.7772 4.53953 4.37205 4.08002 11.0194 8.35434
threshold=1.0000000180025095e-35 0.76799523830413829 0.88929614424705516 0.32291667163372045 0.87867647409439098 1.0000000180025095e-35 1.0000000180025095e-35 1.0000000180025095e-35 1.0000000180025095e-35 1.0000000180025095e-35 0.81666666269302379 2.5000000000000004 0.32291667163372045 0.85028737783432018 0.48843066394329077 0.41428571939468389 2.5000000000000004 1.0000000180025095e-35 0.84273937344551098 0.44590643048286444 0.22886905074119571 0.34848485887050634 0.31666667759418493 0.81754159927368175 1.0000000180025095e-35 4.5000000000000009 0.38675214350223547 5.5000000000000009 0.6792857050895692 0.5617378056049348
decision_type=2 2 2 2 2 2 2 2 2 2 2 2 2 2 2 2 2 2 2 2 2 2 2 2 2 2 2 2 2 2
left_child=1 3 8 23 5 -3 7 25 -2 -5 17 12 -12 26 15 -11 -17 27 19 20 -9 22 -22 -1 -13 -7 -10 -8 29 -29
right_child=2 4 -4 9 -6 6 10 18 13 14 11 24 -14 -15 -16 16 -18 -19 -20 -21 21 -23 -24 -25 -26 -27 -28 28 -30 -31
leaf_value=-0.048271577086854797 0.050403399612106173 0.051433544045686341 0.045461963118297026 0.052122837925472953 0.047295018738002993 -0.046485262205649067 -0.0038367534039999555 -0.055219842670165747 -0.043378937500354153 -0.039789396929572701 -0.037075368648364124 -0.0061512724685393629 0.034411303241285329 0.044823917571686377 0.012391430344965359 0.097219730266690563 -0.016313960341116346 0.043933409860363176 0.038927615640054924 -0.041169196839863594 -0.050182505051676374 0.019438296513440798 0.34100009650163676 0.021348260399104937 0.032242334589650729 0.16292547779952804 0.0040711213306809423 -0.031095706047881436 0.036625594202473882 -0.13091893821807685
leaf_weight=143.88325708464254 15.841045570559798 9.4559026886709017 142.97329327603802 5.4460469530895343 15.277930500451474 39.88539481756743 309.67224484076723 1.3763285153545455 5.113541812170296 26.145856340532191 11.821789701702075 10.067434578202663 4.3216917202807954 9.3772197933867556 12.962880893144755 1.8895678585395197 7.9798406297340989 5.9357859541196367 10.07727465033531 6.8980176863260567 0.41388953733257972 2.911551323486492 0.62662228313274682 2.6697322565596542 41.502230094047263 0.26048330427147348 95.858182984404266 7.8534415848553163 4.3501993129029861 2.859028116799891
leaf_count=73940 2596 735 22134 417 2092 15169 9341 116 1399 4876 370 271 268 971 527 41 215 108 74 112 124 39 13 337 1618 18 2787 140 238 39
internal_value=-0.000276852 -0.0118734 0.0293021 -0.0369733 -0.00148453 -0.0030692 -0.00418754 -0.0244972 0.0109929 -0.0099646 -0.00100385 0.0145706 -0.017938 0.00533538 -0.0168683 -0.0273997 0.00542287 -0.00419311 0.0126348 -0.00903639 0.032562 0.0631326 0.185397 -0.0470033 0.0247471 -0.0451265 0.00166809 -0.0050728 -0.0304847 -0.0577373
internal_weight=955.708 686.544 269.163 200.977 485.567 470.289 460.833 62.4496 126.19 54.4242 398.384 67.7131 16.1435 110.349 48.9781 36.0153 9.86941 330.671 22.3037 12.2264 5.32839 3.95206 1.04051 146.553 51.5697 40.1459 100.972 324.735 15.0627 10.7125
internal_count=141125 111238 29887 80353 30885 28793 28058 15665 7753 6076 12393 2527 638 5157 5659 5132 256 9866 478 404 292 176 137 74277 1889 15187 4186 9758 417 179
is_linear=0
shrinkage=0.05


Tree=101
num_leaves=31
num_cat=0
split_feature=29 26 19 23 38 20 29 4 4 29 26 21 22 28 12 19 26 32 30 23 8 29 13 27 22 30 12 29 32 12
split_gain=122.411 40.7093 83.0629 20.9635 20.3679 9.57616 9.2496 9.18858 11.5178 8.45998 9.46318 8.11246 8.78988 9.34781 7.15437 7.13812 5.77557 6.30919 5.64496 5.43751 5.31547 5.6343 5.31289 5.1225 5.08084 13.6817 6.85175 6.34159 7.81222 6.13025
threshold=0.18414442986249926 0.53416875004768383 0.15075758099555972 1.0000000180025095e-35 1.0000000180025095e-35 0.78759399056434642 0.039886362850666053 0.31666667759418493 0.080128207802772536 0.55409699678421032 0.052911534905433662 4.5000000000000009 0.70396453142166149 0.78581902384758007 0.063508063554763808 0.41885964572429663 0.24683341383934024 0.40911209583282476 0.13795641809701922 1.5000000000000002 0.26365442574024206 0.076556779444217696 2.5000000000000004 0.080013226717710509 0.96110200881958019 0.95465916395187389 0.32392686605453497 0.46225070953369146 0.053174419328570373 0.14434523880481723
decision_type=2 2 2 2 2 2 2 2 2 2 2 2 2 2 2 2 2 2 2 2 2 2 2 2 2 2 2 2 2 2
left_child=1 2 -1 9 -4 11 7 8 -3 10 24 12 13 14 16 -14 17 -6 -9 22 21 -7 -13 -8 25 27 -26 -2 -29 -30
right_child=3 6 4 -5 5 20 23 18 -10 -11 -12 19 15 -15 -16 -17 -18 -19 -20 -21 -22 -23 -24 -25 26 -27 -28 28 29 -31
leaf_value=-0.048956352155934198 -0.012137782334969425 0.029225337949510072 0.050817923177192359 0.042929012983770456 0.036636375328041974 0.0048763577104653337 0.091411017141664039 0.0027730947617014426 -0.039785877114921361 0.050468123987583484 0.018701079651515448 -0.055195866443612067 0.095934322210617651 -0.21981321404538701 -0.021722781376935705 0.0031618550794969913 0.047539777986551679 -0.050444158422283815 -0.035433498314377969 0.039690977936813386 0.032329337093088113 -0.06730989139094716 0.018810981432596425 0.020198483242325975 0.052194397054751686 -0.25785999720030089 -0.055114581686508728 -0.37147675779474454 0.050492056813736856 -0.12265242325532998
leaf_weight=162.17312931653578 16.241626677569013 7.6643967053387305 17.974984939210117 144.61321775661781 3.7304256462957728 46.306024494580925 2.7492464887909582 281.68623547418974 28.63381948613096 12.21538038458675 48.527334692887962 20.562772639910698 3.4782383968122286 0.54304377175867458 45.108381446218118 5.1335960105061531 7.9207838173024347 4.7015887668821961 10.011328590218907 1.9873313156422217 18.139783505816013 2.8707370487973085 2.7493306392570949 30.998116889270023 4.7234891625121227 0.64564222935587068 2.1713558072224259 0.23425862705334966 0.741338923107833 1.6468338035047052
leaf_count=83922 470 637 2690 23592 335 394 73 4101 10376 1872 2193 1164 52 11 4556 161 247 141 1438 46 1056 20 158 904 292 37 57 9 87 34
internal_value=-0.00026921 -0.0106307 -0.0229617 0.0312554 0.000302479 -0.00526024 0.00107426 -0.00149033 -0.0252141 0.0118841 0.00559414 -0.0154059 -0.00670215 -0.0132764 -0.0114515 0.0406318 0.0168811 -0.0119187 0.00146181 -0.0396998 0.0091957 0.000662421 -0.0464678 0.0259998 -0.0184943 -0.0315331 0.0184002 -0.0237868 -0.0959331 -0.0689047
internal_weight=936.884 705.123 343.38 231.76 181.207 163.232 361.743 327.996 36.2982 87.1473 74.9319 95.9155 70.6161 62.0042 61.4612 8.61183 16.3528 8.43201 291.698 25.2994 67.3165 49.1768 23.3121 33.7474 26.4045 19.5097 6.89484 18.8641 2.62243 2.38817
internal_count=141125 112482 94953 28643 11031 8341 17529 16552 11013 5051 3179 6871 5503 5290 5279 213 723 476 5539 1368 1470 414 1322 977 986 637 349 600 130 121
is_linear=0
shrinkage=0.05


Tree=102
num_leaves=31
num_cat=0
split_feature=23 11 10 7 38 11 22 38 36 26 35 38 11 21 5 38 28 10 10 32 6 11 12 26 8 10 12 8 5 10
split_gain=113.702 64.2852 27.434 22.4089 14.5968 10.9758 10.9044 9.99384 14.729 19.9298 7.97621 9.55752 7.92015 8.69556 7.8835 7.73665 7.43035 7.60244 6.3112 7.71181 7.46154 6.41248 9.57743 6.14662 5.9421 7.22802 5.88351 5.54047 5.15829 5.0552
threshold=1.0000000180025095e-35 0.067816093564033522 0.84660634398460399 0.72850123047828685 1.0000000180025095e-35 0.035098522901535041 0.58374586701393139 1.0000000180025095e-35 1.0000000180025095e-35 0.77038103342056286 1.0000000180025095e-35 2.5000000000000004 0.75931033492088329 3.5000000000000004 0.77500000596046459 1.0000000180025095e-35 0.15557313710451129 0.84273937344551098 0.93788579106330883 0.49651564657688146 2.5000000000000004 0.2524509876966477 0.084219858050346388 0.22099143266677859 0.70900535583496105 0.67962265014648449 0.65261757373809826 0.56594201922416698 0.35416667163372045 0.25677657127380377
decision_type=2 2 2 2 2 2 2 2 2 2 2 2 2 2 2 2 2 2 2 2 2 2 2 2 2 2 2 2 2 2
left_child=1 3 5 4 -1 15 14 -3 9 -9 -7 12 28 -14 -6 -2 26 -18 21 -20 -21 22 27 24 25 29 -11 -10 -12 -8
right_child=2 7 -4 -5 6 10 23 8 18 16 11 -13 13 -15 -16 -17 17 -19 19 20 -22 -23 -24 -25 -26 -27 -28 -29 -30 -31
leaf_value=0.032914682659373092 0.050363098381916008 0.047029905911411915 0.047648088716755931 0.023844894863805949 -0.046564349989634962 0.049530612151201525 0.014121449157284791 -0.047813633158183939 0.17253856107760995 0.39272836130435007 -0.055798403676346912 0.047098308966605711 -0.25842979150765494 0.050413666993617656 0.019274243653830788 -0.0031186854032656634 -0.019373885907956193 0.037945843919461937 0.045651698156753157 -0.022093426548592362 0.017006519176252833 -0.0027640374576150839 0.0025691432292927023 0.05676338747748292 -0.16718734659965395 0.055942502415501895 0.041446609406274634 0.053111784271961282 0.010993336628909632 -0.050752976639274985
leaf_weight=6.9789789062924674 7.4515916793607166 10.851919130422173 105.67586504342034 15.739804072072728 167.70579656725749 28.076651021372527 4.5833381327102058 36.344648498110473 1.4800246454542492 0.22433292365167545 3.3484478757018286 14.54772508330643 0.61211134307086368 0.36310345446690917 4.6734204587992272 73.079974651569501 12.540198844973931 10.738297719508408 16.010819011135027 16.5068086105166 46.782534532016143 285.998641984188 8.4633259651018289 3.2668660995550445 0.64311920944601197 3.1420350198168299 0.25433520041406155 2.8244658686453477 21.144512210390531 8.7079878691583854
leaf_count=459 1301 1003 18120 414 78446 3613 183 16454 37 30 147 2353 32 52 408 2560 538 79 1813 492 1269 8318 511 92 13 71 14 75 1709 519
internal_value=-0.000260317 -0.0111419 0.0281722 -0.0335941 -0.0381212 0.0143242 -0.0406936 -0.000369241 -0.00154315 -0.0245351 0.0291009 0.0147667 -0.00370155 -0.143438 -0.0447794 0.00182999 0.0110773 0.00706753 0.00211191 0.0146511 0.00680867 -0.00121631 0.0334526 -0.00607288 -0.018094 -0.0122592 0.206079 0.0941746 0.0018622 -0.0283819
internal_weight=918.762 664.462 254.3 215.441 199.702 148.624 192.723 449.02 438.168 60.1018 68.0926 40.0159 25.4682 0.975215 172.379 80.5316 23.7572 23.2785 378.067 79.3002 63.2893 298.766 12.7678 20.3433 17.0765 16.4334 0.478668 4.30449 24.493 13.2913
internal_count=141125 111238 29887 80605 80191 11767 79732 30633 29630 17115 7906 4293 1940 84 78854 3861 661 617 12515 3574 1761 8941 623 878 786 773 44 112 1856 702
is_linear=0
shrinkage=0.05


Tree=103
num_leaves=31
num_cat=0
split_feature=20 4 35 10 11 7 9 10 38 11 10 20 7 4 7 25 7 20 15 12 25 21 4 10 12 19 21 32 10 20
split_gain=106.726 65.2656 25.971 19.9312 12.563 16.0992 12.1366 9.65747 9.30306 8.65421 7.79642 7.09503 11.3075 7.02049 10.2737 6.40747 6.25003 5.7992 13.7309 8.74043 8.46988 8.01074 6.98742 5.72167 5.4848 9.44804 10.1383 5.39294 5.34442 5.11382
threshold=0.78759399056434642 0.31666667759418493 1.0000000180025095e-35 0.85880398750305187 0.091966174542903914 0.65261757373809826 0.66552376747131359 0.77459675073623668 1.0000000180025095e-35 0.2524509876966477 0.2362911254167557 0.91987180709838878 0.15047170221805575 0.080128207802772536 0.16345082968473437 0.75000000000000011 1.0000000180025095e-35 0.38675214350223547 1.0000000180025095e-35 0.11834733933210374 1.0000000180025095e-35 4.5000000000000009 0.61250001192092907 0.30068494379520422 0.2674796879291535 0.72474747896194469 10.500000000000002 0.51726728677749645 0.5388936996459962 0.15587044507265094
decision_type=2 2 2 2 2 2 2 2 2 2 2 2 2 2 2 2 2 2 2 2 2 2 2 2 2 2 2 2 2 2
left_child=1 2 6 8 5 15 10 13 -2 -6 27 24 23 14 -4 -3 -8 18 29 20 -19 -21 -23 -13 -10 -26 -27 -1 -22 -11
right_child=3 4 7 -5 9 -7 16 -9 11 17 -12 12 -14 -15 -16 -17 -18 19 -20 21 28 22 -24 -25 25 26 -28 -29 -30 -31
leaf_value=-0.015165664825274733 0.050284448661309128 -0.035368027654089342 -0.050095970392100612 0.045403174797476936 0.047470120454121377 0.018058555056407067 0.25346752469505412 0.032729276293918773 0.013530342615750436 -0.046086956582484628 -0.039845311543069445 0.01870469923054403 0.04555776001110088 -0.04880209141957486 0.81866203211933675 0.062929163233437321 0.036102646437070111 -0.0092601964694643928 0.0024263078600262836 0.0086145080490555893 0.11642365103631079 -0.021742716715026596 -0.12092965853049481 -0.02407946699728894 -0.0046779575167050962 -0.053406934329165871 -0.27359158906027997 0.0546203802537851 0.032657602677862184 -0.011261611245136702
leaf_weight=6.7047124772798288 17.64056111453101 57.235232690582052 0.083416689885779216 98.32756563462317 10.488677055807782 21.460603319224901 0.34072461479809035 3.7645581756951279 33.521289822179824 20.775917456601746 16.876292587956414 22.051135332323611 30.150615934282541 137.66194848634768 0.057479820563457906 1.7073004851117719 11.248239787993951 13.245965423993765 249.84949936019257 28.375865292968228 2.0034512579441062 9.0092672300524992 2.2114601046778253 12.10368940187618 25.648723809048537 3.5001047770492724 0.61459381598979224 4.7154080522013828 38.42370207188651 21.398539253394119
leaf_count=974 3373 15657 44 17989 665 616 35 207 1839 8116 2795 228 4609 73357 4 33 815 554 2339 604 22 208 61 138 688 126 38 182 2695 2114
internal_value=-0.000253913 -0.0107253 -0.036242 0.0280201 -0.001002 -0.0190205 -0.000604515 -0.0462826 0.016251 0.00265846 -0.0182555 0.0115455 0.0232423 -0.048441 0.304321 -0.0325208 0.0424933 0.00143857 -0.00202815 0.0122928 0.0254395 -0.00552757 -0.0412912 0.00354297 -0.00033984 -0.0159612 -0.0862949 0.0136492 0.0368088 -0.0284172
internal_weight=901.197 657.638 181.453 243.558 476.185 80.4031 39.8854 141.567 145.231 395.782 28.2964 127.59 64.3054 137.803 0.140897 58.9425 11.589 385.294 292.024 93.2697 53.6731 39.5966 11.2207 34.1548 63.2847 29.7634 4.1147 11.4201 40.4272 42.1745
internal_count=141125 112097 78413 29028 33684 16306 4801 73612 11039 17378 3951 7666 4975 73405 48 15690 850 16713 12569 4144 3271 873 269 366 2691 852 164 1156 2717 10230
is_linear=0
shrinkage=0.05


Tree=104
num_leaves=31
num_cat=0
split_feature=29 9 20 4 38 4 38 12 20 26 19 20 26 26 19 13 27 4 29 8 29 9 26 32 4 25 4 22 26 13
split_gain=99.6403 36.5672 54.3708 16.5919 14.2066 12.718 10.8652 10.1026 13.3075 8.36158 12.3817 7.47218 7.87627 5.91857 18.006 5.32982 5.29017 4.99269 6.55616 5.31018 4.96846 5.37902 4.74117 11.0052 4.66506 4.54602 5.63488 6.15139 8.96267 9.75905
threshold=0.30079366266727453 0.78203994035720836 0.3717105239629746 0.074175827205181136 1.0000000180025095e-35 0.19090909510850909 1.0000000180025095e-35 0.050641026347875602 0.91106721758842479 0.24152298271656039 0.19139194488525393 0.38675214350223547 0.53957813978195202 0.6006993055343629 0.13188406080007556 2.5000000000000004 0.42805741727352148 0.41428571939468389 0.27801932394504553 0.55684757232666027 0.053667435422539718 0.64971509575843822 1.0000000180025095e-35 0.027881701476871971 0.240384615957737 1.0000000180025095e-35 0.84523808956146251 0.96110200881958019 0.02870879136025906 1.0000000180025095e-35
decision_type=2 2 2 2 2 2 2 2 2 2 2 2 2 2 2 2 2 2 2 2 2 2 2 2 2 2 2 2 2 2
left_child=1 2 13 -3 -4 -5 -7 25 22 10 -8 12 16 -1 -15 17 -11 18 20 -19 21 -6 23 -9 -23 26 27 28 29 -2
right_child=7 3 4 5 15 6 9 8 -10 11 -12 -13 -14 14 -16 -17 -18 19 -20 -21 -22 24 -24 -25 -26 -27 -28 -29 -30 -31
leaf_value=-0.050064886512284572 -0.34739313436898089 0.049548556128197106 0.050868572366135623 -0.049286831431874512 -0.012345427796131368 0.051015769322156568 -0.048548361489356796 -0.37751708050045463 0.046212143467271316 -0.037554915544211483 -0.0039563141757135165 0.01899739245366364 0.00099214428090443397 -0.02381083838493039 0.90501419758207347 0.015602406208952608 0.18342202621857845 0.040699560873599994 -0.2305827126713795 -0.022518665388678624 -0.038493712276930214 0.029406694937114848 0.0077608703440998879 -0.028214204483698664 0.214568826503581 0.050275684850180496 0.050354439289774761 0.050885935441993484 -0.0040731187591580703 -0.041174399633942253
leaf_weight=110.26903493516147 0.49909019749611461 16.556297053582966 12.679179861675946 13.457816673326304 51.002487586345524 10.216246194206176 21.178391558001749 0.23310299217701214 24.352047758176923 16.773318076040599 58.753791663330048 55.396732209133916 287.2387654625345 21.813698126934472 0.052303324453531697 24.534280107123777 0.27528691897168656 8.6787367600481939 0.35434254538267751 5.3814551630057386 17.1695861145854 4.1392763241892672 20.272591756656766 6.9067643997259438 0.37062609242275346 87.06575327180326 5.0076786247082055 1.628666352946311 1.8293150640092788 0.54355023009702563
leaf_count=68804 20 2053 1967 4195 2970 1254 9598 20 4428 5431 1968 1879 4417 8806 9 878 4 136 21 118 942 436 1966 252 43 17201 832 188 244 45
internal_value=-0.000248011 -0.00777998 -0.0230221 0.00036587 0.000714154 -0.00139174 4.11573e-05 0.0371376 0.0193149 -0.00114344 -0.0157712 0.00210726 -0.000967653 -0.0453526 -0.0215891 -0.00498245 -0.0339868 -0.010781 -0.0160335 0.0165032 -0.0149875 -0.0077172 -0.00457953 -0.0396183 0.0446234 0.0466907 0.013864 -0.0267376 -0.0707573 -0.187755
internal_weight=884.63 736.292 256.445 479.847 124.31 463.29 449.833 148.339 51.7645 439.616 79.9322 359.684 304.287 132.135 21.866 111.631 17.0486 87.0965 73.0363 14.0602 72.682 55.5124 27.4125 7.13987 4.5099 96.5741 9.5083 4.50062 2.87196 1.04264
internal_count=141125 115929 85130 30799 7511 28746 24551 25196 6666 23297 11566 11731 9852 77619 8815 5544 5435 4666 4412 254 4391 3449 2238 272 479 18530 1329 497 309 65
is_linear=0
shrinkage=0.05


Tree=105
num_leaves=31
num_cat=0
split_feature=23 9 9 19 20 38 26 19 38 4 4 26 10 12 10 26 22 22 32 9 32 7 6 4 9 12 32 22 25 11
split_gain=94.274 55.6326 28.8591 19.1803 12.5274 9.93833 10.4306 22.2902 9.53372 6.51246 5.39573 5.49654 5.26389 5.03161 5.97653 4.52 4.61161 7.8097 4.50382 12.7759 7.27742 5.45774 4.38506 4.37743 9.61909 4.28531 4.19122 4.09381 7.94161 4.07886
threshold=1.0000000180025095e-35 0.74785688519477855 0.88929614424705516 0.2788888961076737 0.87867647409439098 1.0000000180025095e-35 0.55230990052223217 0.13188406080007556 1.0000000180025095e-35 0.84523808956146251 0.44949495792388922 0.6006993055343629 0.85028737783432018 0.10435571894049646 0.25677657127380377 0.02334665693342686 0.9260777235031129 0.91080269217491161 0.33805450797080999 0.69207900762557995 0.06362339481711389 0.55086207389831554 4.5000000000000009 0.73214286565780651 0.88144743442535411 0.71010184288024913 0.44448028504848486 0.48733974993228918 1.0000000180025095e-35 0.57793521881103527
decision_type=2 2 2 2 2 2 2 2 2 2 2 2 2 2 2 2 2 2 2 2 2 2 2 2 2 2 2 2 2 2
left_child=1 3 8 10 5 -3 7 -7 -2 15 -1 -12 23 -5 25 -9 17 -17 19 20 -13 -20 -8 29 -25 26 -15 28 -11 -10
right_child=2 4 -4 13 -6 6 22 9 12 27 11 18 -14 14 -16 16 -18 -19 21 -21 -22 -23 -24 24 -26 -27 -28 -29 -30 -31
leaf_value=-0.047645645550615845 0.050332363342013089 0.051254822015678651 0.044355017976641924 0.034954770331616994 0.046707128194055293 -0.04876226614372213 0.00037102675332964714 -0.032735560772811922 0.0032529444679579079 -0.074852960424935069 -0.04164909266974675 0.38079220960798021 0.043294085107018924 -0.023488334743872977 -0.028781728131059975 -0.0046103616920290594 0.052081463041801883 -0.15646523627660525 -0.036412112672825646 0.36781564355809421 -0.045764501125917512 0.12457361052523248 0.043002805925296213 0.050917399187163759 -0.38542665710820623 -0.040983602113958462 0.062849986914235517 0.051920016871971592 0.031173810292254963 -0.078291860925814208
leaf_weight=116.76475628453773 12.64694358082488 8.2918910537846369 117.35420344374143 7.0544347900431594 13.040165781974791 36.630525849061087 301.28528498741798 16.280811413773336 94.993735028780065 2.4341619489714521 5.4672698889626172 0.11548220482654847 8.027484664693473 1.933226937311703 18.461548113147728 70.739084843313321 3.533997722901403 0.85693219304084678 2.2552235990297054 0.35530081461183727 0.74543758132494986 0.68680963572114695 6.1550452490337184 0.28151785163208742 0.22908188542351127 2.1725823697634041 5.1506077649537474 7.6916179787367573 6.4351219846867025 1.5586704253219057
leaf_count=73825 2596 750 22134 348 2117 20074 5754 337 4067 19 1997 16 971 190 1190 2305 216 10 221 23 103 26 104 25 19 133 240 947 293 75
internal_value=-0.000238277 -0.0102588 0.0268081 -0.035632 -0.00162032 -0.00298932 -0.00398433 -0.0150589 0.00931829 -0.00362471 -0.0446795 -0.00869777 0.00438251 -0.00274649 -0.0123417 -0.00885145 -0.00367572 -0.00642791 0.0346266 0.115559 0.011453 0.00116957 0.00122453 0.00116438 -0.144849 0.0204471 0.0392877 0.0252252 0.00207492 0.00193655
internal_weight=869.629 634.537 235.092 161.163 473.375 460.334 452.043 144.602 117.737 107.972 126.39 9.62552 105.09 34.7724 27.718 91.4108 75.13 71.596 4.15825 1.21622 0.86092 2.94203 307.44 97.063 0.5106 9.25642 7.08383 16.5609 8.86928 96.5524
internal_count=141125 111238 29887 78312 32926 30809 30059 24201 7753 4127 76211 2386 5157 2101 1753 2868 2531 2315 389 142 119 247 5858 4186 44 563 430 1259 312 4142
is_linear=0
shrinkage=0.05


Tree=106
num_leaves=31
num_cat=0
split_feature=23 9 9 22 38 38 5 1 38 38 4 26 21 12 10 10 21 8 10 28 8 12 32 10 7 26 21 27 26 9
split_gain=87.1071 52.6539 28.1271 17.3327 10.838 9.9762 9.20937 9.35564 9.18948 8.48201 7.42357 7.07067 15.8177 6.56793 6.41165 11.9465 6.4044 5.59887 5.58915 5.09229 8.91455 5.36002 14.243 4.94078 4.89713 4.33905 4.31591 5.98038 6.28428 6.59518
threshold=1.0000000180025095e-35 0.74785688519477855 0.88929614424705516 0.5432584583759309 1.0000000180025095e-35 2.5000000000000004 0.81666666269302379 1.0000000180025095e-35 1.0000000180025095e-35 1.0000000180025095e-35 0.44949495792388922 0.55230990052223217 1.5000000000000002 0.037749288603663451 0.82426470518112194 0.88805347681045543 2.5000000000000004 0.86754387617111217 0.74849396944046032 0.2933389693498612 0.55437353253364574 0.13921189308166507 0.27855850756168371 0.85028737783432018 0.92724865674972545 0.30034965276718145 13.500000000000002 0.74689334630966198 0.02334665693342686 0.9506518840789796
decision_type=2 2 2 2 2 2 2 2 2 2 2 2 2 2 2 2 2 2 2 2 2 2 2 2 2 2 2 2 2 2
left_child=1 3 8 9 -3 11 7 -7 -2 -1 -11 12 -6 -13 18 25 -8 24 -9 20 21 22 -12 -10 -15 -16 27 28 29 -14
right_child=2 4 -4 -5 5 6 16 14 23 10 19 13 26 17 15 -17 -18 -19 -20 -21 -22 -23 -24 -25 -26 -27 -28 -29 -30 -31
leaf_value=0.020322270889595304 0.050316326520626946 0.051031063179403292 0.043943172419866047 0.0042193563276327053 -0.048442771496176408 0.049174468812165639 0.010287696961988859 -0.045971936700042092 0.0011160158447129666 -0.048637067105977337 0.036000090758380884 -0.01529054769173107 -0.024283401098506553 0.0005530912662178683 -0.17626297927738566 -0.016439133029477061 0.043536191295289489 0.048742467425039453 0.061290410723417101 -0.031675729924312154 0.31213869026584939 -0.026950296666158315 0.51388593305447561 0.042569494593090042 0.066130428407235445 -0.078103094338318524 -0.15634317894819091 0.051395213794320285 -0.0027198837409197945 -0.11811587621137046
leaf_weight=5.2137487661093465 12.033882496645672 9.6002260413952154 112.65092222695239 23.752311107702553 29.8544419137761 4.3652461157180396 84.30346615286544 2.0346042716410038 97.108541299705394 114.85984273161739 1.3105782292550414 62.815661717671901 11.28167068317998 140.31451134942472 1.6106195984175453 10.909036374650894 17.488025893922895 6.6716123204678288 3.0129528044490144 7.5741799649549648 0.27467546984553326 2.5071251639164984 0.17697135475464154 7.762695482466369 2.9058738797903052 3.7401781152002513 0.47782869637012382 4.3675429052673271 72.109548607841134 2.2453797379275775
leaf_count=188 2596 1086 22134 1476 18003 84 1879 29 4186 74243 184 975 226 3849 73 253 2446 46 59 1578 19 607 17 971 13 34 35 433 3352 51
internal_value=-0.000231039 -0.00989518 0.0261137 -0.0350993 -0.00154919 -0.00264533 0.00925039 -0.0175112 0.00893314 -0.0421789 -0.0447507 -0.00719812 -0.0168841 -0.00171842 -0.0311731 -0.0464548 0.0159999 0.00396929 0.0180544 -0.00706078 0.0366082 0.0176626 0.0928534 0.00418445 0.00188362 -0.10765 -0.0064713 -0.00567564 -0.0085863 -0.0398588
internal_weight=855.334 625.778 229.556 155.669 470.108 460.508 127.464 25.6726 116.905 131.917 126.703 333.044 120.336 212.708 21.3074 16.2598 101.791 149.892 5.04756 11.8435 4.26935 3.99467 1.48755 104.871 143.22 5.3508 90.482 90.0041 85.6366 13.5271
internal_count=141125 111238 29887 78312 32926 31840 4857 532 7753 76836 76648 26983 22100 4883 448 360 4325 3908 88 2405 827 808 201 5157 3862 107 4097 4062 3629 277
is_linear=0
shrinkage=0.05


Tree=107
num_leaves=31
num_cat=0
split_feature=29 11 20 4 5 4 23 12 10 7 23 13 25 32 24 29 9 7 12 20 28 13 32 28 7 32 7 32 28 7
split_gain=83.1852 34.7944 38.9324 16.1454 14.3122 13.5458 10.5819 9.36575 8.89862 7.55942 7.2216 6.32573 6.32146 5.93972 5.27167 20.4464 5.25123 7.2884 5.14091 5.04305 4.97804 4.94887 4.80934 4.62172 4.90635 4.4505 10.2485 8.45214 4.35636 6.66494
threshold=0.30079366266727453 0.040833333507180221 0.32291667163372045 0.087121214717626586 0.77500000596046459 0.19090909510850909 1.0000000180025095e-35 0.050641026347875602 0.2362911254167557 0.78474903106689464 1.0000000180025095e-35 1.0000000180025095e-35 1.0000000180025095e-35 0.54630568623542797 1.0000000180025095e-35 0.039886362850666053 0.85273173451423656 0.43534001708030706 0.56711712479591381 0.83771929144859325 0.13997971266508105 3.5000000000000004 0.4550659060478211 0.40790306031703955 0.82683658599853527 0.030779528431594375 0.72318005561828624 0.01924573723226786 0.84215757250785839 0.68356868624687206
decision_type=2 2 2 2 2 2 2 2 2 2 2 2 2 2 2 2 2 2 2 2 2 2 2 2 2 2 2 2 2 2
left_child=1 2 4 20 9 19 7 -2 11 -1 14 -4 -10 -6 16 -16 17 -7 -13 -5 -3 -20 -18 -15 -25 26 27 -9 29 -14
right_child=6 3 8 5 13 10 -8 25 12 -11 -12 18 28 23 15 -17 22 -19 21 -21 -22 -23 -24 24 -26 -27 -28 -29 -30 -31
leaf_value=-0.048990874748149969 0.038201553020428242 0.35979906364166853 -0.068999175057825407 -0.053635726242553874 -0.059069379523678481 0.022633991295352242 0.044959820119120114 -0.044996862248549777 -0.043887555053308214 0.035137147117494986 0.022063963266490919 0.04085594688365466 -0.0082198168218636514 0.070355151079913136 -0.046700639589498938 0.0016705642193131497 0.03443804693365362 0.15611976067727501 -0.032823881549127035 0.052188184774744711 0.043277298549275506 0.049667397831049828 9.6863588985757638e-05 -0.093156725415828312 0.037642181138523884 -0.0028536475934874159 0.052038071123713649 -0.3334282776882066 -0.15478038835558927 0.046015296940790942
leaf_weight=111.2074096678989 20.064019611105323 0.1250089153181787 1.8245354688260729 15.015330408466982 2.0313178480137122 6.9193739652400819 94.543157618492842 0.5055808145552898 12.01857722783461 2.7359127504751077 36.615707990480587 19.886812579934489 77.484887939761393 4.3912901459261775 28.672738746623509 91.76436437969096 10.635875313309951 1.1999255830887703 5.5946371088502911 1.2170642891433079 19.678476362139918 2.6934807087527588 246.05528830806725 1.1176852176431569 1.9996550593059508 17.811220047529787 0.76905200863257039 0.51041367137804627 0.48344597197137673 6.1114663775078943
leaf_count=72913 3137 12 77 6612 386 593 21102 30 1757 40 3306 1234 4386 45 14727 3429 181 44 391 130 2397 220 2752 39 25 870 42 15 36 197
internal_value=-0.000224302 -0.0070704 -0.0220896 0.00111591 -0.0420454 -0.000880249 0.0358663 0.0141888 -0.00254755 -0.0469709 0.000844369 0.0212252 -0.00996879 0.0167834 -0.00117244 -0.00984528 0.00277201 0.0423614 0.0270679 -0.0457013 0.0452753 -0.00601578 0.00151977 0.0373039 -0.00925421 -0.010397 -0.0856649 -0.189899 -0.00512036 -0.00425486
internal_weight=841.684 707.48 249.581 457.899 123.483 438.096 134.203 39.6603 126.098 113.943 421.863 29.9995 96.0984 9.53995 385.248 120.437 264.81 8.1193 28.1749 16.2324 19.8035 8.28812 256.691 7.50863 3.11734 19.5963 1.78505 1.01599 84.0798 83.5964
internal_count=141125 115929 81746 34183 73448 31774 25196 4094 8298 72953 25032 1922 6376 495 21726 18156 3570 637 1845 6742 2409 611 2933 109 64 957 87 45 4619 4583
is_linear=0
shrinkage=0.05


Tree=108
num_leaves=31
num_cat=0
split_feature=29 11 20 4 5 4 23 12 13 23 26 22 29 21 20 29 28 10 10 32 26 23 32 29 25 20 22 26 27 29
split_gain=77.7234 32.4065 37.6724 14.8887 13.705 12.7799 10.4768 8.79723 8.32949 6.61178 7.50941 8.71048 7.91528 6.47248 12.4345 6.24875 8.88542 5.54258 7.66 5.50703 5.34273 5.90632 5.14791 5.04167 5.27078 4.75923 4.58168 8.87345 5.44592 4.5084
threshold=0.30079366266727453 0.040833333507180221 0.32291667163372045 0.087121214717626586 0.77500000596046459 0.19090909510850909 1.0000000180025095e-35 0.050641026347875602 1.5000000000000002 1.0000000180025095e-35 0.18776709586381915 0.5432584583759309 0.28496241569519049 14.500000000000002 0.96225070953369152 0.18414442986249926 0.78581902384758007 0.74849396944046032 0.25677657127380377 0.54630568623542797 0.55760720372200023 2.5000000000000004 0.80029985308647167 0.1679487228393555 1.0000000180025095e-35 0.83771929144859325 0.562859207391739 0.47952194511890417 0.35493414103984838 0.15063025802373889
decision_type=2 2 2 2 2 2 2 2 2 2 2 2 2 2 2 2 2 2 2 2 2 2 2 2 2 2 2 2 2 2
left_child=1 2 4 -3 -1 25 7 -2 20 10 11 12 23 -11 -15 16 26 18 -10 -6 21 22 29 -7 -25 -5 27 28 -12 -4
right_child=6 3 8 5 19 9 -8 -9 17 13 15 -13 -14 14 -16 -17 -18 -19 -20 -21 -22 -23 -24 24 -26 -27 -28 -29 -30 -31
leaf_value=-0.046786242578592374 0.037706109125232756 0.043925901112028265 -0.035794497857495645 -0.053194173582489956 -0.058897933962216133 -0.043841230275012424 0.044708151554383894 -0.0097417408900395096 0.027068486732426286 0.023671205961928361 -0.037917461543139644 0.0051923366325218228 -0.16869993404042335 0.050640778630239948 -0.47464822431564785 0.03663759883966549 -0.19235273365641431 0.076265605684116319 -0.011033547071320982 0.035726382877943268 0.019550567734942039 0.083305348475330346 0.023287639947036198 -0.075062262695944085 0.023848641663600151 0.052090366287765248 0.053969610300043241 0.0024931800130244645 0.027096134405962081 -0.0023413387885094644
leaf_weight=108.80915142269805 19.329975331202149 19.395178627572022 38.598686990793794 14.398645160137674 1.9377339044585804 21.329042688594207 90.425856984220445 19.750819232314825 26.460095989168622 35.6617918695556 21.71727014111821 22.116852217586711 1.0843948563560832 0.27594652492552896 0.19039071234874427 12.295867480337618 0.59729956276714702 3.1581684588454655 26.303719230578281 7.4468860272318125 10.12586241296958 1.3583779740147282 5.6223531146533778 1.7134845480322818 6.2950648339465261 1.1598266086075444 3.9823105819523326 289.25460853578988 3.7820386267267159 13.626985836075617
leaf_count=72953 3137 2409 3708 6612 386 8241 21102 957 1722 3231 7179 486 30 45 30 368 9 100 1827 109 490 48 51 9 91 130 48 5154 111 352
internal_value=-0.00021854 -0.00681299 -0.0215383 0.00106145 -0.041786 -0.000845978 0.035359 0.0137267 -0.00243183 0.000801302 -0.00112185 -0.0186848 -0.0360436 0.0212511 -0.163818 0.00166059 0.000313811 0.011925 0.00807393 0.0161884 -0.0140118 -0.0197518 -0.0221718 -0.0311403 0.00268597 -0.0453456 0.00067486 5.67682e-07 -0.0282747 -0.0270657
internal_weight=828.205 698.698 243.448 455.25 118.194 435.855 129.507 39.0808 125.254 420.296 384.168 52.5388 30.422 36.1281 0.466337 331.629 319.334 55.922 52.7638 9.38462 69.3323 59.2064 57.848 29.3376 8.00855 15.5585 318.736 314.754 25.4993 52.2257
internal_count=141125 115929 81746 34183 73448 31774 25196 4094 8298 25032 21726 8857 8371 3306 75 12869 12501 3649 3549 495 4649 4159 4111 8341 100 6742 12492 12444 7290 4060
is_linear=0
shrinkage=0.05


Tree=109
num_leaves=31
num_cat=0
split_feature=29 38 36 26 23 11 8 7 10 6 7 11 10 4 19 5 12 12 19 26 26 8 7 7 28 10 27 21 11 12
split_gain=72.6197 31.392 57.8656 29.0609 8.42896 11.048 10.2246 8.40284 9.34269 7.37613 6.90113 6.62462 5.60082 5.54315 5.29917 6.75883 5.16326 5.13326 4.90295 10.6717 8.4458 4.96382 4.90605 6.76684 5.11462 4.84982 4.82814 5.84035 4.32591 11.4652
threshold=0.39379699528217321 1.0000000180025095e-35 1.0000000180025095e-35 0.77038103342056286 1.0000000180025095e-35 0.10102041065692903 0.8019607961177827 0.68356868624687206 0.94665718078613292 4.5000000000000009 0.124143835157156 0.2524509876966477 0.84273937344551098 0.080128207802772536 0.39565217494964605 0.77500000596046459 0.053342817351222045 0.084219858050346388 0.83666664361953746 0.052911534905433662 0.047809524461627013 0.4236596822738648 0.60922586917877208 0.6264534890651704 0.72811779379844677 0.66312056779861461 0.94474968314170849 5.5000000000000009 0.70659971237182628 0.27842378616333013
decision_type=2 2 2 2 2 2 2 2 2 2 2 2 2 2 2 2 2 2 2 2 2 2 2 2 2 2 2 2 2 2
left_child=1 -1 3 9 5 7 28 8 14 -3 -2 17 13 -5 15 -4 -12 25 19 20 21 -18 -23 -24 -25 -7 -8 -28 -6 -30
right_child=10 2 4 12 6 11 26 -9 -10 -11 16 -13 -14 -15 -16 -17 18 -19 -20 -21 -22 22 23 24 -26 -27 27 -29 29 -31
leaf_value=0.045329035256174148 -0.31514107051096957 -0.049190995118292918 -0.039654196270705683 0.30415184175196902 0.0063136415700962975 0.18099947231946092 0.047232669506596436 0.012776999892647295 -0.32509007379819033 0.13998761767593165 0.048087583153058562 -0.0010655708529922496 0.035287470194631049 -0.012149825822126854 -0.0070563214758196675 0.061878546764892545 -0.20171703437555927 0.009404154733496985 0.046285289118269957 0.045777794094232688 -0.30461676331730086 0.052167321950406076 -0.20344917702411491 -0.095751813756990864 0.012095907960592983 0.05259343575858208 -0.49176805222147774 0.050222083436566735 -0.026323505516289775 -0.41183823484122462
leaf_weight=28.890536304097623 0.13648124085739155 110.05855446239002 44.650020240107551 0.13960839353968069 95.719758421299048 0.90251587575767001 19.042599559179511 16.206525964196771 0.26211845874786277 0.51768102461937715 68.961689943214878 332.47041589114815 11.336963923182337 17.671455261879601 24.18824843200855 1.7015398202929635 0.38128155097365546 6.9307088851928711 12.638494967482986 8.0376718121115101 0.28094965987838794 1.92302666651085 0.57122164103202511 1.6065817635972051 3.4819039874710143 3.9701509269652888 0.092237667879088714 0.10778980934992433 1.787383800838142 0.21618586941622187
leaf_count=4799 17 79133 15437 3 3275 26 3045 319 4 26 16935 8837 108 2691 711 189 20 374 2856 1409 33 195 17 92 266 76 18 25 162 27
internal_value=-0.000210223 -0.00572957 -0.00787371 -0.0365979 -0.000553189 -0.00378181 0.0113515 -0.0197003 -0.0271343 -0.0483053 0.0401554 0.000241277 0.00781562 -0.00967056 -0.0260272 -0.035927 0.0406508 0.0370518 0.0229181 0.00478069 -0.0351857 -0.0256809 -0.0168293 -0.0402726 -0.0219547 0.0763768 0.0446658 -0.199703 0.00479165 -0.0679207
internal_weight=814.882 716.863 687.972 139.724 548.248 431.282 116.966 87.0085 70.8019 110.576 98.0193 344.274 29.148 17.8111 70.5398 46.3516 97.8828 11.8034 28.9211 16.2826 8.24497 7.96402 7.58273 5.65971 5.08849 4.87267 19.2426 0.200027 97.7233 2.00357
internal_count=141125 119285 114486 81961 32525 25973 6552 16660 16341 79159 21840 9313 2802 2694 16337 15626 21823 476 4888 2032 623 590 570 375 358 102 3088 43 3464 189
is_linear=0
shrinkage=0.05


Tree=110
num_leaves=31
num_cat=0
split_feature=29 38 36 26 11 11 37 20 27 32 21 8 11 5 6 11 13 12 20 26 26 8 9 10 20 10 5 12 26 11
split_gain=68.2126 29.3414 54.858 28.1104 7.7034 11.6341 9.16988 8.64439 8.30984 10.3615 7.74746 7.48917 11.8043 7.30919 6.67422 6.27813 5.94646 5.84619 8.08687 8.37286 7.10262 7.42001 5.30539 5.1184 4.83774 4.74138 8.31069 6.24639 4.49975 4.47413
threshold=0.39379699528217321 1.0000000180025095e-35 1.0000000180025095e-35 0.77038103342056286 0.098387096077203764 0.2524509876966477 1.0000000180025095e-35 0.59166666865348827 0.91689312458038341 0.040412429720163352 11.500000000000002 0.70900535583496105 0.57793521881103527 0.77500000596046459 4.5000000000000009 0.39433813095092779 1.0000000180025095e-35 0.053342817351222045 0.93933823704719555 0.052911534905433662 0.050252525135874755 0.46737588942050939 0.78718382120132457 0.84273937344551098 0.87083333730697643 0.59896907210350048 0.18333333730697635 0.18561584502458575 0.19920635223388675 0.62331080436706554
decision_type=2 2 2 2 2 2 2 2 2 2 2 2 2 2 2 2 2 2 2 2 2 2 2 2 2 2 2 2 2 2
left_child=1 -1 3 14 7 -6 8 13 10 -10 24 12 15 -4 -3 -12 -9 -2 19 20 21 -19 -23 29 -7 26 -18 28 -27 -5
right_child=17 2 4 23 5 6 -8 16 9 -11 11 -13 -14 -15 -16 -17 25 18 -20 -21 -22 22 -24 -25 -26 27 -28 -29 -30 -31
leaf_value=0.044886985520465453 0.047969808416917975 -0.04905483693383967 -0.034472419512652577 0.006660825346910048 0.04343665768587613 0.00027492560991062632 0.050533811568144044 -0.021899855153583923 0.051773250134819773 -0.35117976432830422 -0.2392573077080106 0.050319217002158016 -0.45651493076319494 0.010106230480629835 0.12683348086689814 0.05075104976171857 0.0072412838596795552 -0.20142801330926702 0.04681865538087121 0.043249012292415005 -0.27268511763437592 -0.19240867255939406 -0.005534580487545163 0.033920951649869309 0.051326757201204658 0.056871951145670147 -0.04733182593080458 0.060801965010712125 -0.04516051879887762 -0.048885744072677845
leaf_weight=27.745421401923522 65.755436358042061 104.97431539010722 45.318904834450223 12.663274801452649 17.225757452426478 354.49223557580262 9.2594221075996739 25.615275142015889 0.2794115028809746 0.37184725725091994 0.34483764972537645 0.48617448960430909 0.2928782042581588 11.535617038840426 0.54213025816716154 0.40672314679250121 54.96517050685361 0.57498723105527094 14.579019905533642 5.2442858698777863 0.30798931652680117 0.40060742571949948 7.3135938791092485 11.207367921248077 4.7019944430794558 1.6224563689902405 7.9903508170973501 7.997049126541242 3.235299804713577 5.079321904340758
leaf_count=4799 16935 79133 15459 2646 1005 10728 1724 660 23 30 33 99 12 332 26 46 956 37 3410 846 27 24 561 108 648 97 305 306 62 48
internal_value=-0.000198784 -0.00551395 -0.00756858 -0.0361766 -0.000524959 0.00326848 0.00140162 -0.00982069 0.000142719 -0.1783 0.000464882 -0.111787 -0.187246 -0.0254275 -0.0481511 -0.0823131 -0.00107221 0.0397798 0.0208307 -0.00654197 -0.0369145 -0.0281543 -0.0152392 0.00746827 0.000943214 0.00596517 0.000314834 0.0336373 -0.0110824 -0.00924096
internal_weight=802.529 708.353 680.608 134.466 546.141 387.861 370.636 158.28 361.376 0.651259 360.725 1.53061 1.04444 56.8545 105.516 0.751561 101.426 94.1759 28.4205 13.8415 8.59718 8.28919 7.7142 28.95 359.194 75.8103 62.9555 12.8548 4.85776 17.7426
internal_count=141125 119285 114486 81961 32525 14348 13343 18177 11619 53 11566 190 91 15791 79159 79 2386 21840 4905 1495 649 622 585 2802 11376 1726 1261 465 159 2694
is_linear=0
shrinkage=0.05


Tree=111
num_leaves=31
num_cat=0
split_feature=29 38 38 26 19 13 4 25 10 4 29 27 29 29 12 20 26 12 8 8 28 9 28 8 8 12 38 7 9 5
split_gain=64.0136 27.4124 33.8477 19.0566 24.1653 7.22172 8.9477 8.77485 7.96765 10.4391 8.70694 6.97212 6.88462 6.86658 5.85306 7.73379 7.55136 6.06181 15.3669 5.96949 5.84911 5.53852 7.5134 5.10105 4.99704 8.13303 6.82676 6.37668 6.0659 5.66495
threshold=0.39379699528217321 1.0000000180025095e-35 1.5000000000000002 0.67873525619506847 0.26794873178005224 2.5000000000000004 0.31666667759418493 0.75000000000000011 0.6911335587501527 0.074175827205181136 0.22295321524143222 0.91689312458038341 0.039886362850666053 0.28708791732788091 0.053342817351222045 0.93933823704719555 0.052911534905433662 0.067424245178699507 0.86425063014030468 0.46737588942050939 0.63266423344612133 0.70233154296875011 0.15557313710451129 0.6264534890651704 0.57294833660125744 0.16472868621349337 2.5000000000000004 0.28165064752101904 0.87668499350547802 0.81666666269302379
decision_type=2 2 2 2 2 2 2 2 2 2 2 2 2 2 2 2 2 2 2 2 2 2 2 2 2 2 2 2 2 2
left_child=1 -1 3 4 -3 6 8 11 9 -4 -11 24 21 -6 -2 16 17 18 -16 -19 -15 -5 -23 -10 25 -8 27 -26 -27 -28
right_child=14 2 5 12 13 -7 7 -9 23 10 -12 -13 -14 20 15 -17 -18 19 -20 -21 -22 22 -24 -25 26 28 29 -29 -30 -31
leaf_value=0.044424457961385055 0.047847627195521311 -0.048231201250735239 -0.0047160766226710445 -0.041972384756554633 0.00054931853874383158 0.023999398235033016 0.035711001199862168 0.039189966199030819 0.063221284657115503 -0.045659811810582776 -0.33858704935957507 -0.15685868518075299 0.088845795466638455 0.050521100215796644 0.050785069487195293 0.046644635513614363 0.042820180742712932 -0.17190326380015572 -0.62368172402324618 -0.013569992936703197 -0.2547003201594526 0.21520125720580793 0.0097699882772052087 -0.0074788664455053668 0.1056797076306592 -0.018611903945456473 -0.014873598775734027 -0.009005036871317762 0.019179929213088847 0.012347479711052614
leaf_weight=26.660192814422771 62.704253776464611 96.638847569818608 26.709810302127153 5.5440357986372026 39.763972410466522 27.630276112467982 23.254839322180487 14.105669769691302 4.1684739920310658 27.998041665530767 0.25599951576441426 0.7156574463006099 2.5264983088709405 0.23235521279275317 0.19624558836221595 13.918443057220429 5.0372286858037123 0.64391701947897484 0.14824611181393266 7.8838453621137887 0.48376023094169796 0.45499497826677071 20.435793981072493 6.576202453696169 1.2188862108159799 22.83732890477404 24.152980057522655 216.36694789736066 19.844245330081321 91.591003213892691
leaf_count=4799 16935 77725 439 2844 1798 1985 1067 1929 422 9212 12 46 31 27 27 3410 846 35 17 570 30 20 1092 797 57 1570 623 9564 366 2830
internal_value=-0.000185708 -0.00530136 -0.00726972 -0.0268623 -0.0346461 -0.000857085 -0.00228851 0.000431449 -0.0194294 -0.0271274 -0.0483139 -0.0009354 0.00999075 -0.00221422 0.0393782 0.0202943 -0.00607299 -0.0338321 -0.23946 -0.0255255 -0.155666 0.00245421 0.0142442 0.0199498 -0.000655918 0.0119209 -0.00314375 -0.00836259 -0.00104108 0.0066671
internal_weight=790.699 700.167 673.507 166.08 137.119 507.426 479.796 414.088 65.7085 54.9639 28.254 399.982 28.9613 40.4801 90.5322 27.8279 13.9095 8.87225 0.344492 8.52776 0.716115 26.4348 20.8908 10.7447 399.266 65.9364 333.33 217.586 42.6816 115.744
internal_count=141125 119285 114486 83567 79580 30919 28934 18052 10882 9663 9224 16123 3987 1855 21840 4905 1495 649 44 605 57 3956 1112 1219 16077 3003 13074 9621 1936 3453
is_linear=0
shrinkage=0.05


Tree=112
num_leaves=31
num_cat=0
split_feature=29 38 36 26 23 8 4 12 20 26 10 4 28 32 32 29 10 35 10 8 32 12 13 26 7 5 7 10 28 4
split_gain=60.0717 25.6006 49.4773 26.7103 7.14404 9.60531 6.65645 5.85265 7.38222 6.80467 5.74253 6.93598 6.41287 5.13471 4.87901 5.06075 4.58213 4.21899 4.69631 6.48968 5.39541 4.89848 5.40889 4.48306 6.10468 4.44763 4.22124 4.82844 4.94035 4.11178
threshold=0.39379699528217321 1.0000000180025095e-35 1.0000000180025095e-35 0.71490147709846508 1.0000000180025095e-35 0.8019607961177827 0.31666667759418493 0.053342817351222045 0.93933823704719555 0.052911534905433662 0.75905716419219982 0.069047622382640853 0.34169365465641027 0.025288567878305915 0.46532288193702703 0.45857843756675726 0.84273937344551098 1.0000000180025095e-35 0.89022758603096019 0.58759590983390819 0.58267158269882213 0.15849281847476962 1.0000000180025095e-35 0.35743321478366857 0.35781671106815344 0.77500000596046459 0.42340287566185003 0.7243877947330476 0.26833090186119085 0.080128207802772536
decision_type=2 2 2 2 2 2 2 2 2 2 2 2 2 2 2 2 2 2 2 2 2 2 2 2 2 2 2 2 2 2
left_child=1 -1 3 -3 6 -6 10 -2 9 13 11 12 -4 -9 -15 -16 29 -8 19 20 21 22 26 24 -21 -23 27 28 -19 -5
right_child=7 2 4 16 5 -7 17 8 -10 -11 -12 -13 -14 14 15 -17 -18 18 -20 23 -22 25 -24 -25 -26 -27 -28 -29 -30 -31
leaf_value=0.043940957164187042 0.047720806189300601 -0.048640264720378225 -0.03938430137961451 0.23111098903403762 0.0043854066404040142 0.044082734516789207 -0.017411536526282956 -0.2105162199899854 0.046464008360126867 0.042378717427675294 0.031262172465016377 -0.039965793046206226 0.015494292895715446 -0.0057010171885330495 -0.011296290182660573 -0.19084075645019188 0.028889991404372345 0.12372363695659989 0.010081688320607929 0.053170826005049965 0.11438261596344275 -0.015766107207146645 -0.021530368115684671 -0.00352149569586553 -0.027664841964751902 0.017129396447617375 0.082471030487908922 -0.039411790579174183 0.022295536192422881 -0.012616605929518502
leaf_weight=25.632044028723612 59.800700519932434 93.911341377417557 8.1685822277795541 0.17462188447826221 96.426591415191069 18.098009844659828 35.090580344782211 0.38140751980245013 13.289820031262934 4.8402261268347511 5.1634083668468511 29.814520297222771 15.283355025108902 7.2021002650726569 0.76872909674420931 0.80186431016772985 12.023657982237635 1.5673748363042266 96.979672229383141 2.4917934254044658 1.24061453656759 22.016618850873783 3.8344170874916008 136.77189226157498 37.258434026734903 19.267747721169144 4.9703660144004962 2.1953614258673042 5.129757646471262 19.167576893116347
leaf_count=4799 16935 78700 2163 3 3464 3088 762 26 3410 846 203 11416 984 541 46 36 129 89 2480 103 36 1578 321 2154 2896 352 183 51 202 3129
internal_value=-0.000174369 -0.00509509 -0.00697936 -0.0352976 -0.000431136 0.0106587 -0.0034038 0.0389654 0.0197755 -0.0055695 -0.0190836 -0.0239639 -0.00362056 -0.0309221 -0.0231139 -0.102962 0.00465126 -0.000919716 0.000814374 -0.00298188 0.0111912 0.00902064 0.0310287 -0.00781715 -0.0225976 -0.00041351 0.0455664 0.0249389 0.0460334 -0.0104162
internal_weight=779.763 692.678 667.046 125.277 541.769 114.525 427.244 87.0848 27.2841 13.9943 58.4299 53.2665 23.4519 9.1541 8.77269 1.57059 31.3659 368.815 333.724 236.744 60.2223 58.9816 17.6973 176.522 39.7502 41.2844 13.8629 8.89249 6.69713 19.3422
internal_count=141125 119285 114486 81961 32525 6552 25973 21840 4905 1495 14766 14563 3147 649 623 82 3261 11207 10445 7965 2812 2776 846 5153 2999 1930 525 342 291 3132
is_linear=0
shrinkage=0.05


Tree=113
num_leaves=31
num_cat=0
split_feature=29 11 20 23 5 38 35 10 38 26 20 10 26 10 7 8 29 25 20 7 26 27 10 7 8 7 13 29 20 10
split_gain=56.3523 25.0173 32.8593 14.7086 12.9326 9.37393 7.24415 7.25492 6.52908 7.06894 17.0948 6.38538 19.7973 25.0651 6.87764 16.4804 6.13794 5.81174 5.59428 5.40018 5.07633 4.89626 8.94807 5.63173 7.38867 4.93536 5.06755 4.33747 4.2639 7.77122
threshold=0.39379699528217321 0.040833333507180221 0.32291667163372045 1.0000000180025095e-35 0.73214286565780651 1.0000000180025095e-35 1.0000000180025095e-35 0.84660634398460399 1.0000000180025095e-35 0.49866309762001043 0.24264705926179889 0.80217391252517711 0.045663053169846542 0.81302964687347423 0.70659971237182628 0.78679654002189647 0.14365079998970035 1.0000000180025095e-35 0.70714285969734203 0.124143835157156 0.74731057882308971 0.69567963480949413 0.81872946023941051 0.68356868624687206 0.70659971237182628 0.47871376574039465 5.5000000000000009 0.38138528168201452 0.89181286096572887 0.93405798077583324
decision_type=2 2 2 2 2 2 2 2 2 2 2 2 2 2 2 2 2 2 2 2 2 2 2 2 2 2 2 2 2 2
left_child=1 2 4 8 -1 -4 -5 11 -3 10 -10 16 13 -13 -14 -16 18 -7 -8 -2 -6 23 -23 24 25 26 -19 -18 29 -21
right_child=19 3 5 6 20 17 7 -9 9 -11 -12 12 14 -15 15 -17 27 21 -20 28 -22 22 -24 -25 -26 -27 -28 -29 -30 -31
leaf_value=-0.049067613013500877 -0.2432391510822951 0.044784238872924514 0.050713074236211797 0.047196259831172482 -0.050616063295176927 -0.036167005865223659 -0.036735413695358293 0.041647863327013916 -0.050078431188711227 0.0015877115840440875 -0.0027716207793638129 -0.68011620973380482 0.042949303127916824 0.050312439359969797 -0.4216637504630093 -0.010884528104146377 0.040459247363057387 -0.0059237294921743915 0.072455758224123784 0.0016185618729028857 0.011764160089711507 0.051398650158591609 -0.27284768005826454 0.045145157730058172 -0.066337981105214355 0.044246385430607195 0.05168225213130645 -0.1910108218004799 0.048211922982077611 0.050234944696915612
leaf_weight=79.638391230604611 0.16968654980882902 7.4255099508445701 8.0248862558510137 22.8136703427881 4.2350718560628602 13.372250750893725 8.4736096331616917 12.470619917847214 24.557021663233172 288.08365371718537 85.884143117349595 0.27302900585345868 1.8082246060948821 0.20611683465540409 0.3170209084637462 1.0625328072346745 8.968617105390873 80.039446630864404 1.3615084784105409 17.017986341845244 14.184561216388829 0.4017824362963428 0.45230358629487455 6.4402225452940902 4.4141715039731926 5.8695922460174179 4.0089229488512492 0.2070617740973838 50.689826330868527 15.899430912220849
leaf_count=70862 17 937 1707 3974 2262 1987 372 1921 19737 5919 2913 19 124 39 25 134 974 4187 40 2313 324 30 19 266 158 210 109 36 15082 4428
internal_value=-0.000167894 -0.00490209 -0.0187438 0.00169428 -0.0403349 -0.0015342 0.0252557 0.0110149 -0.00166985 -0.0025354 -0.0132905 -0.00583042 -0.066241 -0.365904 -0.0211995 -0.105281 0.00582196 -0.00518014 -0.0216197 0.0385408 -0.0025784 -0.00110281 -0.120314 -9.24459e-05 -0.0031809 -8.04469e-05 -0.00317605 0.0352358 0.0391127 0.0251007
internal_weight=768.771 684.994 221.082 463.912 98.058 123.024 57.962 35.1483 405.95 398.525 110.441 22.6777 3.66692 0.479146 3.18778 1.37955 19.0108 114.999 9.83512 83.7769 18.4196 101.626 0.854086 100.772 94.3321 89.918 84.0484 9.17568 83.6072 32.9174
internal_count=141125 119285 82121 37164 73448 8673 7658 3684 29506 28569 22650 1763 341 58 283 159 1422 6966 412 21840 2586 4979 49 4930 4664 4506 4296 1010 21823 6741
is_linear=0
shrinkage=0.05


Tree=114
num_leaves=31
num_cat=0
split_feature=29 11 23 23 32 12 22 35 10 12 26 29 22 10 12 8 29 30 29 29 26 4 26 35 28 22 26 27 27 1
split_gain=52.7819 23.2904 20.1433 13.6687 12.4694 7.05368 8.68412 6.53586 7.50795 5.96414 5.54891 6.3115 5.75867 5.29268 14.4423 7.71887 7.996 6.88743 6.6478 5.20012 7.53029 5.15763 6.30882 5.09673 4.88638 5.64128 8.48565 5.65839 5.16708 4.52525
threshold=0.39379699528217321 0.067816093564033522 1.0000000180025095e-35 1.0000000180025095e-35 0.48843066394329077 0.10762548446655275 0.65536397695541393 1.0000000180025095e-35 0.84660634398460399 0.053342817351222045 0.18776709586381915 0.18414442986249926 0.5432584583759309 0.80217391252517711 0.17445652186870578 0.67006802558898937 0.23606811463832858 0.72972926497459423 0.14365079998970035 0.035190919414162643 0.59362295269966137 0.58571431040763866 0.62554347515106212 1.0000000180025095e-35 0.78581902384758007 0.562859207391739 0.47952194511890417 0.35493414103984838 0.27082458138465887 1.0000000180025095e-35
decision_type=2 2 2 2 2 2 2 2 2 2 2 2 2 2 2 2 2 2 2 2 2 2 2 2 2 2 2 2 2 2
left_child=1 2 4 10 19 6 -6 -5 13 -2 12 24 -3 18 29 -16 -17 -18 -9 23 -21 22 -22 -1 25 26 27 -12 -28 -15
right_child=9 3 -4 7 5 -7 -8 8 -10 -11 11 -13 -14 14 15 16 17 -19 -20 20 21 -23 -24 -25 -26 -27 28 -29 -30 -31
leaf_value=-0.017084043802262718 0.047467704733403344 -0.029264247025190888 0.0025766831693132489 0.049237257123063705 -0.055657304938853569 0.0089669658022168124 0.049669174730966298 -0.023799403886080206 0.044636540632276199 0.018385652646871375 -0.037946939896224829 0.034366961794251777 0.00034262153514894879 0.072255772793474879 -0.033483921150973359 -0.49536059690624357 0.050613095729382197 -0.29000255085743054 0.038098821239526515 -0.029218775112774511 0.24070171093362408 -0.043993463555076134 0.04696964978442722 -0.04951989887013096 -0.1211075009986977 0.056298816692062215 0.0012595005122342307 0.027847377350452895 0.071378476297888502 -0.06580108054428567
leaf_weight=14.769088263390584 54.624865893973038 33.033638269756921 79.426898401230574 19.104519736487418 10.396947026660198 27.986487985996064 2.4107756658922872 8.7926497956505099 11.72521958244033 26.030354334041476 21.828410932503179 13.877861539367585 32.66421773575712 1.4813663978129623 0.56201097671873845 0.27347370143979788 0.22520210035145283 0.43524512741714716 8.5613039841409755 21.514879404334355 0.52080882724840183 1.1021124701946972 2.1759587092092261 67.292714032926597 0.8318049639929076 4.4247400658205143 284.39725186809665 3.8431388562312341 2.6518255710834628 0.9904039418324827
leaf_count=3104 16935 10540 4228 3600 2612 3293 59 365 1899 4905 9074 563 1097 104 39 11 26 25 1001 3432 31 27 84 67768 32 80 5857 121 82 131
internal_value=-0.000153488 -0.00470668 -0.0177398 0.00188942 -0.0286305 -0.00509805 -0.0358319 0.0259571 0.0124988 0.0380819 -0.00126781 0.00136051 -0.0145441 -0.00517441 -0.0572732 -0.179895 -0.268001 -0.173858 0.00673713 -0.037571 -0.0177595 0.0471396 0.0843838 -0.0436822 -8.00325e-05 0.000237397 -0.000555826 -0.0280973 0.00190728 0.0169383
internal_weight=757.956 677.301 227.597 449.704 148.17 40.7942 12.8077 52.1514 33.0469 80.6552 397.553 331.855 65.6979 21.3217 3.9677 1.49593 0.933921 0.660447 17.354 107.376 25.3138 3.79888 2.69677 82.0618 317.977 317.145 312.721 25.6715 287.049 2.47177
internal_count=141125 119285 84638 34647 80410 5964 2671 7201 3601 21840 27446 15809 11637 1702 336 101 62 51 1366 74446 3574 142 115 70872 15246 15214 15134 9195 5939 235
is_linear=0
shrinkage=0.05


Tree=115
num_leaves=31
num_cat=0
split_feature=23 4 9 4 10 11 8 10 12 32 10 6 22 12 13 11 9 6 8 11 32 4 12 11 10 10 19 4 23 12
split_gain=45.999 33.8339 22.7837 19.0596 9.14879 6.11552 5.5333 5.41515 9.12578 9.13885 6.41921 14.1289 30.8928 6.24083 5.29769 4.97638 5.96295 4.96914 13.49 5.69619 6.97886 6.89971 7.51172 8.25529 6.16502 5.86137 5.28056 5.21972 4.82321 4.5544
threshold=1.0000000180025095e-35 0.31666667759418493 0.88929614424705516 0.080128207802772536 0.70051544904708873 0.091966174542903914 0.6264534890651704 0.74849396944046032 0.32200460135936743 0.54630568623542797 0.75147059559822094 2.5000000000000004 0.12135372683405878 0.1573787406086922 2.5000000000000004 0.23606811463832858 0.67462325096130382 1.5000000000000002 0.95119047164917003 0.26975052058696752 0.025288567878305915 0.44949495792388922 0.2149859964847565 0.2806250005960465 0.95488464832305919 0.72812235355377208 0.75499999523162853 0.37980769574642187 1.5000000000000002 0.22335600852966311
decision_type=2 2 2 2 2 2 2 2 2 2 2 2 2 2 2 2 2 2 2 2 2 2 2 2 2 2 2 2 2 2
left_child=1 3 28 15 -5 7 -6 -3 10 -10 11 -9 -13 -12 -8 -1 -17 18 -7 20 24 22 -21 27 -19 29 -23 -24 -2 -25
right_child=2 5 -4 4 6 17 14 8 9 -11 13 12 -14 -15 -16 16 -18 19 -20 21 -22 26 23 25 -26 -27 -28 -29 -30 -31
leaf_value=-0.0033798165307391478 0.0010325008039750415 -0.033823145924213149 0.041270950828203846 -0.047250382384588174 0.055900650552210364 0.04852861945423028 -0.035965306087828892 -0.050636777033774477 0.04229104082856671 0.28149296829765452 -0.034766699225048464 1.307481583250993 0.0074988511990788688 0.0092860377656842335 0.21945640362301197 0.27110487078094869 0.039922216155058171 -0.012954407138394046 -0.029109537331447756 -0.051333222179387683 0.039759390176592288 2.8690397022520552e-06 0.38197615381402172 0.20501812134406872 -0.63180311303124748 0.035027262991394623 0.050292240427807167 -0.050766026985801738 0.028606861408944136 -0.039917266014826758
leaf_weight=25.863708334218249 86.763011411880143 24.472833374049515 81.088984201662242 82.318782234739047 3.4468985496787337 16.926726785954088 5.0309613883728161 0.29116457176860322 2.4127890937379557 0.47849017335101951 16.668372336775064 0.073574007023125887 0.12063031503930688 15.530381497577762 0.21154300204943854 0.30539927212521378 3.2178833873476833 0.089878117782062783 8.3575360877439397 13.768881231080742 11.062118260306304 312.24596298369579 0.22727054968709026 0.19488381012342681 0.072875663638114929 5.3646450661472045 5.3087164976168415 0.10049648088170215 19.405569095863029 7.2578076071222313
leaf_count=3527 5826 12788 22134 71728 819 990 887 141 384 17 1589 4 38 884 8 4 357 46 910 1723 754 11096 39 39 1 207 1402 28 1927 828
internal_value=-0.000144905 -0.00730258 0.0213147 -0.0307951 -0.0420998 -0.000889385 0.00669416 -0.0157198 -0.0032663 0.0818776 -0.0107982 0.16968 0.499995 -0.0135188 -0.0256587 0.0042143 0.0599612 0.00144813 0.0228659 -7.43349e-05 0.0349773 -0.00121653 -0.0255235 0.00151097 -0.290054 -0.00482536 0.000843581 0.249293 0.00607256 -0.0335123
internal_weight=748.679 561.421 187.258 120.395 91.0082 441.026 8.6894 60.0482 35.5754 2.89128 32.6841 0.485369 0.194204 32.1988 5.2425 29.387 3.52328 380.978 25.2843 355.694 11.2249 344.469 26.914 13.1451 0.162754 12.8173 317.555 0.327767 106.169 7.45269
internal_count=141125 111238 29887 77330 73442 33908 1714 15845 3057 401 2656 183 42 2473 895 3888 361 18063 1900 16163 801 15362 2864 1141 47 1074 12498 67 7753 867
is_linear=0
shrinkage=0.05


Tree=116
num_leaves=31
num_cat=0
split_feature=29 38 36 22 12 20 6 11 11 37 20 21 28 4 22 19 11 10 12 22 10 10 20 21 30 9 25 23 11 11
split_gain=46.9526 21.7388 40.4052 20.7514 6.04641 7.09032 5.98377 5.4363 9.74474 7.5425 6.73413 6.3459 8.74096 6.08899 6.58838 7.84846 6.26845 6.14613 5.22007 5.09687 4.82938 4.75777 4.5961 4.44801 5.79166 5.74257 4.42777 4.36474 4.2177 3.86358
threshold=0.39379699528217321 1.0000000180025095e-35 1.0000000180025095e-35 0.08856209367513658 0.053342817351222045 0.93933823704719555 4.5000000000000009 0.10102041065692903 0.2524509876966477 1.0000000180025095e-35 0.78759399056434642 12.500000000000002 0.63890933990478527 0.41428571939468389 0.70396453142166149 0.40370370447635656 1.0000000180025095e-35 0.87138131260871898 0.09175084158778192 0.59491634368896495 0.84273937344551098 0.27334994077682501 0.87083333730697643 5.5000000000000009 0.95465916395187389 0.95783627033233654 0.75000000000000011 1.0000000180025095e-35 0.042109929025173194 0.46770833432674414
decision_type=2 2 2 2 2 2 2 2 2 2 2 2 2 2 2 2 2 2 2 2 2 2 2 2 2 2 2 2 2 2
left_child=1 -1 3 20 -2 -6 26 10 -9 11 13 22 -13 14 -4 -16 18 28 19 -15 21 -3 23 24 27 -25 -5 -10 -18 -29
right_child=4 2 7 6 5 -7 -8 8 9 -11 -12 12 -14 16 15 -17 17 -19 -20 -21 -22 -23 -24 25 -26 -27 -28 29 -30 -31
leaf_value=0.043236978731776614 0.047222082664909737 0.2640226909253382 -0.037317319616863298 -0.048126712192723943 -0.0073797742239916355 0.045896612747086653 0.11826409304912902 0.04071378580622504 -0.00010981210686220375 0.050462963559824353 0.0036444813951122903 -0.29431509527588634 -0.012285422414200232 -0.048223777174035601 0.10642905814328033 -0.014754067649213982 -0.11058998048628133 -0.11877498637110891 0.015575271178559922 0.069350962300760238 0.033565538648700148 -0.013720969503475176 0.05122969566635352 -0.042695603197703047 -0.13305201840810227 0.042416747390670778 0.042245096641876659 0.056166234083560175 0.045190578495952261 0.0083811420892238395
leaf_weight=23.12604855268728 50.345086100744084 0.15567734889919549 40.66111358901253 82.799261999141891 13.53981160488911 11.591451942687854 0.55368188815191288 16.231910870410502 317.24223313236143 7.5827676926273844 65.674350402085111 0.43329366296529659 0.75074852118268609 6.5238661993062115 1.7527666280511756 5.6205657366663218 0.60748424078337793 2.1631573028862476 25.645654591033235 1.0734182465821502 9.651655941968782 16.135044246097095 4.4013921790756276 11.447163575910961 0.8043267484754314 2.3967474019154897 1.3779299025190983 6.4173369142226901 1.525867036078125 12.410653744125737
leaf_count=4799 16935 18 15315 78750 1495 3410 26 980 8411 1724 1122 32 100 483 41 181 39 40 918 21 115 3010 686 341 37 343 42 262 42 1407
internal_value=-0.000149348 -0.00439003 -0.00610554 -0.0335898 0.0372234 0.0171932 -0.0455698 -0.000381118 0.00280903 0.00111821 -0.00839862 6.80635e-05 -0.115493 -0.0176412 -0.0294319 0.0140532 -0.00255413 -0.0593868 0.00479125 -0.0316117 0.00553831 -0.0110668 0.000453366 -0.000183858 0.000957623 -0.0279604 -0.0466474 0.00127835 0.000831154 0.0246682
internal_weight=740.642 665.166 642.04 110.673 75.4763 25.1313 84.7309 531.367 380.119 363.887 151.248 356.304 1.18404 85.5739 48.0344 7.37333 37.5394 4.29651 33.2429 7.59728 25.9424 16.2907 355.12 350.718 336.875 13.8439 84.1772 336.07 2.13335 18.828
internal_count=141125 119285 114486 81961 21840 4905 78818 32525 14323 13343 18202 11619 132 17080 15537 222 1543 121 1422 504 3143 3028 11487 10801 10117 684 78792 10080 81 1669
is_linear=0
shrinkage=0.05


Tree=117
num_leaves=31
num_cat=0
split_feature=29 11 20 7 23 12 8 12 20 26 7 25 8 7 13 26 19 29 12 25 11 8 11 7 27 26 20 32 32 11
split_gain=43.9484 18.8135 28.6006 12.3341 10.9632 6.98911 6.15183 6.04097 6.77466 6.17135 5.90007 5.85556 5.35993 5.78116 4.8506 4.67909 7.99951 4.96613 4.66717 4.66585 4.58478 5.50441 4.58406 12.9846 24.0772 7.55378 6.55674 4.47176 4.41249 4.14209
threshold=0.39379699528217321 0.040833333507180221 0.32291667163372045 0.53410854935646068 1.0000000180025095e-35 0.13397436589002612 0.091966174542903914 0.053342817351222045 0.93933823704719555 0.052911534905433662 0.73431372642517101 1.0000000180025095e-35 0.71611723303794872 0.47871376574039465 1.5000000000000002 0.18776709586381915 0.16397849470376971 0.18414442986249926 0.71010184288024913 1.0000000180025095e-35 0.57979625463485729 0.64785373210906994 0.4246212244033814 0.72850123047828685 0.41279846429824835 0.035875162109732635 0.82085561752319347 0.057699074968695648 0.54630568623542797 0.46770833432674414
decision_type=2 2 2 2 2 2 2 2 2 2 2 2 2 2 2 2 2 2 2 2 2 2 2 2 2 2 2 2 2 2
left_child=1 2 3 -1 15 -5 18 -2 9 19 11 -8 13 -13 27 16 -3 -17 -4 -9 -18 -22 23 24 -21 -26 -24 29 -7 -6
right_child=7 4 6 5 14 28 10 8 -10 -11 -12 12 -14 -15 -16 17 20 -19 -20 22 21 -23 26 -25 25 -27 -28 -29 -30 -31
leaf_value=-0.048781501893932183 0.04707030179598156 -0.05012135572066953 0.029720006140125904 -0.047943435807521244 0.024476046143278727 -0.054984362984546731 -0.04520306453525786 0.021316066390941097 0.045686436677717372 0.041460491758057577 0.041623079868786127 -0.0061729050997938514 -0.052683449371349049 0.041466675153405408 0.050945688727125696 -0.00023371468971426697 0.010720458752037691 0.030410733387303865 -0.044620019424396709 -0.010095962660248342 -0.06661150372762395 -0.0088404357795469606 -0.076407624079540007 0.050641373133796942 -0.62177221780619285 -0.26856550595987955 0.051106669571288059 0.020698912459076658 0.03187207358618762 -0.068786140912054511
leaf_weight=67.198049737140536 48.040308481315151 12.180864227644632 20.697758673457432 5.609661802067424 2.0331439576111725 1.7026008385000739 10.328357047226744 2.9613983479794097 11.075591851957142 4.436617332510651 5.9530813463497898 68.106793725921307 5.5392213593004263 7.0251139266183591 11.862421506782992 320.2438253290602 24.505517611571122 13.789999538566915 2.3511171515565357 0.69087933516129874 4.9548184649320346 24.564728273777291 2.5011282910127193 0.74012478440999974 0.29733848874457181 0.3083505870308727 1.68881638511084 36.606797322747298 10.357903227675704 2.872760766884312
leaf_count=71501 16935 10660 1541 1143 294 510 1788 159 3410 846 318 4249 253 321 2150 16424 1202 570 203 42 67 583 94 104 36 14 200 4904 294 310
internal_value=-0.000142456 -0.00421655 -0.0167924 -0.039007 0.00146317 -0.00183558 -0.00108158 0.0367383 0.0166434 -0.00696598 -0.00660139 -0.00975618 -0.0052179 -0.00171843 0.0227487 -0.00137543 -0.0135188 0.00103139 0.0221369 -0.0303496 -0.00526608 -0.0185372 -0.0549219 -0.116455 -0.211839 -0.441958 -0.0250112 0.0146914 0.0196104 -0.0301357
internal_weight=731.225 658.485 204.87 84.8682 453.615 17.6702 120.001 72.7406 24.7002 13.6247 96.9526 90.9995 80.6711 75.1319 53.3751 400.24 66.2059 334.034 23.0489 9.18804 54.0251 29.5195 6.22664 2.03669 1.29657 0.605689 4.18994 41.5127 12.0605 4.9059
internal_count=141125 119285 82121 73448 37164 1947 8673 21840 4905 1495 6929 6611 4823 4570 7658 29506 12512 16994 1744 649 1852 650 490 196 92 50 294 5508 804 604
is_linear=0
shrinkage=0.05


Tree=118
num_leaves=31
num_cat=0
split_feature=20 4 35 5 25 4 7 7 38 12 11 32 21 38 6 7 4 11 32 19 1 12 5 26 11 21 4 28 11 12
split_gain=38.5214 33.6668 16.2459 13.2442 9.22577 12.6353 8.21644 7.25224 6.31133 5.52856 6.23359 6.73119 5.45644 5.44616 9.49797 8.72683 8.51185 7.64877 18.2931 6.62277 6.22804 7.10953 5.1594 5.08841 4.7567 5.87013 4.75928 5.68256 4.74802 6.92843
threshold=0.78759399056434642 0.31666667759418493 1.0000000180025095e-35 0.81666666269302379 1.0000000180025095e-35 0.64583334326744091 0.14017543941736224 0.05298245698213578 1.0000000180025095e-35 0.17712418735027316 0.81016731262207042 0.030779528431594375 9.5000000000000018 2.5000000000000004 1.5000000000000002 0.28474904596805578 0.41428571939468389 0.32466214895248419 0.01924573723226786 0.30217391252517706 1.0000000180025095e-35 0.050641026347875602 0.81666666269302379 1.0000000180025095e-35 0.88730159401893627 4.5000000000000009 0.6904762089252473 0.46956689655780798 0.70135134458541881 0.043961353600025184
decision_type=2 2 2 2 2 2 2 2 2 2 2 2 2 2 2 2 2 2 2 2 2 2 2 2 2 2 2 2 2 2
left_child=1 2 6 4 5 23 -1 12 -3 -5 11 -11 -6 14 15 -10 -16 18 -17 22 21 -19 -15 -2 25 28 27 -26 -18 -30
right_child=3 8 -4 9 7 -7 -8 -9 13 10 -12 -13 -14 19 16 17 24 20 -20 -21 -22 -23 -24 -25 26 -27 -28 -29 29 -31
leaf_value=-0.016607506355916912 -0.053981592467724597 0.051173652352730914 -0.043046813584226601 0.050170831053384005 -0.0040869376281543425 -0.23679066957883457 0.039277399399705287 0.028863440524239642 0.090769995401255854 -0.083539410535814845 -0.17052108836321445 0.030401633703496536 0.043902899323052982 -0.017411850280197681 -0.028790765120504682 -1.0458159204289983 -0.00080098865400597642 0.12269733079778028 -0.047011185825562504 0.046945834618685726 -0.064799015947089519 0.021450517586827245 0.0099696648002878391 0.0091704623363963022 -0.1643115610323993 -0.029495197300497746 -0.0035444852802511903 -0.029599816485984289 0.079162767307505766 0.010575377476956043
leaf_weight=24.476109921874013 5.4294979020487482 5.8718456639908245 80.39772957022069 39.882026822306216 44.3405835730955 0.68729814118705768 8.9938997158897092 51.788922436535358 4.4177593851345618 1.4034697413444579 0.43171928753144939 16.958624825812876 6.8363374238833776 21.487352162483148 38.227174422412645 0.046617222833446603 159.3655532237608 2.1346611804328832 2.7577181425876915 10.052188724745063 1.6035183199564933 9.2349814681219851 86.298506272491068 7.7320311197545379 0.81260053813457744 15.593907687347381 28.057625607645605 21.374873603926972 4.4293391698738587 21.823244828789029
leaf_count=3863 96 738 73612 14609 912 41 938 9633 532 144 25 2604 492 352 13498 13 6890 66 1244 1893 748 554 2235 472 4 429 2226 1697 87 478
internal_value=-0.000131084 -0.00666569 -0.0308612 0.0202542 0.0105192 -0.0277953 -0.00159038 0.0156724 -0.00031155 0.0396351 0.0172774 0.0216928 0.00232366 -0.00101836 -0.00449758 0.0286557 -0.00680886 0.0112635 -0.0636146 0.008131 0.0274494 0.0404597 0.0045111 -0.0168815 -0.00346711 -3.06522e-05 -0.0172288 -0.0345335 0.00244468 0.0221475
internal_weight=722.948 547.457 113.868 175.491 116.815 13.8488 33.47 102.966 433.589 58.6758 18.7938 18.3621 51.1769 427.718 309.88 20.1953 289.684 15.7775 2.80434 117.838 12.9732 11.3696 107.786 13.1615 251.457 201.212 50.2451 22.1875 185.618 26.2526
internal_count=141125 112097 78413 29028 11646 609 4801 11037 33684 17382 2773 2748 1404 32946 28466 3157 25309 2625 1257 4480 1368 620 2587 568 11811 7884 3927 1701 7455 565
is_linear=0
shrinkage=0.05


Tree=119
num_leaves=31
num_cat=0
split_feature=29 11 20 7 23 12 12 20 8 7 26 8 10 25 8 11 21 27 7 32 12 12 26 20 29 7 32 11 8 32
split_gain=38.6469 16.5092 26.052 13.6679 10.1955 7.8856 5.99804 6.4069 5.61563 5.63504 5.56335 5.52634 7.291 6.12836 5.356 4.76724 5.84341 8.04757 5.23147 4.5322 6.16271 4.29354 4.26864 7.06924 5.45783 4.22007 4.14395 4.07507 4.67957 4.05498
threshold=0.39379699528217321 0.056349206715822227 0.32291667163372045 0.53410854935646068 1.0000000180025095e-35 0.13397436589002612 0.053342817351222045 0.93933823704719555 0.091966174542903914 0.73431372642517101 0.052911534905433662 0.70900535583496105 0.77459675073623668 1.0000000180025095e-35 0.61986863613128673 0.32200460135936743 11.500000000000002 0.38359667360782629 0.3483316451311112 0.54630568623542797 0.32392686605453497 0.71010184288024913 0.18776709586381915 0.28174604475498205 0.18414442986249926 0.53907206654548656 0.020841686986386779 0.57979625463485729 0.64785373210906994 0.0071364908944815406
decision_type=2 2 2 2 2 2 2 2 2 2 2 2 2 2 2 2 2 2 2 2 2 2 2 2 2 2 2 2 2 2
left_child=1 2 3 -1 22 25 -2 10 21 11 -8 12 13 -10 -14 -6 29 18 -18 -7 -21 -4 23 -3 -24 -5 -26 -25 -29 -17
right_child=6 4 8 5 15 19 7 -9 9 -11 -12 -13 14 -15 -16 16 17 -19 -20 20 -22 -23 24 27 26 -27 -28 28 -30 -31
leaf_value=-0.048564534273593134 0.046780130247574693 -0.050095190852616669 0.028595209216162865 0.16096874571291964 0.048170865763267547 -0.054556067090142227 -0.028488735584517335 0.045333236791980397 -0.051651522672052197 0.041028683214044459 0.040864561836743897 -0.050116248086972126 0.065031387770380256 -0.0059448943020313063 -0.0092995957647680847 -0.07940046832498722 -0.44373278563645285 0.0002826623603453589 -0.11430269135583676 0.025014584742756935 0.18040780061001271 -0.043286497309832549 -0.00016063434751378226 0.010002825649596807 -0.074556360083208942 -0.056969727733110848 0.040166494815803241 -0.061694375333001261 -0.0088599478956638521 0.020627075259354394
leaf_weight=63.229180196503876 43.892788685159758 10.680209767306222 20.467437945073474 0.23156964883674191 13.605787996551951 1.6326521335868154 9.3358588381670398 10.298456206452101 8.219828001863787 5.9364929664880028 4.1891445475630471 7.5863059551338656 5.9016072023659927 68.032551989541389 4.1121239855419844 1.0451995949260879 0.20180233079008647 0.95848218211904168 0.29918209556490183 10.089157763984982 0.68111322761979032 2.3120630158227859 316.64920767868171 23.562506317393854 0.84122529253363509 5.4445048649795353 12.244129222352056 5.0495269618695628 24.648078942904249 33.079087673919275
leaf_count=72820 16935 10057 1542 60 2260 516 649 3410 1747 334 846 389 254 4450 152 70 17 219 38 267 35 206 15583 1146 15 1108 549 68 593 4790
internal_value=-0.000121321 -0.0038842 -0.0156581 -0.0376027 0.00153601 0.000734923 0.035817 0.0156183 -0.00110065 -0.00621407 -0.00700771 -0.00920234 -0.00560434 -0.010872 0.0345075 0.0229981 0.013373 -0.0846013 -0.247001 0.0230738 0.0348417 0.0212994 -0.00114567 -0.012969 0.00114704 -0.0480784 0.0327912 -0.00552414 -0.0178435 0.0175633
internal_weight=714.457 646.741 203.877 81.3082 442.864 18.079 67.7162 23.8235 122.568 99.7889 13.525 93.8524 86.2661 76.2524 10.0137 49.1895 35.5838 1.45947 0.500984 12.4029 10.7703 22.7795 393.675 63.9403 329.735 5.67607 13.0854 53.2601 29.6976 34.1243
internal_count=141125 119285 83880 74806 35405 1986 21840 4905 9074 7326 1495 6992 6603 6197 406 7394 5134 274 55 818 302 1748 28011 11864 16147 1168 564 1807 661 4860
is_linear=0
shrinkage=0.05


Tree=120
num_leaves=31
num_cat=0
split_feature=29 38 36 26 12 20 6 26 11 11 37 20 5 21 21 22 5 5 28 8 6 5 19 8 30 9 26 25 19 9
split_gain=36.1506 18.9506 32.6745 24.202 5.95855 6.10444 5.66603 5.06218 4.28097 8.52814 6.69105 5.68279 5.22237 5.15509 4.74161 4.10248 3.95278 5.4323 10.3941 13.9409 4.04052 7.13462 8.26307 6.77653 4.82522 3.86261 4.93703 3.84392 3.88316 3.79549
threshold=0.39379699528217321 1.0000000180025095e-35 1.0000000180025095e-35 0.71490147709846508 0.053342817351222045 0.93933823704719555 4.5000000000000009 0.052911534905433662 0.10102041065692903 0.2524509876966477 1.0000000180025095e-35 0.59166666865348827 0.77500000596046459 2.5000000000000004 11.500000000000002 0.70396453142166149 0.15476191043853763 0.46428571641445165 0.20266308635473254 0.38742592930793768 1.5000000000000002 0.63333335518836986 0.66025641560554515 0.84292763471603405 0.95465916395187389 0.85482788085937511 0.31835016608238226 1.0000000180025095e-35 0.7379862666130067 0.84833145141601574
decision_type=2 2 2 2 2 2 2 2 2 2 2 2 2 2 2 2 2 2 2 2 2 2 2 2 2 2 2 2 2 2
left_child=1 -1 3 6 -2 7 -3 27 11 29 14 12 15 -13 16 -4 -11 18 19 -18 23 22 -22 -19 -23 26 -14 28 -6 -10
right_child=4 2 8 -5 5 -7 -8 -9 9 10 -12 13 25 -15 -16 -17 17 20 -20 -21 21 24 -24 -25 -26 -27 -28 -29 -30 -31
leaf_value=0.042790498577145397 0.046609397060082769 -0.049390204569409513 -0.033466844419920073 0.0057904117681870197 0.05244969798124624 0.045101540973385312 0.10955090151052989 0.040363974835663098 0.06790734310127762 0.060321018773263284 0.050367193649003029 0.079094395719979005 -0.064621082307790914 -0.0023011591533247059 -0.079308613464397881 0.068519506463821933 -0.050120331307426103 0.034674371303270245 -0.054204591599000845 1.1666212753410663 -0.032716355781145089 0.00077693824196428023 -0.242124180039162 -0.016536458059197522 -0.11661645456597142 -0.051748277547902247 0.037948924211094907 -0.047605726852726057 -0.084218556957668153 0.017956808666048152
leaf_weight=21.174608287517913 41.901247236412019 68.055221278104 36.055141847755294 29.947658813267481 2.2665132912807153 9.8452662045601755 0.56537873414344986 4.0330190605018297 6.4784210823709136 2.7316620438359669 6.7153852025512597 1.9856928889639665 1.382602215744553 95.501785072032362 1.8752876801881928 1.0137823824770738 0.05512263160198827 20.306037489033773 6.1762069337419234 0.041090065846219659 8.8979499361012095 302.63261010881979 0.49741535284556526 9.4736885350430367 0.87786479271016915 2.1739421716192728 7.745335869200062 6.6084171598777175 0.67439254047349084 9.2088902629911882
leaf_count=4799 16935 78674 15437 3261 138 3410 26 846 384 231 1724 39 173 2362 193 32 29 1197 983 16 520 8137 18 255 40 36 123 490 21 596
internal_value=-0.000115621 -0.00372374 -0.00531131 -0.0317132 0.0353182 0.0151235 -0.0480807 -0.00660624 -0.000324227 0.00249655 0.000925187 -0.00759512 -0.0216061 -0.000643238 -1.38826e-05 -0.0306777 0.000408935 -6.00605e-05 -0.0461712 0.46952 0.000783944 -0.000890975 -0.043803 0.0183829 0.000437393 0.00814768 0.0224127 -0.0264434 0.0211097 0.038585
internal_weight=706.898 641.569 620.394 98.5683 65.3289 23.4276 68.6206 13.5823 521.826 375.968 360.28 145.858 48.3708 97.4875 353.565 37.0689 351.69 348.958 6.27242 0.0962127 342.686 312.906 9.39537 29.7797 303.51 11.3019 9.12794 9.54932 2.94091 15.6873
internal_count=141125 119285 114486 81961 21840 4905 78700 1495 32525 14323 13343 18202 15801 2401 11619 15469 11426 11195 1028 45 10167 8715 538 1452 8177 332 296 649 159 980
is_linear=0
shrinkage=0.05


Tree=121
num_leaves=31
num_cat=0
split_feature=29 20 30 20 25 9 36 21 19 12 20 21 21 5 32 13 13 23 27 20 7 21 32 21 7 13 6 29 6 13
split_gain=33.8329 12.9752 43.8275 10.5775 9.22657 7.02968 6.44434 6.44793 10.8656 5.89684 5.80687 5.80178 5.61556 4.99569 6.43106 4.52332 4.29167 4.03274 3.86314 5.66939 4.32388 6.11983 4.40308 4.63988 4.32849 4.03099 3.62063 3.49372 6.27865 11.7212
threshold=0.39379699528217321 0.38675214350223547 0.07080888003110887 0.24264705926179889 1.0000000180025095e-35 0.95394170284271251 1.0000000180025095e-35 3.5000000000000004 0.43303571641445165 0.053342817351222045 0.93933823704719555 5.5000000000000009 2.5000000000000004 0.35416667163372045 0.52384111285209667 5.5000000000000009 3.5000000000000004 1.5000000000000002 0.66966992616653453 0.91987180709838878 0.067117117345333113 12.500000000000002 0.12917417287826541 15.500000000000002 1.0000000180025095e-35 1.0000000180025095e-35 4.5000000000000009 0.082843139767646803 1.5000000000000002 1.0000000180025095e-35
decision_type=2 2 2 2 2 2 2 2 2 2 2 2 2 2 2 2 2 2 2 2 2 2 2 2 2 2 2 2 2 2
left_child=1 2 26 -4 -3 6 -6 13 11 -2 -11 17 -5 14 16 18 -8 -9 20 25 24 -22 -23 -24 -10 -20 -1 28 29 -15
right_child=9 4 3 12 5 -7 7 8 15 10 -12 -13 -14 27 -16 -17 -18 -19 19 -21 21 22 23 -25 -26 -27 -28 -29 -30 -31
leaf_value=-0.00027264325561780956 0.046431883252771727 -0.01457899596210596 -0.047196361847328019 0.0096681680647758145 0.037553034640857214 0.032940645065367369 -0.052582830935122539 -0.017286434433830673 0.0042728819484873833 -0.006215783006757087 0.044861095849497247 -0.057249227142583917 -0.04385261701647937 0.30485805233948726 0.078398582653689167 0.070865725226135531 0.060342688101726917 0.066722501471898663 -0.16116649831419419 0.050384804529177513 0.027584172715370548 -0.16473269269416088 0.051415805011476537 -0.12858305103178932 -0.037322578579471827 0.050537778646830615 0.040604215476659974 0.021842598162539029 0.02979880205615042 0.048133127372503762
leaf_weight=279.71358773636166 40.006286514922976 47.83418920065742 75.531435481738299 14.897985900985079 14.922879148274658 28.30403202935122 5.5420194456819427 27.528204837581146 40.820904915919527 13.60851147188805 9.4140511665027589 9.901234212680718 7.3037815000279798 0.68462165282108145 1.5314403127413241 2.7417297970969221 0.99195249727927137 1.5067164921201754 1.1354364377912127 0.75540871010161925 29.822487348224968 0.67575949477031771 1.0152103633154181 0.55306034069508303 7.3860324274282894 0.2803716103080659 5.5241093169897786 24.074809960904531 4.2434175342787057 1.2681921093026174
leaf_count=10995 16935 3049 85997 2684 3814 4001 881 1283 413 1495 3410 495 1891 10 31 68 52 33 76 171 2213 33 83 34 62 39 89 460 182 146
internal_value=-0.000113315 -0.00357361 -0.00938197 -0.0382783 0.00520058 0.00980051 0.00610814 0.00321973 -0.00231618 0.0348302 0.0146698 -0.0241978 -0.00793872 0.0211434 -0.0138239 0.00768527 -0.0354391 -0.0129269 0.00558418 -0.0602261 0.0073642 0.0215924 -0.0580367 -0.0120619 -0.00210017 -0.119243 0.000519006 0.0304601 0.0639426 0.138136
internal_weight=699.52 636.491 382.971 97.7332 253.52 205.686 177.382 162.459 124.123 63.0288 23.0226 38.9362 22.2018 38.3365 8.06541 85.1864 6.53397 29.0349 82.4447 2.17122 80.2735 32.0665 2.24403 1.56827 48.2069 1.41581 285.238 30.271 6.19623 1.95281
internal_count=141125 119285 101656 90572 17629 14580 10579 6765 5003 21840 4905 1811 4575 1762 964 3192 933 1316 3124 286 2838 2363 150 117 475 115 11084 798 338 156
is_linear=0
shrinkage=0.05


Tree=122
num_leaves=31
num_cat=0
split_feature=23 4 10 4 10 38 38 27 9 9 22 11 38 12 21 9 9 10 10 25 36 6 11 12 12 11 28 38 11 4
split_gain=28.1063 23.6477 19.1622 15.8506 9.07306 6.86791 6.39665 5.89751 4.64011 4.75144 11.323 4.44151 4.85672 6.13379 4.93012 4.90621 4.35801 5.00685 7.77318 8.98733 5.18721 3.84874 10.4478 4.75662 6.07064 6.73031 5.70259 4.44167 5.67226 5.12352
threshold=1.0000000180025095e-35 0.31666667759418493 0.84660634398460399 0.080128207802772536 0.69614070653915416 1.0000000180025095e-35 1.0000000180025095e-35 0.12245637550950052 0.41183473169803625 0.40484943985939031 0.60428115725517284 0.10102041065692903 1.5000000000000002 0.1573787406086922 4.5000000000000009 0.69048002362251293 0.88929614424705516 0.80217391252517711 0.80901724100112926 1.0000000180025095e-35 1.0000000180025095e-35 1.5000000000000002 0.6885775923728944 0.3442887961864472 0.18561584502458575 0.64365079998970043 0.29167602956295019 2.5000000000000004 0.29679679870605474 0.44949495792388922
decision_type=2 2 2 2 2 2 2 2 2 2 2 2 2 2 2 2 2 2 2 2 2 2 2 2 2 2 2 2 2 2
left_child=1 3 5 7 -5 -2 -3 8 9 -1 -11 12 14 15 -8 -14 -7 20 -19 -20 -18 22 23 24 25 -13 -26 28 -23 -30
right_child=2 6 -4 4 -6 16 11 -9 -10 10 -12 21 13 -15 -16 -17 17 18 19 -21 -22 27 -24 -25 26 -27 -28 -29 29 -31
leaf_value=0.0054286538161461995 0.050187014192530827 0.051003932696936066 0.04387376968502725 -0.046601759614799877 0.0079688712317504389 -0.0015156558807909234 -0.034691909059331394 0.034823424393953993 -0.03310795590080505 0.016672578094961962 0.46436526094721065 0.025921223938980699 0.024868753125500472 0.012095830286904849 -0.17745441156001132 -0.039367849626356394 -0.086977936332287148 -0.17773165193190407 -0.15254686521549288 0.031571684947593298 0.049613208715261599 0.024249508997050827 -0.023397506316585923 0.0053144997899130138 0.29487164421064965 0.18395863398577131 0.096743959565831261 0.0075461455735393174 -0.030080111528699036 -0.004232958400445898
leaf_weight=5.9458672099863241 8.4187110507627931 5.9159412842709562 49.67730164155364 63.329651425825432 8.6582086535054241 87.006787328515202 12.060469470729 10.142663924372753 10.919680888531728 0.49833592830691475 0.19709379808045924 6.929467387031762 3.6837154931272407 21.236318805604242 0.63666423055110577 15.395874436362645 0.73591369809582907 0.63702692440710862 0.76713799592107523 4.8726404481567442 12.523582893190905 15.831838962389154 8.917099705315195 5.1734051434323201 0.43209429603302885 0.74623118987074111 2.2771342526539229 109.50674422516022 21.235296192346141 197.38909476133995
leaf_count=602 3176 808 18120 71532 1910 4165 11443 848 2365 57 16 370 441 2065 22 1742 46 57 43 1297 2983 1063 953 311 24 18 138 4645 2525 7340
internal_value=-0.000108774 -0.00574191 0.0179246 -0.0276703 -0.0400384 0.00671143 -0.000626706 0.00446815 -0.0130641 0.0198922 0.143554 -0.00135145 -0.0148832 -0.00639009 -0.0418504 -0.0269656 0.00327612 0.0246167 -0.0121729 0.00652738 0.0420323 0.000595572 0.019753 0.0444843 0.0639973 0.0412856 0.128343 -0.000767617 -0.0046507 -0.00674353
internal_weight=691.698 527.059 164.639 99.6915 71.9879 114.962 427.367 27.7036 17.561 6.6413 0.69543 421.451 53.013 40.3159 12.6971 19.0796 106.543 19.5363 6.27681 5.63978 13.2595 368.438 24.4754 15.5583 10.3849 7.6757 2.70923 343.963 234.456 218.624
internal_count=141125 111238 29887 77330 73442 11767 33908 3888 3040 675 73 33100 15713 4248 11465 2183 8591 4426 1397 1340 3029 17387 1814 861 550 388 162 15573 10928 9865
is_linear=0
shrinkage=0.05


Tree=123
num_leaves=31
num_cat=0
split_feature=29 38 36 26 6 38 20 7 13 11 7 20 11 5 21 9 13 9 26 4 5 9 28 21 23 32 32 11 28 13
split_gain=29.8943 16.3258 27.3095 23.2269 5.17117 4.79745 5.85718 6.73259 4.43763 4.46253 5.61513 7.45697 5.59491 5.57924 5.25263 4.2405 4.1006 6.26813 3.94001 3.72507 4.42335 6.50196 25.5199 4.23539 4.62344 3.74328 4.91321 3.68201 3.66432 3.63686
threshold=0.39379699528217321 1.0000000180025095e-35 1.0000000180025095e-35 0.71490147709846508 4.5000000000000009 2.5000000000000004 0.93933823704719555 0.15655637532472613 3.5000000000000004 0.078461539000272765 0.73431372642517101 0.56696429848670971 0.2524509876966477 0.77500000596046459 2.5000000000000004 0.85882496833801281 1.0000000180025095e-35 0.84833145141601574 0.099549550563097014 0.074175827205181136 0.46428571641445165 0.68889847397804271 0.20563075691461566 12.500000000000002 1.0000000180025095e-35 0.14392431825399402 0.13751456886529925 0.24283374845981601 0.63890933990478527 1.0000000180025095e-35
decision_type=2 2 2 2 2 2 2 2 2 2 2 2 2 2 2 2 2 2 2 2 2 2 2 2 2 2 2 2 2 2
left_child=1 -1 3 4 -3 6 7 -2 9 10 11 13 16 -4 -13 -15 17 27 -9 -14 21 22 -21 24 -22 26 -26 -11 -25 -16
right_child=5 2 8 -5 -6 -7 -8 18 -10 12 -12 14 19 15 29 -17 -18 -19 -20 20 23 -23 -24 28 25 -27 -28 -29 -30 -31
leaf_value=0.04206484404861844 -0.38088924551358527 -0.04922988501630457 -0.042668766562239446 0.0061473171271431313 0.10157736408375462 0.04584364688183732 0.050156842886847075 -0.011001817121549847 0.028181591000985884 0.082373063766572635 0.021094915978056412 0.076902102923975715 0.05458811066036489 0.043223390087642831 -0.023786597968400238 -0.066377529689636561 0.0043825038684510076 0.016357145410586169 0.050380601170118069 1.5579178446368558 -0.00064071779317416606 -0.050820268617153268 -0.050365470003077353 -0.17095904873615525 0.0024798080002810118 0.034335123907573914 -0.17038923505672143 0.22575193442491803 -0.010115359526895308 -0.00047439913421064598
leaf_weight=19.206436128006317 0.11577223031781692 60.200883050187258 26.194991938071329 29.694288085040171 0.57385847973637183 34.624353282270022 8.6255617277929559 12.540444171521811 13.309549913858062 3.2828715801006205 13.84483999002259 1.9138670847751189 3.1421236685710019 3.5813965835841364 23.053251524688676 1.1711135748773811 8.1417794207809475 4.8965161656378768 3.3027832939987993 0.031093008466995253 318.86053292395081 5.8866199909243733 0.11932355375029147 0.66619833069853374 7.5686553402338195 17.600264437263831 0.43463075859472144 0.51848941983189423 0.7558542403858155 60.995955557562411
leaf_count=4799 14 78674 14732 3261 26 15806 3507 1564 895 131 415 36 590 201 581 15 653 225 949 14 7710 947 61 31 886 2831 43 12 95 1421
internal_value=-0.000106685 -0.00332031 -0.00475769 -0.0300971 -0.0478059 0.0338508 0.0169604 -0.000981757 -0.000314743 -0.00106928 -0.00901456 -0.0125802 0.00172415 -0.0336261 -0.00500348 0.0162155 0.0298845 0.053756 0.00179437 0.000388591 -9.53258e-05 -0.0425257 0.282087 0.000645246 0.00100074 0.0214431 -0.00690811 0.101929 -0.0854669 -0.00686853
internal_weight=684.854 625.645 606.439 90.469 60.7747 59.2089 24.5846 15.959 515.97 502.66 130.755 116.911 371.905 30.9475 85.9631 4.75251 16.8397 8.69788 15.8432 355.065 351.923 6.03704 0.150417 345.886 344.464 25.6036 8.00329 3.80136 1.42205 84.0492
internal_count=141125 119285 114486 81961 78700 21840 6034 2527 32525 31630 17401 16986 14229 14948 2038 216 1021 368 2513 13208 12618 1022 75 11596 11470 3760 929 143 126 2002
is_linear=0
shrinkage=0.05


Tree=124
num_leaves=31
num_cat=0
split_feature=20 11 20 9 5 28 13 25 22 32 27 10 13 10 21 30 13 12 10 20 6 3 21 35 32 21 11 6 12 32
split_gain=26.7757 18.8986 15.0851 12.9413 11.0806 6.91872 7.65368 6.08307 7.67616 4.5216 4.38745 5.59736 6.70242 6.87352 5.82191 4.51894 4.23424 12.0092 4.50821 7.10829 4.77379 4.36968 4.19218 4.23988 4.07161 7.24307 8.57942 6.81728 14.9797 12.5056
threshold=0.89181286096572887 0.067816093564033522 0.32291667163372045 0.77798241376876842 0.73214286565780651 0.82640874385833751 1.0000000180025095e-35 0.75000000000000011 0.98029509186744701 0.79425507783889782 0.062612615525722518 0.45115855336189276 1.0000000180025095e-35 0.30068494379520422 17.500000000000004 0.35233125090599066 3.5000000000000004 0.0745370388031006 0.93788579106330883 0.51470589637756359 2.5000000000000004 1.0000000180025095e-35 3.5000000000000004 1.0000000180025095e-35 0.17333914339542392 12.500000000000002 0.48610039055347448 3.5000000000000004 1.0000000180025095e-35 0.06362339481711389
decision_type=2 2 2 2 2 2 2 2 2 2 2 2 2 2 2 2 2 2 2 2 2 2 2 2 2 2 2 2 2 2
left_child=1 2 4 5 -1 10 -7 16 -9 -4 -2 12 -12 -14 -13 -15 18 -18 21 20 -20 24 23 -22 25 27 -27 -3 29 -29
right_child=3 7 9 -5 -6 6 -8 8 -10 -11 11 14 13 15 -16 -17 17 -19 19 -21 22 -23 -24 -25 -26 26 -28 28 -30 -31
leaf_value=-0.047626096317626272 0.046044363219935353 -0.0094787657413847332 -0.0062304650418363488 0.046609354337512114 -0.0020242216438975461 -0.39828990468929493 0.050170341580759607 0.037006080362461884 -0.36592323311926722 0.077162854292374891 -0.069707767461641118 0.05221878400934047 0.020192024130872191 -0.060373086830544667 -0.24618598066504443 0.024171769756762745 0.73279941855152209 0.043758433657852258 -0.01726128943894464 0.046421166617166644 -0.0139029733860495 0.039202160238385859 -0.1016503582989276 0.022054213329348187 -0.0011757396552072217 -0.46371697190519251 -0.060387877603130448 0.050658011056136515 -0.037664321021856184 -0.48833116562010198
leaf_weight=52.232736877544085 6.6683085347758597 39.722113457130035 82.373961426026653 40.831306167296134 17.881357219128404 0.2189515505451699 0.16824741940945387 14.104714819230136 0.11920133430976498 1.6581561025232066 3.7870495871175107 6.1419367741327724 16.430533066741194 5.6460300680482751 0.16792224044911552 2.1949852569960058 0.064534400997217189 3.143341724993661 18.466314922785386 11.836515163769944 10.425825059995985 6.1619320840691207 0.79119559563696285 38.371085091144778 294.55449975520605 0.19364242511801322 0.41318253008648753 0.15204647090285961 2.6786132699344307 0.36830113013274968
leaf_count=72636 576 6173 7930 17401 2662 10 54 3730 13 85 60 1036 305 47 25 50 10 408 1084 3641 425 234 25 1300 20963 20 49 36 108 29
internal_value=-0.000107189 -0.00379951 -0.0188725 0.0266335 -0.0359961 0.00694343 -0.203423 0.00146229 0.0336294 -0.00458491 0.00892833 0.00172692 -0.0078419 0.00181093 0.0442774 -0.0367059 0.000391628 0.0576202 -4.12107e-05 0.0106593 0.00443934 -0.00252454 0.0125205 0.0143717 -0.00328506 -0.0175589 -0.189093 -0.0151337 -0.0853523 -0.330838
internal_weight=677.969 595.713 154.146 82.2553 70.1141 41.424 0.387199 441.567 14.2239 84.0321 41.0368 34.3685 28.0586 24.2715 6.30986 7.84102 427.343 3.20788 424.135 79.8909 68.0544 344.244 49.5881 48.7969 338.082 43.5279 0.606825 42.9211 3.19896 0.520348
internal_count=141125 121561 83313 19564 75298 2163 64 38248 3743 8015 2099 1523 462 402 1061 97 34505 418 34087 6475 2834 27612 1750 1725 27378 6415 69 6346 173 65
is_linear=0
shrinkage=0.05


Tree=125
num_leaves=31
num_cat=0
split_feature=29 38 36 26 38 7 5 20 10 10 19 19 10 7 7 20 6 13 10 19 13 12 10 12 4 6 10 12 9 9
split_gain=26.6839 16.6083 25.8395 22.2456 5.48413 8.84038 11.2904 6.33626 5.10478 11.6082 5.85021 11.5118 5.54087 4.8028 9.91054 7.13715 4.70656 4.57661 6.07849 6.91388 4.32508 5.70469 6.90025 5.25552 9.00979 5.10494 9.50736 7.7978 6.71436 6.5464
threshold=0.55409699678421032 1.0000000180025095e-35 1.0000000180025095e-35 0.71490147709846508 2.5000000000000004 0.86754387617111217 0.81666666269302379 0.41885964572429663 0.80901724100112926 0.88805347681045543 0.56385868787765514 0.57518798112869274 0.75582656264305126 0.48181217908859258 0.47100840508937841 0.91106721758842479 4.5000000000000009 2.5000000000000004 0.6838774085044862 0.43874999880790716 1.0000000180025095e-35 0.23606811463832858 0.87138131260871898 0.21132376790046695 0.074175827205181136 2.5000000000000004 0.90054944157600414 1.0000000180025095e-35 0.86108192801475536 0.98100039362907421
decision_type=2 2 2 2 2 2 2 2 2 2 2 2 2 2 2 2 2 2 2 2 2 2 2 2 2 2 2 2 2 2
left_child=1 -1 3 16 17 -6 8 -8 12 10 -10 -12 -7 14 15 -2 -3 20 19 -19 21 -4 -23 24 -22 26 27 -26 -27 -30
right_child=13 2 4 -5 5 6 7 -9 9 -11 11 -13 -14 -15 -16 -17 -18 18 -20 -21 23 22 -24 -25 25 28 -28 -29 29 -31
leaf_value=0.042424180658956111 -0.38033571520289011 -0.049034315133402048 0.0068875553818192317 0.0059797594938533699 0.048685446165191215 -0.041216696816189571 0.0072467144429454421 0.043584431345648086 -0.069284048723449301 -0.0090159712308299014 -0.46712133050064963 -0.10553517370338397 0.070272404826610221 0.05022049890938976 -0.62521448064409313 0.050151253623818053 0.093082141246732586 -0.031246357223168455 0.060975695813405784 0.022423642691725056 0.018633159407539873 -0.021102166613470565 0.055544283902115271 -0.0026470802819976423 0.0033613823797117824 0.027565043161356356 -0.13657275950277523 -0.051754859257563825 -0.041039619816994527 0.016236538460901298
leaf_weight=20.186701159575023 0.11433529481292026 55.756379188402207 130.73543210042408 29.608034379140008 12.882615408394484 1.9930046322988371 79.61891417868901 14.124850939027963 5.1976797058014226 11.926944583188741 0.28819286637008168 0.93190608569420874 2.5280340146273375 28.226568324607797 0.074023419176228344 0.60977315634954721 0.58872995607089151 8.7982820017496142 5.9730492698727167 18.871505797491409 13.089685573766472 36.023866083996836 3.1970419549616045 126.46740483416943 9.6283528478816205 7.7442251893808125 2.4187376733170813 19.242400567338336 18.538576521503277 6.825566266430541
leaf_count=5448 2 78674 8071 3261 2187 44 1841 3787 118 692 19 106 80 14270 26 240 26 1770 329 620 1023 2505 197 9184 962 441 93 4309 533 267
internal_value=-9.4632e-05 -0.00221084 -0.00365712 -0.0291104 0.000416618 0.00938035 0.00503806 0.0127219 -0.0264637 -0.0381919 -0.092413 -0.190943 0.0211248 0.0468004 -0.0741549 -0.0178218 -0.0475494 -0.00243143 0.0152325 0.00535796 -0.00402075 0.00187015 -0.0148544 -0.00892965 -0.0191834 -0.0268701 -0.0413512 -0.0333737 -0.0131847 -0.0256264
internal_weight=672.211 643.186 622.999 85.9531 537.046 129.492 116.61 93.7438 22.8658 18.3447 6.41778 1.2201 4.52104 29.0247 0.798132 0.724108 56.3451 407.554 33.6428 27.6698 373.911 169.956 39.2209 203.955 77.4875 64.3979 31.2895 28.8708 33.1084 25.3641
internal_count=141125 126587 121139 81961 39178 8874 6687 5628 1059 935 243 125 124 14538 268 242 78700 30304 2719 2390 27585 10773 2702 16812 7628 6605 5364 5271 1241 800
is_linear=0
shrinkage=0.05


Tree=126
num_leaves=31
num_cat=0
split_feature=29 38 36 22 38 8 25 30 32 29 13 7 7 20 13 12 22 6 10 12 11 7 29 19 10 7 7 10 12 28
split_gain=25.2815 15.5221 24.1534 17.5856 5.01248 8.79868 4.68707 5.85425 7.42014 4.64075 4.61893 4.33648 10.749 5.09453 4.1675 5.0057 4.14488 4.76183 4.05969 3.83915 4.33519 5.10809 3.52041 10.4134 3.37706 3.47123 4.38189 3.45178 3.28768 5.69505
threshold=0.55409699678421032 1.0000000180025095e-35 1.0000000180025095e-35 0.08856209367513658 2.5000000000000004 0.95553359389305126 1.0000000180025095e-35 0.95465916395187389 0.040412429720163352 0.039886362850666053 1.0000000180025095e-35 0.48181217908859258 0.47673159837722784 0.91106721758842479 3.5000000000000004 0.0745370388031006 0.20280062407255176 4.5000000000000009 0.84273937344551098 0.19098278135061267 0.040833333507180221 0.40192307531833654 0.28708791732788091 0.56385868787765514 0.27334994077682501 0.22886905074119571 0.24417344480752948 0.63944444060325634 0.64365079998970043 0.56061241030693065
decision_type=2 2 2 2 2 2 2 2 2 2 2 2 2 2 2 2 2 2 2 2 2 2 2 2 2 2 2 2 2 2
left_child=1 -1 3 18 14 -6 7 -7 -9 -5 -10 12 13 -2 28 -16 -11 -18 19 -3 -21 24 23 -8 -22 -26 -27 -28 -4 -30
right_child=11 2 4 9 5 6 22 8 10 16 -12 -13 -14 -15 15 -17 17 -19 -20 20 21 -23 -24 -25 25 26 27 -29 29 -31
leaf_value=0.041853804863557893 -0.27337468753649835 -0.031034578978605506 -0.0024607819058148142 -0.049284114676465075 0.048007581333084019 0.0012770483815848865 0.015917952728764329 0.052260276285229473 -0.25837855410369992 0.043492605139071168 -0.052315985809695598 0.050211343417444293 -0.6522951600576139 0.050155265225953094 0.33787658558628642 0.022600106338247525 -0.046316887249422643 0.11580868813399306 0.032556721562755742 -0.050467669425343545 0.24749087179061099 0.17807307240095738 0.050224090568008875 -0.28226202322038219 -0.054564160474523886 0.20295509247089649 0.094641241361073006 -0.021619108534230186 -0.045074147132040145 0.058554511887225526
leaf_weight=19.457325564522762 0.14990866463631647 8.7278921625693346 382.67583825153997 50.082218650481082 13.004314178950152 90.337125996884424 14.406755956239067 0.57888818101491679 0.6247068755328653 2.5885230255662446 0.48159216379281133 26.854714566841722 0.07112957420758903 0.64614810817874968 0.12715882970951398 12.70469631574815 5.3314735576859675 0.49495540361385781 9.4010921345325169 1.6905778658110637 0.16241104842629273 0.60675534175243218 8.5367368732113373 0.29887644760310728 1.2643624105839988 0.3792050936026502 1.0159888748312371 1.7180524458526631 9.3269012945238483 1.5454878378659476
leaf_count=5448 2 1144 28484 77062 2244 1944 1141 85 15 239 49 14270 12 254 11 909 1511 6 115 1520 4 11 3358 38 214 23 90 22 835 65
internal_value=-8.54449e-05 -0.00211786 -0.00350203 -0.0285177 0.000403133 0.00902036 0.00462177 -0.000445415 -0.0927808 -0.0435114 -0.168676 0.0466577 -0.06339 -0.01077 -0.00231679 0.0257244 -0.0091546 -0.0325443 0.00661327 -0.00905604 0.0189996 0.0418177 0.024684 0.00985776 0.0236078 0.0153016 0.0436757 0.0215841 -0.00323109 -0.0303435
internal_weight=665.292 637.57 618.113 83.4635 534.649 128.269 115.265 92.0223 1.68519 58.4972 1.1063 27.7219 0.867186 0.796057 406.38 12.8319 8.41495 5.82643 24.9663 15.5652 6.83735 5.14678 23.2424 14.7056 4.54002 4.37761 3.11325 2.73404 393.548 10.8724
internal_count=141125 126587 121139 81961 39178 8874 6630 2093 149 78818 64 14538 268 256 30304 920 1756 1517 3143 3028 1884 364 4537 1179 353 349 135 112 29384 900
is_linear=0
shrinkage=0.05


Tree=127
num_leaves=31
num_cat=0
split_feature=29 38 36 26 28 25 26 32 32 6 7 7 22 22 21 8 19 28 11 9 10 33 19 26 19 7 29 7 28 28
split_gain=23.9552 14.4973 22.6843 20.7937 4.67691 9.8737 8.65032 4.94122 4.79528 4.08321 3.96811 6.40881 3.88105 9.12329 5.47031 5.0086 3.86981 3.83493 3.80137 4.68344 3.66691 3.64421 3.48709 3.40661 5.14489 4.32955 3.76697 4.15844 3.83104 4.4027
threshold=0.55409699678421032 1.0000000180025095e-35 1.0000000180025095e-35 0.71490147709846508 0.60127702355384838 0.75000000000000011 0.059072781354188926 0.03603861294686795 0.016376787796616558 4.5000000000000009 0.48181217908859258 0.47871376574039465 0.96110200881958019 0.90392306447029125 9.5000000000000018 0.53752347826957714 0.82971012592315685 0.75787413120269786 0.81016731262207042 0.92462962865829479 0.27334994077682501 1.0000000180025095e-35 0.66025641560554515 0.51321610808372509 0.087595909833908095 0.56594201922416698 0.18414442986249926 0.59317129850387584 0.74958744645118724 0.72811779379844677
decision_type=2 2 2 2 2 2 2 2 2 2 2 2 2 2 2 2 2 2 2 2 2 2 2 2 2 2 2 2 2 2
left_child=1 21 3 9 -4 6 12 8 -8 -3 11 16 13 17 18 -16 -2 -6 19 -15 -7 -1 -19 25 -25 -9 27 -27 29 -28
right_child=10 2 4 -5 5 20 7 23 -10 -11 -12 -13 -14 14 15 -17 -18 22 -20 -21 -22 -23 -24 24 -26 26 28 -29 -30 -31
leaf_value=-0.054836035644167495 -0.21092305658014199 -0.048712451568764276 -0.0019543220919831126 0.0055730785667182205 -0.025730799195898137 -0.082683786678529866 0.030440417895772481 0.03846969596368971 -0.079929377921348299 0.082957817013813287 0.050202518268250666 -0.42160758878016691 0.011540243961459369 -0.063582525693203565 -0.39131853028685992 -0.124397442398061 0.050156843632787801 0.062601345478968826 -0.12244973050578477 0.054425929280125955 0.046128017412188665 0.046312650862560735 -0.01624215353232443 0.20328847886879398 0.03977561855745107 -0.13117522867394005 0.013508741943366452 -0.010344944176852888 0.040868383378160726 -0.061835237629122332
leaf_weight=0.93728799372911709 0.18255934095941739 50.869293237803504 426.77303652098635 29.308683803712483 10.564956623478801 0.56944885128177958 1.5877217941451807 13.046828289923722 2.5887199402786791 0.59569354145787556 25.549372694804333 0.1056953496299684 8.0486677786102501 3.3097273147432125 0.22368987719528355 0.82001494057476521 0.6377858369378373 2.9698053812608114 1.6523444803897289 1.1270883376710115 18.557669305242598 17.830309044162277 2.6571615688735619 0.52978522423654695 5.2322784548159689 0.76071127568138663 9.6144615139346588 11.134668862447141 9.430644490872508 2.4287265074672169
leaf_count=12 4 78674 26438 3261 676 10 101 696 140 26 14270 8 631 63 8 77 256 262 107 60 4970 5436 388 20 484 19 926 925 1986 191
internal_value=-7.92508e-05 -0.00202764 -0.00334995 -0.0280439 0.000387906 0.00974263 0.00264574 0.0143605 -0.037971 -0.0471884 0.0465173 -0.0551581 -0.0183969 -0.0287273 -0.0758417 -0.181605 -0.00794379 -0.00797243 -0.0577136 -0.0336047 0.0422931 0.0412611 0.0253699 0.0185492 0.0548096 0.0140479 0.00449934 -0.0180721 0.0170027 -0.00168573
internal_weight=659.645 633.169 614.402 80.7737 533.628 106.855 87.728 56.3545 4.17644 51.465 26.4754 0.926041 31.3735 23.3248 7.13286 1.0437 0.820345 16.1919 6.08916 4.43682 19.1271 18.7676 5.62697 52.1781 5.76206 46.416 33.3692 11.8954 21.4738 12.0432
internal_count=141125 126587 121139 81961 39178 12740 7760 5488 241 78700 14538 268 2272 1641 315 85 260 1326 230 123 4980 5448 650 5247 504 4743 4047 944 3103 1117
is_linear=0
shrinkage=0.05


Tree=128
num_leaves=31
num_cat=0
split_feature=29 38 36 26 23 8 38 26 22 11 11 26 11 8 8 32 4 13 11 32 32 6 5 10 11 35 10 10 4 6
split_gain=22.6871 13.6374 21.1825 20.0712 4.57794 7.35002 4.16398 3.99708 5.6678 4.9857 5.70748 4.86524 5.47399 6.55581 5.99013 4.82234 4.59021 4.99422 9.44055 4.16528 5.16891 3.99757 7.86664 5.07117 7.52974 5.76837 4.4849 4.38847 3.89084 3.8022
threshold=0.55409699678421032 1.0000000180025095e-35 1.0000000180025095e-35 0.71490147709846508 1.0000000180025095e-35 0.8019607961177827 2.5000000000000004 0.17083594202995303 0.51449581980705272 0.58898946642875682 0.65301004052162182 0.55230990052223217 0.57793521881103527 0.91366460919380199 0.86754387617111217 0.59167373180389415 0.94444444775581371 1.0000000180025095e-35 0.29217478632926946 0.029418526217341427 0.016376787796616558 2.5000000000000004 0.77500000596046459 0.85880398750305187 0.70479303598403942 1.0000000180025095e-35 0.92907443642616283 0.92403846979141246 0.44949495792388922 4.5000000000000009
decision_type=2 2 2 2 2 2 2 2 2 2 2 2 2 2 2 2 2 2 2 2 2 2 2 2 2 2 2 2 2 2
left_child=1 -1 3 29 7 6 -6 -4 9 11 -11 -9 14 -14 15 -13 17 -17 -19 20 -10 23 26 24 -12 -25 27 -23 -26 -3
right_child=-2 2 4 -5 5 -7 -8 8 19 10 21 12 13 -15 -16 16 -18 18 -20 -21 -22 22 -24 25 28 -27 -28 -29 -30 -31
leaf_value=0.041007920483769479 0.046376563310676445 -0.048514470059273104 -0.011909796558716436 0.005288721040938007 0.0011992279902321781 0.037798519557817399 0.04874512200682439 -0.030649779142230174 0.039783917680987567 0.029234464499689219 -0.035602296447406534 0.0040523283699323122 -0.0021082943212213522 -0.13352011842469039 0.03530161855982504 0.00039102025970149572 0.04974348947974172 -0.0054991577773761272 -0.065525193086375791 0.032040281869122327 -0.11831003217144459 -0.021177910847403263 0.016482603121633101 -0.059083233183521794 -0.038089225079120853 -0.010570962344350024 0.026481768137637137 -0.098421998584297121 0.022973902959677127 0.077766554743127159
leaf_weight=17.959685252455529 25.276165488176048 48.580943084365572 82.470694908930454 29.339480641181581 90.645034585264511 18.824546034447849 4.8513857990037641 21.297142245282885 0.99365323665552141 19.957044421171304 8.7447507886681688 52.567268446087837 2.0350467279786235 1.7784854471683504 9.5734114865772408 15.377085387473924 2.3400137498974791 13.103863775264474 13.097154836403204 19.802903292060364 1.0778562593040986 13.529799835640008 66.714745529578067 7.7141095917904741 2.8857103832415332 29.794263794901781 4.205322361434809 2.1279460492078206 27.176248042669613 0.60347650770563532
leaf_count=5448 14538 78674 9927 3261 4119 6345 1377 5930 23 380 155 5284 41 9 64 721 17 936 201 1123 29 152 1273 116 103 492 64 22 275 26
internal_value=-6.96674e-05 -0.00193559 -0.00319744 -0.0274411 0.000376349 0.0092435 0.00361464 -0.00204666 0.000374998 -0.00133922 0.00399688 -0.00877773 -0.00453816 -0.0633937 -0.0024219 -0.00616488 -0.0183942 -0.022229 -0.0355045 0.0249836 -0.0424762 0.000904863 0.00825878 -0.007438 0.00523355 -0.0205482 -0.0193628 -0.0316757 0.0171123 -0.046965
internal_weight=654.445 629.169 611.209 78.5239 532.685 114.321 95.4964 418.365 335.894 314.019 182.85 131.169 109.872 3.81353 106.059 96.4854 43.9181 41.5781 26.201 21.8744 2.07151 162.893 86.5778 76.3151 38.8067 37.5084 19.8631 15.6577 30.062 49.1844
internal_count=141125 126587 121139 81961 39178 11841 5496 27337 17410 16235 3032 13203 7273 50 7223 7159 1875 1858 1137 1175 52 2652 1511 1141 533 608 238 174 378 78700
is_linear=0
shrinkage=0.05


Tree=129
num_leaves=31
num_cat=0
split_feature=29 20 26 29 25 9 22 36 21 19 26 21 26 5 10 22 26 13 27 26 20 20 21 5 11 30 23 26 6 19
split_gain=21.4529 10.0426 37.316 8.03223 7.78325 7.16636 6.65178 5.68027 6.4161 8.90436 5.47551 5.4328 5.25744 4.9915 5.37633 4.66519 4.28416 4.05588 3.9921 4.37047 7.0585 3.90945 4.85526 5.00641 6.22647 3.93221 3.68973 3.75963 5.25738 4.94984
threshold=0.55409699678421032 0.38675214350223547 0.53957813978195202 0.11167800426483156 1.0000000180025095e-35 0.96495935320854198 0.70396453142166149 1.0000000180025095e-35 3.5000000000000004 0.43303571641445165 0.18616051226854327 5.5000000000000009 0.027650357224047187 0.35416667163372045 0.2362911254167557 0.60428115725517284 0.22749775648117068 5.5000000000000009 0.20911275595426562 0.57912886142730724 0.19375000149011615 0.60769233107566845 3.5000000000000004 0.81666666269302379 0.8169856369495393 0.1290317848324776 1.5000000000000002 0.6006993055343629 1.5000000000000002 0.35857143998146063
decision_type=2 2 2 2 2 2 2 2 2 2 2 2 2 2 2 2 2 2 2 2 2 2 2 2 2 2 2 2 2 2
left_child=1 2 3 -1 6 7 16 -6 12 11 21 26 -9 14 15 -14 -3 -11 -4 20 -20 25 -23 24 -24 -8 27 29 -29 -10
right_child=-2 4 18 -5 5 -7 10 8 9 17 -12 -13 13 -15 -16 -17 -18 -19 19 -21 -22 22 23 -25 -26 -27 -28 28 -30 -31
leaf_value=-0.047819772236433904 0.046179872380618103 -0.051105074507978965 -0.00024651461042803812 0.0131159972160707 0.037965294665291312 0.032754766501110408 0.28806863947724343 -0.069249297260262868 -0.041680407153724126 0.0049469808992749021 0.07879580042214461 -0.054790250824598923 -0.051756296410876639 0.034823354969059778 -0.031697954443505885 0.13277510365591283 -0.0072443266898790095 0.069891517351016022 0.42189206941617868 0.028500184543117819 0.012083363619503761 -0.1863493717168091 -0.012318242233426051 0.03423043151321755 -0.11310834697104477 0.025821268098187529 0.065744051381497429 0.079614614653155447 -0.017494522870115128 0.01008051511737626
leaf_weight=57.523927920308779 24.143289823667146 12.911690754292069 292.87955264461925 5.9691036744043222 12.983585068490354 29.110257535940036 0.14630510658026352 1.5268543023848895 14.414044859004216 93.607609230675735 2.2538330061361185 9.4687893080408667 0.50896473904140194 29.292082886211574 6.0970038903760724 1.0472553407307712 9.7878648119512928 2.4673972001764914 0.21138041565427457 1.0943153437110593 0.20892494620056823 0.39631727326195942 13.30956674204208 4.9090290440944946 1.7316720001399524 6.215227164211683 1.4815516110975284 2.2744988731574258 3.5994021052028984 6.7966863791225469
leaf_count=85826 14538 1463 15660 76 4419 6955 3 78 980 6093 168 499 148 832 753 17 717 70 33 43 18 27 590 446 50 252 37 43 82 209
internal_value=-6.61209e-05 -0.00185479 -0.00732576 -0.0420911 0.00549676 0.00968977 -0.011927 0.00607149 0.00367208 -0.0014915 0.00395661 -0.0219679 0.0216718 0.0254293 -0.0105257 0.0724238 -0.0321927 0.00661489 0.000172195 0.0811374 0.218185 -0.00235888 -0.0130554 -0.00961285 -0.023922 0.0318525 -0.0110884 -0.0152912 0.0201082 -0.0250943
internal_weight=648.368 624.225 357.887 63.493 266.337 214.676 51.6615 185.566 172.582 134.11 28.962 38.035 38.4722 36.9453 7.65322 1.55622 22.6996 96.075 294.394 1.51462 0.420305 26.7081 20.3466 19.9503 15.0412 6.36153 28.5662 27.0846 5.8739 21.2107
internal_count=141125 126587 101656 85902 24931 21215 3716 14260 9841 8013 1536 1850 1828 1750 918 165 2180 6163 15754 94 51 1368 1113 1086 640 255 1351 1314 125 1189
is_linear=0
shrinkage=0.05


Tree=130
num_leaves=31
num_cat=0
split_feature=29 38 36 26 20 9 11 9 7 8 10 19 8 25 27 12 10 26 12 7 20 4 7 12 9 29 27 27 26 20
split_gain=20.2857 12.3752 18.6101 18.9922 4.18054 8.38472 4.81576 7.69872 7.08375 7.51848 6.82978 6.36423 6.01831 5.74779 4.54743 4.94626 4.42065 4.28168 4.40727 4.04955 4.0409 3.89506 3.86104 3.71744 4.02909 3.70159 3.60699 4.73862 5.99666 3.49509
threshold=0.55409699678421032 1.0000000180025095e-35 1.0000000180025095e-35 0.71490147709846508 0.94868421554565441 0.62626725435256969 0.10102041065692903 0.66692674160003673 0.73431372642517101 0.71611723303794872 0.77459675073623668 0.87228259444236766 0.61986863613128673 1.0000000180025095e-35 0.062612615525722518 0.26568628847599035 0.82426470518112194 0.017316341400146488 0.18301435559988025 0.48181217908859258 0.59166666865348827 0.73214286565780651 0.47871376574039465 0.56562754511833202 0.54537194967269909 0.12552521377801898 0.16791324317455295 0.13393398374319079 0.23831367492675784 0.91106721758842479
decision_type=2 2 2 2 2 2 2 2 2 2 2 2 2 2 2 2 2 2 2 2 2 2 2 2 2 2 2 2 2 2
left_child=1 -1 3 25 6 14 8 -8 9 10 11 13 21 -4 -6 -16 -10 -11 -19 22 -15 -12 29 26 -25 -3 27 -22 -29 -2
right_child=19 2 4 -5 5 -7 7 -9 16 17 12 -13 -14 20 15 -17 -18 18 -20 -21 23 -23 -24 24 -26 -27 -28 28 -30 -31
leaf_value=0.040407527988785275 -0.19805244747399772 -0.049504504992222066 -0.039957222974473551 0.0049772673344017663 0.049605265882645466 0.04747483770928479 0.073443773558389755 0.00095015061161359297 0.058882631588137141 -0.152461711091014 0.069396670242516514 -0.39136893428491559 -0.014380669116589856 -0.034950118114466987 -0.039805016592198206 0.0071632173321099293 0.0013912220779810913 -0.057459636723826493 0.0079650855513081122 0.050179146411822563 0.0088118776810715439 -0.060356309959576832 -0.29575919492510572 -0.049240451084116663 0.050335935344234653 0.025071422908884908 -0.016821257754225782 0.0092528170307427052 0.13506685674877794 0.050136020021138254
leaf_weight=16.908896526205353 0.19012005999684589 43.52897901115648 16.975010379508603 29.369147302466445 4.0787429832853404 13.743928935495203 3.6987188662169492 372.36470192496199 5.2434687565546474 0.92265410436084394 6.0561771919019503 0.11242070142179628 5.2814889962901361 9.8248986665275861 8.0517195872962493 18.449704451253638 9.2283738467376661 10.360948916815685 3.4250307598267673 22.172696982743219 18.706344246515076 0.63945879391394544 0.14378134813159704 5.8547756152693173 1.2291277428157625 1.7300483031431202 10.101520937052554 1.9580859970301383 1.8343110915739087 0.5587331191636622
leaf_count=5448 2 78673 9151 3261 73 4297 173 16348 141 57 306 4 298 5245 79 274 447 1230 102 14270 528 18 8 140 34 27 176 33 24 258
internal_value=-6.59707e-05 -0.0017797 -0.00296314 -0.0263349 0.000339374 0.0150365 -0.00100708 0.00166315 -0.0103262 -0.0153757 -0.00923407 -0.0154856 0.0255263 -0.01485 0.000457406 -0.00710677 0.0222216 -0.0481843 -0.0412053 0.0459755 -0.00624156 0.0570048 -0.0584402 0.00086603 -0.031963 -0.0466538 0.00799963 0.0191438 0.0701067 -0.0128745
internal_weight=642.744 619.679 602.77 74.6282 528.142 44.3241 483.818 376.063 107.754 93.2823 78.5736 66.5965 11.9771 66.4841 30.5802 26.5014 14.4718 14.7086 13.786 23.0653 49.5091 6.69564 0.892635 39.6842 7.0839 45.259 32.6003 22.4987 3.7924 0.748853
internal_count=141125 126587 121139 81961 39178 4723 34455 16521 17934 17346 15957 15335 622 15331 426 353 588 1389 1332 14538 6180 324 268 935 174 78700 761 585 57 260
is_linear=0
shrinkage=0.05


Tree=131
num_leaves=31
num_cat=0
split_feature=29 38 36 26 23 9 6 33 26 22 26 29 28 32 32 22 23 10 8 9 10 6 19 32 19 22 10 4 25 29
split_gain=19.2133 11.5459 17.3389 18.3222 3.91649 7.35998 3.58765 3.48648 3.34342 5.00043 3.88624 4.79032 4.74525 3.76686 4.47107 3.6681 3.3226 3.27028 3.65505 5.82219 3.24701 3.13633 3.06114 3.0161 5.65412 2.98331 2.87274 2.58788 2.57466 6.49104
threshold=0.55409699678421032 1.0000000180025095e-35 1.0000000180025095e-35 0.71490147709846508 1.0000000180025095e-35 0.91583123803138744 4.5000000000000009 1.0000000180025095e-35 0.17083594202995303 0.51449581980705272 0.51321610808372509 0.20084033906459811 0.60127702355384838 0.029418526217341427 0.014747800305485727 0.60428115725517284 3.5000000000000004 0.84273937344551098 0.77951389551162731 0.90381237864494335 0.74464204907417308 4.5000000000000009 0.087595909833908095 0.28889925777912145 0.21132376790046695 0.13965991884469989 0.27334994077682501 0.58571431040763866 1.0000000180025095e-35 0.35634921491146093
decision_type=2 2 2 2 2 2 2 2 2 2 2 2 2 2 2 2 2 2 2 2 2 2 2 2 2 2 2 2 2 2
left_child=1 7 3 6 8 16 -3 -1 15 10 11 23 21 14 -11 28 25 18 19 26 -2 -12 -14 -10 -25 -6 -5 -26 29 -4
right_child=20 2 4 17 5 -7 -8 -9 9 13 12 -13 22 -15 -16 -17 -18 -19 -20 -21 -22 -23 -24 24 27 -27 -28 -29 -30 -31
leaf_value=-0.054735088534703429 -0.038857153693285004 -0.048145948940724076 -0.041420489920652226 0.17842155847629437 0.1319466986921449 0.033798625188253897 0.074729354405723494 0.045411479870085349 -0.047150703092649141 0.053095865551088861 -0.0010078635143937718 0.026195520669163593 0.15243510800596036 0.03050551429067937 -0.097046269014076036 -0.0015966148124664428 0.082850810492436866 0.025887322552032084 -0.044124042138549487 0.10251676090808642 0.050175172884308783 0.03867118488669366 0.034744535620488584 -0.040789096024929167 0.038893394462172437 0.00028005813840854821 -0.0092275779106438111 -0.032159846106266821 -0.015113018846015689 -0.4463176930158757
leaf_weight=0.92098901420831758 1.0767032741569007 42.650937375015928 9.0735672187292913 0.20767351577524706 0.43235376023221661 23.055406832252629 0.6024381066672494 15.416282449674327 10.758587855874799 0.80026147875469478 271.56014482537284 5.072502819239161 0.64846576564013858 19.407872432144359 1.303498600493185 45.508017245214432 1.2555312265176315 11.261172766797243 5.136930421984288 1.3869580519385625 20.948053823551163 5.0731477104127398 3.7338339618872851 8.0455982475832553 5.1132439834764218 87.044485278311186 11.404251232161185 1.7100751893594859 26.559311015473213 0.10007572011090893
leaf_count=12 432 78674 4125 16 51 7843 26 5436 3533 21 8942 245 20 1123 31 1946 73 129 66 19 14106 89 151 2907 329 3874 3031 19 3852 4
internal_value=-6.2975e-05 -0.00170561 -0.00283689 -0.025734 0.000324085 0.00862964 -0.0464345 0.0397659 -0.00191604 0.00030133 -0.00130769 -0.0181985 0.00053758 0.0236169 -0.0399328 -0.011011 0.00208996 0.00472381 -0.00841737 0.00569328 0.0458227 -0.000280194 0.0521597 -0.0269855 -0.0123948 0.00093082 -0.00587157 0.0210859 -0.0230009 -0.0458375
internal_weight=637.268 615.244 598.906 72.6504 526.256 111.788 43.2534 16.3373 414.468 333.227 311.716 30.7 281.016 21.5116 2.10376 81.241 88.7324 29.397 18.1358 12.9989 22.0248 276.633 4.3823 25.6275 14.8689 87.4768 11.6119 6.82332 35.733 9.17364
internal_count=141125 126587 121139 81961 39178 11841 78700 5448 27337 17410 16235 7033 9202 1175 52 9927 3998 3261 3132 3066 14538 9031 171 6788 3255 3925 3047 348 7981 4129
is_linear=0
shrinkage=0.05


Tree=132
num_leaves=31
num_cat=0
split_feature=29 38 36 26 20 9 13 30 26 27 8 8 7 29 29 32 26 19 21 19 32 32 28 21 5 28 8 27 21 20
split_gain=18.1731 10.8625 16.1733 17.6066 3.75307 7.96921 7.92305 4.8077 4.29743 5.7013 3.9948 4.1485 3.74319 3.68507 3.55438 4.37402 3.5805 6.53687 4.73403 6.17034 4.11361 6.58148 3.97631 4.10597 3.92157 7.08025 5.62999 4.02636 3.56989 6.06765
threshold=0.55409699678421032 1.0000000180025095e-35 1.0000000180025095e-35 0.71490147709846508 0.94868421554565441 0.62626725435256969 1.0000000180025095e-35 0.19512154906988147 0.017316341400146488 1.0000000180025095e-35 0.14434523880481723 0.16823899745941165 0.48181217908859258 0.12552521377801898 0.18414442986249926 0.032168369740247733 0.51321610808372509 0.12060606107115747 4.5000000000000009 0.48913043737411505 0.78677597641944896 0.66682392358779918 0.60127702355384838 4.5000000000000009 0.6904762089252473 0.52182745933532726 0.5617378056049348 0.29547585546970373 4.5000000000000009 0.51470589637756359
decision_type=2 2 2 2 2 2 2 2 2 2 2 2 2 2 2 2 2 2 2 2 2 2 2 2 2 2 2 2 2 2
left_child=1 -1 3 13 8 6 -6 -8 9 -4 -9 -12 -2 -3 16 -16 17 -10 24 -20 21 -21 23 -18 25 -19 27 -26 -17 -30
right_child=12 2 4 -5 5 -7 7 10 14 -11 11 -13 -14 -15 15 28 22 18 19 20 -22 -23 -24 -25 26 -27 -28 -29 29 -31
leaf_value=0.039489775702549891 -0.052334192084075908 -0.049280197751833794 0.26912427483644985 0.0044982040230100318 -0.067866109032709399 0.04722936198231114 0.045935704145698905 -0.036802367458420186 -0.050190160037352875 -0.023337895821128055 0.072520060596210509 -0.00023424744323321891 0.050164237149795614 0.02536092267285886 -0.030929321294321872 0.025833048015132021 -0.00025771099690922338 -0.0054388165542684254 -0.042675698043934257 0.010469741217782132 0.08852039670078217 -0.067581658534897046 0.049834488428820614 0.053238822602985916 0.0055332576574741547 0.03892190133048757 -0.02967577158983899 0.10605650732457793 -0.29331995915437048 0.0036026262473849674
leaf_weight=15.646308284136465 0.93201120023150252 39.652475978029543 0.16778491367586212 29.280849028029479 3.7283740942366448 12.95931854622904 6.8860832920763668 5.9575308132916716 9.1132060523086675 24.381994055554969 2.3612747620791188 11.511292642680926 20.111409683595411 1.7255548367975269 5.7806473423261187 32.945909698028117 279.41067687998293 22.193563458422432 16.425784840539563 12.37135712313466 1.2253978801891197 3.455181189114227 4.1320345255080602 3.633420991303864 4.3590853528585312 15.124656508036422 15.744473561178891 1.2912049535661934 0.17307902406901376 29.158541911747307
leaf_count=5448 268 78673 10 3261 56 4297 101 56 9135 1707 23 190 14270 27 415 3343 9156 3991 1090 348 14 36 194 79 129 738 262 9 3 3796
internal_value=-6.01745e-05 -0.00163412 -0.00271526 -0.0251718 0.000310055 0.0143913 0.000413174 0.00994188 -0.00096036 -0.0213391 -0.00255712 0.0121494 0.0456246 -0.0461675 0.00013548 0.0106759 -0.0017111 -0.0097931 -0.00579978 -0.0208046 0.000263357 -0.0065701 0.00113989 0.000429021 0.00275586 0.0125401 -0.0143105 0.0285048 0.0145377 0.00185056
internal_weight=631.84 610.797 595.151 70.6589 524.492 43.4039 30.4446 26.7162 481.088 24.5498 19.8301 13.8726 21.0434 41.378 456.538 68.0582 388.48 101.304 92.1907 33.4777 17.0519 15.8265 287.176 283.044 58.713 37.3182 21.3948 5.65029 62.2775 29.3316
internal_count=141125 126587 121139 81961 39178 4723 426 370 34455 1717 269 213 14538 78700 32738 7557 25181 15752 6617 1488 398 384 9429 9235 5129 4729 400 138 7142 3799
is_linear=0
shrinkage=0.05


Tree=133
num_leaves=31
num_cat=0
split_feature=29 38 36 22 29 38 8 4 10 10 13 10 28 20 22 6 13 11 7 9 8 4 21 8 28 11 10 8 11 8
split_gain=17.1895 10.1262 15.0476 13.6668 5.22113 3.69179 8.02916 4.45283 5.4603 5.04225 3.77644 5.45307 4.44385 3.88024 3.61211 3.58308 3.577 7.99647 12.7807 8.12076 6.3012 12.1177 6.04209 3.96945 7.74869 4.24042 4.7532 4.1455 3.95001 8.00127
threshold=0.55409699678421032 1.0000000180025095e-35 1.0000000180025095e-35 0.08856209367513658 0.039886362850666053 2.5000000000000004 0.95553359389305126 0.64583334326744091 0.77836257219314586 0.7320508360862733 2.5000000000000004 0.67962265014648449 0.28740146756172186 0.70714285969734203 0.21222499012947085 4.5000000000000009 1.0000000180025095e-35 0.059714796021580703 0.77913278341293346 0.84242907166481029 0.55086207389831554 0.41428571939468389 8.5000000000000018 0.54226192831993114 0.34312309324741369 0.2524509876966477 0.61620295047760021 0.42740046977996832 0.88730159401893627 0.73431372642517101
decision_type=2 2 2 2 2 2 2 2 2 2 2 2 2 2 2 2 2 2 2 2 2 2 2 2 2 2 2 2 2 2
left_child=1 -1 3 -3 -5 10 -7 8 9 -8 16 13 -13 -12 -6 -16 17 18 20 23 21 22 -4 25 -25 -19 27 -27 29 -21
right_child=-2 2 5 4 14 6 7 -9 -10 -11 11 12 -14 -15 15 -17 -18 19 -20 28 -22 -23 -24 24 -26 26 -28 -29 -30 -31
leaf_value=0.038822724931365842 0.045424737092799435 0.0053213284840667287 -0.042486025573926993 -0.048887126706113511 0.043667973958249305 0.04750630929937532 -0.0030816639543760219 0.0095926020952132769 -0.02856303509261417 0.081216624291114703 -0.025344882347802796 -0.063666016150065272 0.073538638857917324 0.016902586109927821 -0.043704078169292115 0.098089642893150031 -0.0080101785084465121 0.082028015587800068 0.074309456430917117 -0.0030429214242388945 -0.051476281553842408 0.058169342839121008 0.070062929442929786 0.3038637082647726 0.06129740388126196 -0.05367609582755687 -0.047592231615830816 0.066600561024442312 -0.01781290551997208 0.026407995851868926
leaf_weight=15.132538736506829 20.107648962060921 24.591005113587016 12.876949291588973 36.830474317481276 2.6644800992216906 11.563873571110888 7.2019962634076382 83.581072694156319 19.226588465855457 2.3535954835824668 7.6512811427237493 0.66572062682825972 5.1987460381351411 18.762957066763192 4.2877673724142369 0.49719862348865707 199.45162696021725 3.1491971675422956 3.3914374033920458 62.920895193179604 15.204287688655311 5.0429868740611701 1.3141570677980769 0.4150284497882234 1.592712595418561 0.90191585960565124 2.2455865283845924 3.4828405223670416 17.820849934651051 36.406045234762132
leaf_count=5448 14538 3143 2750 77062 289 2244 245 5259 994 132 1757 19 328 615 1461 6 16812 136 127 2208 2038 291 26 19 95 83 92 156 745 2007
internal_value=-5.70434e-05 -0.00156511 -0.00259873 -0.024567 -0.0411655 0.000297344 0.00783448 0.00375165 -0.01321 0.0176815 -0.00204661 0.0143484 0.0579635 0.00466497 -0.00298954 -0.0289705 -0.00349168 0.00191246 -0.0183007 0.00784306 -0.0274208 -0.00840536 -0.0320635 0.0474019 0.111439 0.034255 0.0115643 0.0418604 0.0038627 0.00775165
internal_weight=626.533 606.426 591.293 68.8709 44.2799 522.422 123.927 112.363 28.7822 9.55559 398.495 32.2787 5.86447 26.4142 7.44945 4.78497 366.217 166.765 37.8298 128.935 34.4384 19.2341 14.1911 11.7873 2.00774 9.77954 6.63034 4.38476 117.148 99.3269
internal_count=141125 126587 121139 81961 78818 39178 8874 6630 1371 377 30304 2719 347 2372 1756 1467 27585 10773 5232 5541 5105 3067 2776 581 114 467 331 239 4960 4215
is_linear=0
shrinkage=0.05


Tree=134
num_leaves=31
num_cat=0
split_feature=20 4 4 7 7 10 25 22 6 7 4 13 22 8 10 13 28 11 24 12 10 12 8 13 38 13 10 20 12 8
split_gain=14.5357 11.7926 14.7316 11.4348 10.7462 10.6312 6.1336 5.22967 5.13112 10.8593 9.24224 7.80926 5.74155 5.03284 4.89355 6.49404 5.32088 4.68044 4.61649 4.56077 4.40012 3.61249 3.60174 3.99171 3.58945 3.39517 3.358 4.34232 3.19399 5.61123
threshold=0.89181286096572887 0.31666667759418493 0.087121214717626586 0.15047170221805575 0.15655637532472613 0.6911335587501527 0.75000000000000011 0.93957647681236278 1.5000000000000002 0.52565789222717296 0.41428571939468389 1.5000000000000002 0.97162976861000072 0.29478609561920172 0.27334994077682501 1.0000000180025095e-35 0.59723854064941417 0.067816093564033522 0.75000000000000011 0.58102023601531994 0.68133461475372326 0.5604878067970277 0.6264534890651704 2.5000000000000004 1.0000000180025095e-35 3.5000000000000004 0.2362911254167557 0.84807693958282482 0.18561584502458575 0.5617378056049348
decision_type=2 2 2 2 2 2 2 2 2 2 2 2 2 2 2 2 2 2 2 2 2 2 2 2 2 2 2 2 2 2
left_child=1 2 4 14 7 -4 8 21 9 12 11 -10 17 -12 15 -2 -17 -3 -16 28 -13 26 -7 -24 -15 -23 27 -1 -19 -30
right_child=3 6 5 -5 -6 22 -8 -9 10 -11 13 20 -14 24 18 16 -18 19 -20 -21 -22 25 23 -25 -26 -27 -28 -29 29 -31
leaf_value=0.035155601539614598 -0.078719912582421878 -0.034577288989726167 -0.043568491920410249 0.042963825549088577 0.056005174908634305 0.054620836706641154 0.034906920576821397 0.10413857545421623 -0.039050307609995366 -0.014623660337401534 0.050265836047784611 -0.024157256349745582 -0.24907335146656143 0.050571115143857905 -0.02146342844985576 0.041537411402191068 -0.066889324743535469 0.049610860057162837 0.093207264063831563 -0.0079523627348883612 0.040941456731231694 -0.056222197875034075 -0.018031488295906731 0.21664289340595363 -0.00040284060659690835 0.011845146547351469 -0.01511205288428156 -0.055528593117769455 0.06726704447108342 0.18291761472050103
leaf_weight=8.5504985699662956 1.4513975637964893 1.4700178776402069 49.538795035041403 32.896911817835644 8.0079142781323736 3.5526901644479931 12.800897635286672 1.0158769683912385 27.60174982083845 12.548074584541608 5.065787989209638 4.7211434672353771 0.1616422611987226 3.4868987710215142 17.585979322087955 13.189424960059112 1.2376674143597473 7.2692867257283051 0.9238083737436672 2.1598848266876294 5.7658615147811361 6.7757711660233308 5.2969015176931862 0.18762238265480835 361.54293686515302 2.510869394231122 17.306363801006228 1.5610827548662189 3.5534668194013648 1.4880199595936572
leaf_count=730 12 1391 72268 18194 1103 1107 3705 38 11779 1240 808 1691 5 944 576 752 13 476 17 128 380 865 1105 6 18992 244 2149 100 231 76
internal_value=-5.54439e-05 -0.00272102 -0.0178679 0.0218895 0.00339938 -0.0344705 0.000792666 -0.00776864 -0.000207009 0.0202471 -0.00164268 -0.0250952 0.0474209 0.000770958 0.0017292 0.0220937 0.0322357 0.0504274 -0.0157403 0.0590627 0.0116347 -0.0108659 0.0154015 -0.0100034 8.40813e-05 -0.0378185 -0.00173687 0.0211553 0.0708202 0.101402
internal_weight=621.225 553.94 104.304 67.2852 45.7284 58.576 449.636 37.7205 436.835 28.6504 408.184 38.0888 16.1023 370.096 34.3883 15.8785 14.4271 15.9407 18.5098 14.4707 10.487 36.7046 9.03721 5.48452 365.03 9.28664 27.4179 10.1116 12.3108 5.04149
internal_count=141125 121561 79715 19564 5229 74486 41846 4126 38141 3547 34594 13850 2307 20744 1370 777 765 2302 593 911 2071 4088 2218 1111 19936 1109 2979 830 783 307
is_linear=0
shrinkage=0.05


Tree=135
num_leaves=31
num_cat=0
split_feature=29 38 36 26 7 29 23 26 28 38 8 5 29 10 10 10 20 10 8 9 7 29 29 10 10 13 10 26 28 26
split_gain=15.551 9.12056 13.3306 16.146 3.8543 3.5444 3.43842 3.77425 3.40293 3.24184 6.99649 8.7557 4.61602 4.45668 8.9768 5.11031 3.01447 2.98303 3.2924 4.84632 3.15658 2.92421 2.88133 5.59508 2.71949 2.62965 5.12425 4.99595 4.04113 3.25413
threshold=0.55409699678421032 1.0000000180025095e-35 1.0000000180025095e-35 0.71490147709846508 0.48181217908859258 0.12552521377801898 1.5000000000000002 0.1003875993192196 0.19781789183616641 2.5000000000000004 0.95553359389305126 0.81666666269302379 0.28708791732788091 0.80901724100112926 0.88805347681045543 0.70659971237182628 0.15587044507265094 0.84273937344551098 0.77951389551162731 0.90381237864494335 0.66352203488349926 0.5466403365135194 0.27801932394504553 0.90054944157600414 0.45115855336189276 2.5000000000000004 0.67962265014648449 0.27308239042758947 0.28740146756172186 0.2145502641797066
decision_type=2 2 2 2 2 2 2 2 2 2 2 2 2 2 2 2 2 2 2 2 2 2 2 2 2 2 2 2 2 2
left_child=1 8 3 5 -2 -3 9 -8 16 21 -11 13 22 15 -15 -12 -1 18 19 20 24 25 -13 -24 -5 -4 27 29 -28 -27
right_child=4 2 6 17 -6 -7 7 -9 -10 10 11 12 -14 14 -16 -17 -18 -19 -20 -21 -22 -23 23 -25 -26 26 28 -29 -30 -31
leaf_value=-0.057638078151000985 -0.055675305942018576 -0.049026839062477533 -0.0038268713438540758 0.044917349364737624 0.050151784643687851 0.024467643267570886 7.4079777545457226e-05 0.045344449984999542 0.049561020001827424 0.046446216850927313 -0.06921985626703385 0.0077163133438968648 0.050286722680077202 -0.082260089879751974 -0.0091279734936856108 0.052610358044781924 0.05182120843035707 0.024674665203284672 -0.042441295942137011 0.091554216537654068 0.19078636731327978 -0.12136495861357817 0.050678207493038821 -0.23584294170939915 -0.020383620193569051 0.0087878976352062342 -0.062623228256690394 -0.034047949286321537 0.070173265737174653 0.080275743211445941
leaf_weight=1.5614474706817412 0.90441464644391345 35.102198767708614 348.71455133287236 1.9219865699997214 17.672036514733918 1.720916416728868 9.7460572581039759 8.7265037548495439 11.673927543335592 10.110475513036361 1.1722077325684974 80.535473686177284 6.6144186254823572 6.6053087757900384 11.504365873755885 3.2395295050228015 1.0532865931745616 11.073965555289758 5.0730541905504642 1.4401077540824179 0.20071996375918466 0.51915873179677774 0.33396323677152295 0.34786294307559729 9.3534672496025433 14.973680758907003 0.64788743219105427 6.9452562939841291 4.9488728329306468 1.781251273700035
leaf_count=22 268 78673 26189 778 14270 27 1252 1295 5171 1966 20 2217 2715 219 531 93 255 129 66 19 2 29 41 34 2267 1275 19 832 294 157
internal_value=-5.3233e-05 -0.0014536 -0.0024203 -0.0236026 0.0449995 -0.0455921 0.00027673 0.02146 0.038013 -0.000507464 0.00663652 0.00298919 0.0101209 -0.024824 -0.0358021 0.0202398 -0.0135449 0.00425812 -0.00831 0.00509555 -0.00575386 -0.00278097 0.00684978 -0.0955029 -0.00925257 -0.0026181 0.0117696 0.00160787 0.0548006 0.0163879
internal_weight=616.218 597.642 583.353 65.8864 18.5765 36.8231 517.467 18.4726 14.2887 498.994 120.464 110.353 87.8317 22.5214 18.1097 4.41174 2.61473 29.0633 17.9893 12.9163 11.4762 378.531 81.2173 0.681826 11.2755 378.011 29.2969 23.7002 5.59676 16.7549
internal_count=141125 126587 121139 81961 14538 78700 39178 2547 5448 36631 7836 5870 5007 863 750 113 277 3261 3132 3066 3047 28795 2292 75 3045 28766 2577 2264 313 1432
is_linear=0
shrinkage=0.05


Tree=136
num_leaves=31
num_cat=0
split_feature=29 11 20 7 37 20 20 11 7 8 25 21 29 32 8 11 9 32 7 9 13 7 8 13 9 8 8 21 19 29
split_gain=14.7021 6.83885 13.372 10.9244 8.4969 4.5826 8.03489 9.01795 4.57183 7.56062 4.57594 4.37335 4.19531 4.15679 4.00479 3.7292 3.68987 5.35317 3.62846 3.52264 3.57339 3.516 3.99584 4.13808 3.67816 4.28984 4.18304 3.18989 7.38811 5.31626
threshold=0.55409699678421032 0.067816093564033522 0.32291667163372045 0.53410854935646068 1.0000000180025095e-35 0.87083333730697643 0.86190477013587963 0.39433813095092779 0.73431372642517101 0.70900535583496105 1.0000000180025095e-35 13.500000000000002 0.5466403365135194 0.032168369740247733 0.95553359389305126 0.29679679870605474 0.70791891217231762 0.54630568623542797 0.48181217908859258 0.78203994035720836 5.5000000000000009 0.80217391252517711 0.95916664600372326 1.0000000180025095e-35 0.89789974689483654 0.77003204822540294 0.82426470518112194 2.5000000000000004 0.39565217494964605 0.076556779444217696
decision_type=2 2 2 2 2 2 2 2 2 2 2 2 2 2 2 2 2 2 2 2 2 2 2 2 2 2 2 2 2 2
left_child=1 2 3 -1 5 6 12 -8 9 10 -4 -7 15 -13 -10 21 17 -5 -2 20 27 22 23 -3 -25 -26 -27 28 29 -12
right_child=18 4 8 16 -6 11 7 -9 14 -11 19 13 -14 -15 -16 -17 -18 -19 -20 -21 -22 -23 -24 24 25 26 -28 -29 -30 -31
leaf_value=-0.047776021268277485 -0.050377507971878357 0.035954514455459288 -0.031551680094295591 -0.050180615571228708 0.049687863272959105 0.045608562233408874 -0.47239414813924585 0.050663703988435699 0.047439486837900738 -0.049272947289174238 -0.030807768495469484 -0.16866478173795912 -0.15716478778921317 0.0017541862379843018 -0.1653858348676345 -0.00098331547410975754 -0.0030181997245968839 0.25955738565476344 0.050145210165877356 0.042394334147962183 0.045317516981948719 0.081719777161183102 -0.22661496389543309 -0.018610511089277269 0.086139971405443286 -0.080748628913053344 0.046614512426278704 -0.0030014005353642963 0.48322599667279315 0.084225419934401302
leaf_weight=33.851474563562078 0.94834356149658816 12.317344156734189 9.9108016423124337 0.24460185907082888 9.1271754422923532 9.889667042589279 0.18927893170621146 0.14594018214847893 6.3177577904425553 8.1754560082918015 1.8415829308796663 0.44147368462290559 0.42301094019785423 1.8883103693369774 0.22905539267230768 374.84062870687922 16.476469742221525 0.32463434664532542 16.812309863395058 5.6679717500810503 4.4498874864075324 1.9775477286893863 0.17327229923102905 11.010014011029851 2.1573057618807061 1.1454758973850405 1.4745827950828241 76.975277033343446 0.092764951288699993 2.209338684217073
leaf_count=73293 268 1793 2060 191 3922 4029 13 36 624 521 988 59 10 507 28 26386 1778 36 14270 395 702 79 6 4105 112 28 139 4680 1 66
internal_value=-4.84959e-05 -0.00138888 -0.00997586 -0.0313383 0.00196324 0.000921339 1.3017e-05 -0.244677 -0.00059217 -0.00302263 0.000715642 0.0310902 0.000215288 -0.0305387 0.0399933 0.000379628 0.00130577 0.126462 0.0447777 0.00422075 0.00169218 0.0172653 0.0127579 0.0142337 -0.00271295 0.0339249 -0.00906798 -0.000700943 0.0420335 0.0319304
internal_weight=611.729 593.968 166.767 50.8972 427.201 418.074 405.854 0.335219 115.87 109.323 101.148 12.2195 405.519 2.32978 6.54681 405.096 17.0457 0.569236 17.7607 91.2368 85.5689 30.2555 28.278 28.1047 15.7874 4.77736 2.62006 81.119 4.14369 4.05092
internal_count=141125 126587 85363 75298 41224 37302 32707 49 10065 9413 8892 4595 32658 566 652 32648 2005 227 14538 6832 6437 6262 6183 6177 4384 279 167 5735 1055 1054
is_linear=0
shrinkage=0.05


Tree=137
num_leaves=31
num_cat=0
split_feature=20 9 11 20 5 37 38 26 32 11 12 10 20 28 38 10 27 12 9 24 10 10 11 23 10 28 20 11 11 5
split_gain=11.9745 9.8859 9.69232 8.79423 10.1266 5.59095 4.3647 4.10732 4.19183 3.86709 4.28285 4.88221 5.58858 4.20513 3.69151 3.49083 3.39689 3.59539 3.30416 3.14344 3.33251 5.3522 4.41432 3.11411 3.09334 4.42784 3.93644 15.14 4.20693 10.3789
threshold=0.89181286096572887 0.86108192801475536 0.10102041065692903 0.32291667163372045 0.73214286565780651 1.0000000180025095e-35 1.0000000180025095e-35 0.58597949147224437 0.80029985308647167 0.26138716936111456 0.084219858050346388 0.85880398750305187 0.41885964572429663 0.78581902384758007 1.0000000180025095e-35 0.38327018916606909 0.062612615525722518 0.64785373210906994 0.84833145141601574 0.75000000000000011 0.45115855336189276 0.30068494379520422 0.57793521881103527 1.5000000000000002 0.89022758603096019 0.22858179360628131 0.51470589637756359 0.27386364340782171 0.88047617673873912 0.77500000596046459
decision_type=2 2 2 2 2 2 2 2 2 2 2 2 2 2 2 2 2 2 2 2 2 2 2 2 2 2 2 2 2 2
left_child=2 16 3 4 -1 9 -5 8 -8 10 18 12 -12 15 -11 -14 17 -2 -4 20 21 23 -22 -18 25 -16 28 -28 29 -26
right_child=1 -3 5 6 -6 -7 7 -9 -10 14 11 -13 13 -15 24 -17 19 -19 -20 -21 22 -23 -24 -25 26 -27 27 -29 -30 -31
leaf_value=-0.04670810860811634 0.05113353484640263 0.047913713251698409 0.11722407507794604 0.050758188473255285 0.00076830535306851187 0.05062578760390072 -0.012718257813426455 0.023594075119053287 0.077896761298982875 0.050395468816708588 -0.039280076409566232 0.11011785159840473 -0.058179324113428056 -0.093721565216712266 0.02786452169072838 0.069832198713299487 -0.0029078369889744778 -0.14288614367219468 0.034486504913029702 0.056806292481944437 0.02871860877421973 -0.043138450354499522 -0.22612095755900677 0.066736243913675317 0.048507276328613257 -0.0052145305246800704 -0.74622943382860629 0.032285337013178539 -0.0027548376918895331 -0.022378351468669778
leaf_weight=33.338561308803037 5.3630261240759856 21.670689062564634 1.7043774332851196 3.4748985852347678 16.938175568328006 5.6680626356974235 65.780978272086941 9.8645801889942941 1.3015254773199547 3.5449914418277322 5.4337302691128553 1.0227378049748939 0.62261928908992548 0.56539775000419457 10.535285846272016 3.681913283537142 14.361145792878238 0.24990461510606099 4.13243947038427 2.3347654511453575 8.4742932897061074 9.0542119065066782 0.17340706242248494 1.8070840222062532 13.696072391030613 254.42636267651687 0.062701667775397207 15.549843676853925 85.071334554406349 8.289142630499553
leaf_count=73280 548 16118 224 1196 2690 2615 6510 526 23 1305 2610 64 29 28 544 253 245 42 286 136 2182 208 5 80 176 19878 15 5124 3969 216
internal_value=-4.40659e-05 0.0205059 -0.00243928 -0.0143098 -0.0307134 0.00130816 -0.00405498 -0.00653032 -0.0109602 0.000623597 0.023853 0.00592306 -0.00441928 0.0344774 -0.000395617 0.0513163 0.00630268 0.0424952 0.0586463 0.000691668 -0.00317647 -0.0123599 0.0236085 0.00487611 -0.000860115 -0.00389926 0.00570434 0.0291587 0.00228388 0.0217811
internal_weight=608.194 63.4885 544.706 130.699 50.2767 414.007 80.422 76.9471 67.0825 408.339 17.1632 11.3264 10.3037 4.86993 391.176 4.30453 41.8178 5.61293 5.83682 36.2049 33.8701 25.2224 8.6477 16.1682 387.631 264.962 122.669 15.6125 107.057 21.9852
internal_count=141125 19564 121561 84225 75970 37336 8255 7059 6533 34721 3494 2984 2920 310 31227 282 3446 590 510 2856 2720 533 2187 325 29922 20422 9500 5139 4361 392
is_linear=0
shrinkage=0.05


Tree=138
num_leaves=31
num_cat=0
split_feature=29 38 36 22 29 10 22 6 23 10 11 38 8 5 20 10 10 10 28 13 10 19 28 27 10 32 28 10 10 20
split_gain=13.1783 8.1665 11.1761 12.0457 4.98036 3.35834 3.16734 3.30856 3.14051 3.10432 3.08503 3.04296 6.66193 7.63875 4.72337 3.85718 8.1169 4.66699 3.00477 2.9432 4.40979 5.0076 3.66738 3.2962 3.91184 8.34348 2.97542 2.8123 4.0407 4.59417
threshold=0.55409699678421032 1.0000000180025095e-35 1.0000000180025095e-35 0.08856209367513658 0.039886362850666053 0.74464204907417308 0.21222499012947085 4.5000000000000009 3.5000000000000004 0.84273937344551098 0.44590643048286444 2.5000000000000004 0.95553359389305126 0.81666666269302379 0.41885964572429663 0.80901724100112926 0.89825496077537548 0.70659971237182628 0.19781789183616641 2.5000000000000004 0.67962265014648449 0.43874999880790716 0.28740146756172186 0.015310463495552542 0.25677657127380377 0.87928041815757763 0.60127702355384838 0.92403846979141246 0.93127068877220165 0.48684211075305944
decision_type=2 2 2 2 2 2 2 2 2 2 2 2 2 2 2 2 2 2 2 2 2 2 2 2 2 2 2 2 2 2
left_child=1 18 3 9 -5 -2 -6 -8 11 10 -3 19 -13 15 -15 17 -17 -14 -1 -4 21 -21 -22 -23 -25 26 -26 -18 29 -29
right_child=5 2 8 4 6 -7 7 -9 -10 -11 -12 12 13 14 -16 16 27 -19 -20 20 22 23 -24 24 25 -27 -28 28 -30 -31
leaf_value=-0.011925374478560565 -0.044030024529710415 0.012113944558188367 -0.0033622797417275363 -0.048603754858150272 0.04114841796349672 0.050142406373381111 -0.042750399594862661 0.094033187572213531 0.073300980480989972 0.02883836052113007 -0.033008795023958863 0.04591455380788094 -0.06740516843899276 0.0058433022523378137 0.041318180113096487 -0.070741737333983576 0.026128277741624781 0.050388330234003513 0.049458522673700885 -0.028880328944007827 -0.06170913444018683 -0.088839662547401096 0.067232054342714828 0.047284820930288532 -0.0075477316943346855 -0.18107459772856146 0.060541281550079255 -0.12624283316208579 0.0024666561704736957 0.051056847178295339
leaf_weight=2.4570741243660441 1.0091997253475717 8.3686189506843238 359.21801265957765 30.649910903710406 2.6454656228888771 15.2895438359119 4.0256906522845384 0.49662869225721795 1.4678531872341398 8.8955867512850073 6.9204921681084661 10.075998749700373 1.1343457209877694 77.314052234054543 10.679270867432932 7.8725949111394611 4.5204856151249242 3.2503010110231116 10.56939918262651 7.9991419066791485 0.62032349361106653 0.6814961801283087 4.9674661828903481 8.4317730972543377 5.3388044463936222 0.59768408630043257 2.2938609943957999 1.5316417467547583 4.1307284649228677 0.47983064409345377
leaf_count=277 432 2888 27458 77062 289 14106 1461 6 207 115 140 2235 23 1819 3673 291 241 105 5171 1757 19 9 326 161 121 4 315 26 274 114
internal_value=-3.74779e-05 -0.00126755 -0.00215503 -0.0222051 -0.0398291 0.0443114 -0.00230805 -0.0277292 0.000270132 0.00535355 -0.0083105 6.0407e-05 0.00698814 0.00345184 0.0101487 -0.0222585 -0.0322347 0.0199141 0.0378802 -0.00208796 0.0127117 0.00384667 0.0529178 0.0189409 0.0233492 -0.00117224 0.0129152 -0.00380378 -0.0258329 -0.0839485
internal_weight=603.933 587.635 574.608 62.0024 37.8177 16.2987 7.16778 4.52232 512.606 24.1847 15.2891 511.138 120.989 110.913 87.9933 22.9199 18.5353 4.38465 13.0265 390.149 30.9306 25.3428 5.58779 17.3436 16.6621 8.23035 7.63267 10.6627 6.1422 2.01147
internal_count=141125 126587 121139 81961 78818 14538 1756 1467 39178 3143 3028 38971 8801 6566 5492 1074 946 128 5448 30170 2712 2367 345 610 601 440 436 655 414 140
is_linear=0
shrinkage=0.05


Tree=139
num_leaves=31
num_cat=0
split_feature=29 38 36 26 7 29 22 20 26 20 10 13 10 32 21 13 26 8 22 10 7 26 12 8 12 12 13 12 12 10
split_gain=12.452 7.6553 10.4039 14.6125 3.47993 3.24735 2.99447 2.77174 4.62135 2.7555 6.6778 5.23119 5.05015 4.66589 4.15541 6.60766 3.38701 5.52953 3.67937 3.49246 6.12593 3.16737 3.09783 5.39648 6.1103 3.02209 4.04249 3.05365 5.78715 3.44526
threshold=0.55409699678421032 1.0000000180025095e-35 1.0000000180025095e-35 0.71490147709846508 0.48181217908859258 0.12552521377801898 0.1853345260024071 0.15587044507265094 0.80079364776611339 0.94868421554565441 0.45115855336189276 1.0000000180025095e-35 0.30068494379520422 0.79425507783889782 16.500000000000004 1.5000000000000002 1.0000000180025095e-35 1.0000000180025095e-35 0.95393458008766185 0.69282051920890819 0.61620295047760021 0.017316341400146488 0.56711712479591381 0.14434523880481723 0.65821567177772533 0.63373982906341564 3.5000000000000004 0.44353370368480688 0.45199692249298101 0.59896907210350048
decision_type=2 2 2 2 2 2 2 2 2 2 2 2 2 2 2 2 2 2 2 2 2 2 2 2 2 2 2 2 2 2
left_child=1 7 3 5 -2 -3 -5 8 -1 14 11 -11 22 -14 16 -16 17 -4 25 -19 -21 -20 -13 24 -24 27 -27 -18 29 -29
right_child=4 2 9 6 -6 -7 -8 -9 -10 10 -12 12 13 -15 15 -17 18 19 21 20 -22 -23 23 -25 -26 26 -28 28 -30 -31
leaf_value=-0.074665489293538709 -0.047868589184909209 -0.048702772738931782 0.28769717128929528 0.0011462515339123011 0.050131680034927656 0.022029384701236873 0.086215113106786798 0.050478457584731795 0.05122356360742332 -0.053511627497190108 0.046703384107747034 0.041456608425013385 0.0013869808860284892 -0.080529904304205951 0.051178097608580608 -0.3130133273455537 -0.00081205368269097989 -0.049663997011330875 -0.045657537139723259 0.034454595092044758 -0.033246608007179372 0.059141547519784704 -0.10006297678902197 0.052812022087301264 0.019196196505965331 -0.048832109283000191 0.036239994452131864 -0.032183176283434166 0.0079529413405039981 0.10095153876064773
leaf_weight=1.316265530884265 0.96564985800068548 30.216480195274929 0.14511026709806429 27.406341600755699 14.627781219605822 1.7147777579957608 1.0750488297780965 9.5877177308429946 1.6339834888931364 3.8834521670360145 10.681536719377617 10.331442349823197 5.6995422623585892 2.5011384524405003 0.2315358956111585 0.26952686323784292 404.08178627854795 7.4628841058874995 0.86291672091465343 5.4054745681933118 8.7501014019944687 4.3832974386168644 2.0139406099915496 2.7854457423090935 2.3013489246368408 6.4095094871008751 1.7853926839889025 0.58974235315691048 27.772090347862104 2.7606806103431154
leaf_count=14 268 78673 7 3191 14270 27 70 5185 249 51 4262 125 153 14 44 8 28394 635 48 240 586 528 19 56 43 810 169 173 2712 101
internal_value=-3.29054e-05 -0.00121019 -0.00205804 -0.0216801 0.0440628 -0.0449043 0.00435723 0.0374377 -0.00494235 0.000261268 0.0128268 0.000567371 0.0087605 -0.023597 -0.000811354 -0.144724 -0.000658063 -0.0199212 0.000276383 -0.021986 -0.0073941 0.0419038 0.0239825 -0.00144192 -0.0364619 -0.000216145 -0.0302978 0.000350293 0.0154417 0.0775171
internal_weight=599.652 584.059 571.521 60.4126 15.5934 31.9313 28.4814 12.538 2.95025 511.108 40.1978 29.5163 25.6329 8.20068 470.91 0.501063 470.409 21.7636 448.645 21.6185 14.1556 5.24621 17.4322 7.10074 4.31529 443.399 8.1949 435.204 31.1225 3.35042
internal_count=141125 126587 121139 81961 14538 78700 3261 5448 263 39178 4723 461 410 167 34455 52 34403 1468 32935 1461 826 576 243 118 62 32359 979 31380 2986 274
is_linear=0
shrinkage=0.05


Tree=140
num_leaves=31
num_cat=0
split_feature=29 23 9 22 8 26 11 9 29 8 9 11 29 26 20 6 19 26 22 12 11 19 8 26 27 6 22 6 12 12
split_gain=11.7646 5.46116 9.0648 7.99713 4.83934 4.37958 8.51075 13.4231 3.63319 3.51576 4.33419 3.34713 4.63394 2.98338 5.08813 3.91487 3.5825 3.55051 5.60481 3.46665 2.9653 4.9036 3.10561 3.37499 3.93313 4.72895 2.9061 2.90186 5.72021 5.87385
threshold=0.55409699678421032 1.0000000180025095e-35 0.74785688519477855 0.48019607365131384 0.73431372642517101 0.6006993055343629 0.38585607707500463 0.67223238945007335 0.071714285761117949 0.70659971237182628 0.78718382120132457 0.70659971237182628 0.25198413431644445 0.129171296954155 0.80476191639900219 4.5000000000000009 0.19139194488525393 0.10551619529724122 0.32270763814449316 0.32392686605453497 0.57979625463485729 0.20344828069210055 0.64785373210906994 0.054446639493107803 0.44456264376640325 2.5000000000000004 0.63521462678909313 2.5000000000000004 0.087595909833908095 0.063508063554763808
decision_type=2 2 2 2 2 2 2 2 2 2 2 2 2 2 2 2 2 2 2 2 2 2 2 2 2 2 2 2 2 2
left_child=1 2 3 5 9 -1 8 -8 27 -3 -11 -12 -13 16 15 -15 -4 20 -19 -20 21 -18 26 24 25 -24 -22 -7 29 -29
right_child=-2 4 13 -5 -6 6 7 -9 -10 10 11 12 -14 14 -16 -17 17 18 19 -21 22 -23 23 -25 -26 -27 -28 28 -30 -31
leaf_value=-0.043395606055024509 0.043809629053968062 0.005356835928036395 -0.050733267678056443 0.0034770517085730372 0.028857800310875183 -0.033484602283147556 1.1256511125229991 -0.05038595268710943 0.074913149135241372 -0.14508179016006681 0.030316059636333593 -0.16842384123356577 0.050279362638422892 -0.00056767627677774854 0.052610452282600063 0.038417526898036181 0.1805478665866912 -0.23844002595518782 -0.0081960028189276453 -0.11680004744045186 0.0061836456862098084 0.0086219700266806139 0.0099264715301058196 0.032574952167521848 0.0017282324206612403 -0.090394721624285412 -0.077682179766858594 -0.050422465466526616 -0.0078232219556771954 0.3584080698172018
leaf_weight=31.030798958854575 14.920984255557412 88.160577235103119 5.3612812872452187 22.01486636523623 23.467619634961011 8.2383785127312823 0.042506010737270894 0.056534632196417078 1.1052552284672863 0.83639913809020017 1.6178186826873573 0.63569946144707479 0.39128340734168887 339.47181553667178 4.6885749492794266 6.5641083847149266 0.42518670583376916 0.36159902659710397 3.1930894374963827 0.95440612023230631 1.5247421117965156 16.874065766402055 1.8761772699654127 4.4848389512626445 9.6115004047751409 3.1417072284966707 3.2025790326297283 0.13854650093708087 1.5586931532016022 0.24013360415119678
leaf_count=67447 14538 8116 7346 2427 8562 8035 18 27 25 38 342 26 137 20665 793 227 38 28 225 45 21 830 56 234 459 58 44 40 260 18
internal_value=-2.89286e-05 -0.00115425 -0.00356255 -0.0209735 0.00859871 -0.0336654 -0.00713322 0.454343 -0.0111847 0.00341076 -0.0458732 -0.0144992 -0.0850973 -0.000770386 0.000872864 0.000171851 -0.0120685 -0.00752753 -0.0496474 -0.0331876 -0.00291113 0.0128476 -0.0143456 -0.00537116 -0.0170041 -0.0528848 -0.0506322 -0.0205364 0.034524 0.208831
internal_weight=596.192 581.271 466.161 64.4257 115.109 42.4108 11.38 0.0990406 11.281 91.6418 3.4812 2.6448 1.02698 401.736 350.724 346.036 51.0112 45.6499 4.50909 4.1475 41.1408 17.2993 23.8415 19.1142 14.6294 5.01788 4.72732 10.1758 1.93737 0.37868
internal_count=141125 126587 109366 78297 17221 75870 8423 45 8378 8659 543 505 163 31069 21685 20892 9384 2038 298 270 1740 868 872 807 573 114 65 8353 318 58
is_linear=0
shrinkage=0.05


Tree=141
num_leaves=31
num_cat=0
split_feature=29 38 36 26 7 23 29 29 38 8 32 29 29 13 32 4 10 10 10 10 13 12 27 33 10 10 24 12 8 22
split_gain=11.1007 7.31572 9.17534 13.8764 3.44337 2.92865 2.90794 2.83585 2.72714 6.19228 3.47947 11.0681 4.54372 3.52155 4.19993 3.11879 4.52615 3.56402 4.3627 3.02705 2.73297 2.6782 2.93518 2.64113 2.61416 2.71631 2.60693 2.83352 2.8496 2.72004
threshold=0.55409699678421032 1.0000000180025095e-35 1.0000000180025095e-35 0.77038103342056286 0.48181217908859258 3.5000000000000004 0.12552521377801898 0.039886362850666053 2.5000000000000004 0.95553359389305126 0.092073101550340666 0.29695767164230352 0.28708791732788091 1.0000000180025095e-35 0.040412429720163352 0.64583334326744091 0.82426470518112194 0.89825496077537548 0.92403846979141246 0.6911335587501527 3.5000000000000004 0.0745370388031006 0.015310463495552542 1.0000000180025095e-35 0.93127068877220165 0.93582704663276683 0.75000000000000011 0.64365079998970043 0.12632978707551959 0.90392306447029125
decision_type=2 2 2 2 2 2 2 2 2 2 2 2 2 2 2 2 2 2 2 2 2 2 2 2 2 2 2 2 2 2
left_child=1 23 3 6 -2 8 -3 -5 20 -10 11 -11 15 14 -13 16 -12 -18 -19 -17 26 -22 -23 -1 -20 -26 27 -4 -29 -30
right_child=4 2 5 7 -6 -7 -8 -9 9 10 12 13 -14 -15 -16 19 17 18 24 -21 21 22 -24 -25 25 -27 -28 28 29 -31
leaf_value=-0.053725104745771829 -0.047503741879212261 -0.04656896257968856 -0.002434265633147231 0.0022093877112310998 0.05012101613690681 0.072521759538713745 0.020333534742615792 0.075438407557675891 0.045253085881683731 -0.38811959665402596 0.0089085995714974827 0.053828436162330934 0.043551917717633157 0.050658153349541116 -0.12769821282210569 -0.06459923854189982 -0.065537688468733826 0.023334475921035661 -0.093994228946125677 0.0085449295675522306 0.21101043077818382 -0.043251440222545297 0.02925447196726217 0.043759335531483645 0.058846908613166528 -0.05631960616377614 0.039823929359186494 -0.061840931876698146 -0.025447502673793698 0.058478621245621122
leaf_weight=0.74092435464262862 0.96893395797814896 30.099126654313299 363.33742754461127 24.988966175355021 13.322184413380455 1.3971753303194407 1.7168519752449345 1.3959315104875702 9.5517934287199733 0.22549397591501419 12.202748356445229 0.46337303053587708 7.0299167496268629 0.99298602819908399 1.0201537715038282 1.4423696222947899 5.2050892320112316 4.1510680289939028 1.8236601180396972 73.179644828487653 0.18431252078153093 1.6289555288967665 9.7525254093052336 11.160729068098588 0.82230943383183364 1.3567626429721711 3.5638819572632192 4.0499670729041082 4.3270002491772175 1.2426996957510708
leaf_count=12 268 79132 28118 2790 14270 207 27 12 2235 10 216 76 3285 354 70 14 113 84 51 2231 11 178 726 5436 25 37 251 405 431 50
internal_value=-3.08878e-05 -0.00110529 -0.00191941 -0.0207258 0.0435021 0.000231177 -0.0429588 0.00608368 3.21784e-05 0.00663793 0.00328223 -0.0527552 0.00469449 -0.0222193 -0.0709992 0.00196785 -0.0131053 -0.033214 -0.0125797 0.00713113 -0.00200131 0.021939 0.0188772 0.0376905 -0.0498248 -0.0128596 -0.0027367 -0.0031434 -0.0299276 -0.00672208
internal_weight=593.345 579.054 567.152 58.2009 14.2911 508.951 31.816 26.3849 507.554 119.467 109.916 2.70201 107.214 2.47651 1.48353 100.184 25.5616 13.3589 8.1538 74.622 388.087 11.5658 11.3815 11.9017 4.00273 2.17907 376.521 372.957 9.61967 5.5697
internal_count=141125 126587 121139 81961 14538 39178 79159 2802 38971 8801 6566 510 6056 500 146 2771 526 310 197 2245 30170 915 904 5448 113 62 29255 29004 886 481
is_linear=0
shrinkage=0.05


Tree=142
num_leaves=31
num_cat=0
split_feature=29 38 36 22 29 7 10 11 7 10 10 28 29 23 4 4 28 28 6 13 4 10 6 10 4 4 7 22 10 13
split_gain=10.4834 6.87484 8.49989 10.5748 4.70919 3.26164 2.81958 2.84113 4.50831 3.39631 2.80684 3.06487 2.81021 2.74875 2.73353 5.14912 2.64187 2.57487 2.56789 2.36519 2.97168 7.47619 5.72886 6.5697 4.53257 8.78659 6.32954 4.11004 4.05452 5.00854
threshold=0.55409699678421032 1.0000000180025095e-35 1.0000000180025095e-35 0.08856209367513658 0.039886362850666053 0.48181217908859258 0.84273937344551098 0.44590643048286444 0.22886905074119571 0.27334994077682501 0.85028737783432018 0.56669798493385326 0.041812354698777206 3.5000000000000004 0.31666667759418493 0.34848485887050634 0.19781789183616641 0.17197486758232119 5.5000000000000009 3.5000000000000004 0.41428571939468389 0.65142410993576061 1.5000000000000002 0.65142410993576061 0.31666667759418493 0.069047622382640853 0.189422182738781 0.93957647681236278 0.68133461475372326 1.5000000000000002
decision_type=2 2 2 2 2 2 2 2 2 2 2 2 2 2 2 2 2 2 2 2 2 2 2 2 2 2 2 2 2 2
left_child=1 16 3 6 -5 -2 7 8 9 -3 12 -12 -6 18 -10 -16 -1 -17 19 20 22 -22 23 24 25 26 -4 -26 -24 -30
right_child=5 2 13 4 10 -7 -8 -9 14 -11 11 -13 -14 -15 15 17 -18 -19 -20 -21 21 -23 28 -25 27 -27 -28 -29 29 -31
leaf_value=-0.01072233333288178 -0.043327556592016592 0.14427116166863885 -0.0059768288974585797 -0.048228379087702555 0.05346207416255231 0.050115652393955636 0.027714192056338606 -0.031729963038386912 -0.050079903488400884 -0.052797871431651683 0.11460444697681418 0.0038854718139423941 -0.05804348082870342 0.071579240644875558 0.14304283712992164 0.1188851849406377 0.049382880545099386 0.0029648797878719605 0.064295509857519223 0.021906973113150013 0.027566820055558688 -0.00028702171762303515 -0.043885650077281874 0.023012515845861427 0.039746456105282171 -0.040308110517538229 0.057914415422787892 -0.089385584179700384 -0.024917199023484982 0.031838978057728354
leaf_weight=2.2856603948166585 1.0081415766617254 0.23731302571832413 53.840047817706363 26.089084344770527 0.71825404124683645 12.673776123323478 8.7542959420825337 6.8675430131261228 0.74031024365103792 2.7771550384641159 0.81513197714230079 2.6802500419435091 2.6490343452605885 1.3460935017792497 1.1899520637234671 0.57534058365854468 9.1348629122949188 2.8621567644295283 1.5498612759984087 11.854957939998711 26.021705448394641 324.64660047029611 15.132513526477849 22.392329762020381 7.2060407704557283 19.31915575923631 4.1771539921173817 0.67381309007760126 14.244291471259205 5.3459310323523814
leaf_count=277 268 17 3282 77062 273 14270 115 140 801 1832 35 359 1089 207 100 22 5171 116 102 1014 998 15651 2661 2921 464 9139 498 83 1709 449
internal_value=-2.61187e-05 -0.00105338 -0.00183012 -0.0201457 -0.038534 0.0432304 0.00509688 -0.00788684 0.0116478 -0.0372837 -0.00167982 0.0297054 -0.034259 0.0002244 0.0391271 0.0533986 0.0373537 0.0223667 3.47284e-05 -0.000162547 -0.000693243 0.0017799 -0.00678645 -0.00108825 -0.00742122 -0.0111021 -0.00137675 0.0287043 -0.0244456 -0.00942914
internal_weight=589.809 576.127 564.706 56.9558 32.9518 13.6819 24.0041 15.2498 8.38223 3.01447 6.86267 3.49538 3.36729 507.75 5.36776 4.62745 11.4205 3.4375 506.404 504.855 493 350.668 142.331 107.609 85.2162 77.3364 58.0172 7.87985 34.7227 19.5902
internal_count=141125 126587 121139 81961 78818 14538 3143 3028 2888 1849 1756 394 1362 39178 1039 238 5448 138 38971 38869 37855 16649 21206 16387 13466 12919 3780 547 4819 2158
is_linear=0
shrinkage=0.05


Tree=143
num_leaves=31
num_cat=0
split_feature=29 38 36 26 10 6 22 23 28 7 12 10 6 10 6 28 12 11 7 10 10 38 8 32 29 19 13 32 26 21
split_gain=9.9008 6.44468 7.91531 12.7867 3.16959 3.01195 2.6558 2.58017 2.56349 2.4333 4.12231 3.48241 3.8207 3.06427 2.43111 2.2862 5.80637 2.52146 3.22133 2.28602 4.62035 2.27021 5.73897 2.98977 6.761 4.64767 3.13398 3.52371 3.0729 9.10474
threshold=0.55409699678421032 1.0000000180025095e-35 1.0000000180025095e-35 0.71490147709846508 0.74464204907417308 4.5000000000000009 0.1853345260024071 3.5000000000000004 0.19781789183616641 0.22886905074119571 0.063508063554763808 0.88805347681045543 3.5000000000000004 0.27334994077682501 5.5000000000000009 0.15557313710451129 0.080540537834167494 0.040833333507180221 0.37965516746044164 0.70659971237182628 0.71010184288024913 2.5000000000000004 0.95553359389305126 0.092073101550340666 0.29695767164230352 0.30217391252517706 1.0000000180025095e-35 0.040412429720163352 0.28513357043266302 3.5000000000000004
decision_type=2 2 2 2 2 2 2 2 2 2 2 2 2 2 2 2 2 2 2 2 2 2 2 2 2 2 2 2 2 2
left_child=1 8 3 5 19 -3 9 14 -1 13 11 -11 -13 -5 21 16 -12 -17 -19 -2 -21 -4 -23 24 -24 28 27 -26 29 -25
right_child=4 2 7 6 -6 -7 -8 -9 -10 10 15 12 -14 -15 -16 17 -18 18 -20 20 -22 22 23 25 26 -27 -28 -29 -30 -31
leaf_value=-0.010159664277909939 0.050212938302193803 -0.046362299591968165 -0.0020068918845536437 0.12785566205287391 0.050117188185485731 0.0691407391848569 0.081255894391401684 0.07064667219511292 0.049277316938373839 -0.030628883887057042 0.49194776733820061 0.050252804796800256 -0.037174035866651377 -0.05274135941964752 0.064002336735659443 -0.031832468357603491 0.061389395908621053 0.0099988358367843651 0.077141392449333213 -0.39387051014576113 -0.038002756848534422 0.044393546379466728 -0.27086160970661693 -0.016126726820849677 0.053646593456082227 0.039300599999523483 0.050628674551756264 -0.11376429145657317 0.0037653668579987493 -0.25985738473881054
leaf_weight=2.2914809329668051 0.40917464898666256 26.875488716454132 386.30922702513635 0.25425375148188978 12.07606232940452 0.57652665412751858 1.0715410519042041 1.2969199359649781 8.7075042641954479 8.5345011505996826 0.091619217477272197 3.6431650388985863 1.9021231308579443 3.0824048079084605 1.4808595590875473 1.5815512101398761 0.5387638682150282 4.3225168796489015 3.0447238748311065 0.11128795857075602 0.50552590191364288 8.9585142332361993 0.30429548956453745 8.2855209752451593 0.44236453669145737 8.613331283500882 0.94234792608767737 1.0859055907931177 88.454503754386678 0.40174491144716817
leaf_count=277 215 78674 30141 15 14106 26 70 207 5171 269 16 37 27 1771 102 690 91 231 44 11 206 2222 10 973 76 3501 353 70 1516 7
internal_value=-2.71166e-05 -0.00100963 -0.00175134 -0.0196739 0.042949 -0.0439366 0.00405705 0.000212922 0.0368945 0.000992788 0.00663019 -0.0105849 0.020264 -0.0389798 3.21363e-05 0.0319334 0.123966 0.0254503 0.0377474 -0.0414221 -0.10221 -0.000155897 0.00593028 0.00275537 -0.0484765 0.00409964 -0.0210863 -0.0653065 0.000978456 -0.0273981
internal_weight=586.196 573.094 562.095 55.5192 13.1021 27.452 28.0672 506.576 10.999 26.9956 23.659 14.0798 5.54529 3.33666 505.279 9.57918 0.630383 8.94879 7.36724 1.02599 0.616814 503.798 117.489 108.53 2.77491 105.755 2.47062 1.52827 97.1418 8.68727
internal_count=141125 126587 121139 81961 14538 78700 3261 39178 5448 3191 1405 333 64 1786 38971 1072 107 965 275 432 217 38869 8728 6506 509 5997 499 146 2496 980
is_linear=0
shrinkage=0.05


Tree=144
num_leaves=31
num_cat=0
split_feature=29 23 4 4 10 10 8 27 10 12 8 30 4 30 27 29 8 10 9 22 22 13 32 8 10 30 21 26 29 8
split_gain=9.36138 4.55108 9.07905 7.84586 6.78285 5.77908 4.85138 4.66921 3.90158 8.65908 6.32023 5.92236 5.6921 5.01588 5.91358 9.31725 4.58512 4.583 3.6352 3.43331 3.85263 3.35588 3.05603 3.03241 2.99301 2.9573 7.02156 3.61173 3.40467 3.59614
threshold=0.55409699678421032 1.0000000180025095e-35 0.31666667759418493 0.080128207802772536 0.70051544904708873 0.84660634398460399 0.6264534890651704 0.12245637550950052 0.80217391252517711 0.16472868621349337 0.66352203488349926 0.6249995529651643 0.58571431040763866 0.75012490153312694 0.52176406979560863 0.23606811463832858 0.95553359389305126 0.80901724100112926 0.45738406479358679 0.70396453142166149 0.73024791479110729 2.5000000000000004 0.092073101550340666 0.75255101919174205 0.74464204907417308 0.59600037336349498 9.5000000000000018 0.03238919377326966 0.19625350087881091 0.5617378056049348
decision_type=2 2 2 2 2 2 2 2 2 2 2 2 2 2 2 2 2 2 2 2 2 2 2 2 2 2 2 2 2 2
left_child=1 2 3 7 -5 8 -6 18 11 16 -11 23 17 14 15 -14 -10 -12 19 -1 -21 -8 -18 25 -2 28 -27 -28 29 -3
right_child=24 5 -4 4 6 -7 21 -9 9 10 12 -13 13 -15 -16 -17 22 -19 -20 20 -22 -23 -24 -25 -26 26 27 -29 -30 -31
leaf_value=-0.0089524110670546851 -0.037721343551427387 0.002647309493658264 -0.00033846157929293586 -0.043270566071430011 0.06352550847856879 0.033914649238751669 -0.032556881133623289 0.031429230605633518 0.064418936106007157 0.010776858070710264 -0.16986742481711004 0.047822056835383764 -0.41009802928611105 -0.069052875275467537 -0.4662357740025021 0.050363159933603276 -0.15273557257277448 0.0044724251051019986 -0.040638204875887117 0.17501115018360783 0.017434289346153497 0.16017900554737227 0.00048243774658439484 0.063056912874149856 0.050111929251527021 0.0051245482725518357 -0.3547542843857574 -0.098419055373540759 0.037139115262912352 -0.034725903781804075
leaf_weight=5.9424167085962853 1.0593444534461003 61.620330148754874 393.84043570370704 33.595972455223091 2.6881589714612337 18.111630331608467 4.1024684022268048 8.7073222563485597 2.4250526363903182 1.2302168540772984 0.62442440597806148 7.7622504064929663 0.21483149938285329 0.39749577664770186 0.28756791877094656 0.22483831900171936 0.46644147945335168 0.95118672045646235 7.0621805525734089 0.58849638514220703 1.1379387347260488 0.23900874680839468 1.0766310770413836 1.9854951481393062 11.488281117461154 1.1814419063157391 0.24325005494756613 0.3158400904503651 6.3024946035002349 7.1873384212085503
leaf_count=1034 432 3477 32036 71728 819 6975 887 848 460 203 7 3077 5 45 13 56 49 172 1893 16 97 8 342 403 14106 215 22 40 1200 460
internal_value=-2.38499e-05 -0.000963424 -0.00317801 -0.0206345 -0.0339251 0.00804182 0.0107384 0.0024022 0.00308295 -0.0305572 -0.0831582 0.00615129 -0.125953 -0.211873 -0.289937 -0.174627 0.0215458 -0.0646195 -0.0147553 0.00908006 0.0711481 -0.0219463 -0.0458325 0.00204836 0.0426965 0.000472162 -0.0639599 -0.209946 0.00196525 -0.00125653
internal_weight=583.061 570.513 457.904 64.064 40.6256 112.609 7.02964 23.4384 94.4971 7.89869 3.93056 86.5984 2.70034 1.12473 0.727238 0.43967 3.96813 1.57561 14.731 7.66885 1.72644 4.34148 1.54307 78.8362 12.5476 76.8507 1.74053 0.55909 75.1102 68.8077
internal_count=141125 126587 109366 77330 73442 17221 1714 3888 10246 1352 501 8894 298 119 74 61 851 179 3040 1147 113 895 391 5817 14538 5414 277 62 5137 3937
is_linear=0
shrinkage=0.05


Tree=145
num_leaves=31
num_cat=0
split_feature=29 38 36 26 29 10 20 4 23 22 6 20 9 21 9 32 27 12 25 20 6 26 26 29 21 8 32 29 6 10
split_gain=8.83391 6.01646 7.01374 12.0537 2.96918 2.85863 2.49793 3.99486 2.40397 2.35504 2.29772 2.33543 6.18845 4.23616 7.49447 5.01432 3.63158 3.68948 3.24509 4.29054 4.94572 11.9198 4.59475 3.96821 3.78908 4.79405 9.37056 4.4534 4.01017 6.10135
threshold=0.55409699678421032 1.0000000180025095e-35 1.0000000180025095e-35 0.71490147709846508 0.12552521377801898 0.74464204907417308 0.15587044507265094 0.19090909510850909 3.5000000000000004 0.1853345260024071 5.5000000000000009 0.94868421554565441 0.62626725435256969 5.5000000000000009 0.95783627033233654 0.78677597641944896 0.062612615525722518 0.26568628847599035 1.0000000180025095e-35 0.28174604475498205 3.5000000000000004 0.53957813978195202 0.02334665693342686 0.18414442986249926 2.5000000000000004 0.61200717091560375 0.40551222860813146 0.066391184926033034 1.5000000000000002 0.47856706380844122
decision_type=2 2 2 2 2 2 2 2 2 2 2 2 2 2 2 2 2 2 2 2 2 2 2 2 2 2 2 2 2 2
left_child=1 6 3 4 -3 -2 7 -1 10 -5 11 13 16 18 15 -15 -13 -18 -4 20 -20 -22 -21 24 25 26 27 -24 29 -26
right_child=5 2 8 9 -6 -7 -8 -9 -10 -11 -12 12 -14 14 -16 -17 17 -19 19 22 21 -23 23 -25 28 -27 -28 -29 -30 -31
leaf_value=-0.073412318025264489 -0.034724966077599298 -0.047978046360542918 -0.0023707136348413882 0.0011339450895471166 0.020078698949811964 0.050106887738867123 0.050473961316359651 0.051243002586247935 0.069908809479574396 0.07713462761483704 0.063721661131832502 0.04702369129885655 0.046339327432088809 -0.025471942039207631 0.047281776670814388 0.080192178198654235 -0.035012508726336697 0.0062409115794175357 -0.051215236168797418 -0.024686388239059946 -0.050688073153420082 0.35564700586042242 -0.014254489046144281 0.028827446248871957 -0.0050935253626223399 0.0091656156046858797 0.28432425644756509 0.077572333879896135 -0.01334524913967104 0.041292631035305172
leaf_weight=1.1903307549655422 1.0923249704646867 24.062925557984276 297.77012112390366 26.700708193267932 1.7169888635980886 10.929062707640695 7.9288742047792766 1.3970520312432197 1.2339880602667097 1.0597608367097553 1.4123010683688324 3.6085821776650873 9.6540546728647296 39.168970184458885 4.2612007106654337 1.155921802157535 7.8679369760211584 17.418646631762385 5.2913944431347764 9.0402340151194931 0.55976566392928351 0.26637002755887806 2.0476926706614931 27.401589774526656 18.193979480449347 14.054008732957298 0.44006771780550469 3.7172806455055252 28.105395087011857 11.614549087564226
leaf_count=14 432 78673 16926 3191 27 14106 5185 249 207 70 102 73 4247 2080 1701 21 77 273 4369 603 196 6 765 3718 1497 373 44 103 960 837
internal_value=-1.68125e-05 -0.000913972 -0.00162032 -0.0188268 -0.0434453 0.0423986 0.0365535 -0.00610493 0.000206515 0.00403528 3.55345e-05 -0.000143766 0.0116807 -0.00112808 -0.0157793 -0.0224431 0.000101085 -0.00659512 0.000432817 0.00734735 -0.0334514 0.0803261 0.00952497 0.0124544 0.0067153 0.0253272 0.0619321 0.0449559 0.000204619 0.0129803
internal_weight=580.362 568.341 557.824 53.5404 25.7799 12.0214 10.5163 2.58738 504.284 27.7605 503.05 501.638 38.5492 463.089 44.5861 40.3249 28.8952 25.2866 418.502 120.732 6.11753 0.826136 114.615 105.575 78.173 20.259 6.20504 5.76497 57.9139 29.8085
internal_count=141125 126587 121139 81961 78700 14538 5448 263 39178 3261 38971 38869 4670 34199 3802 2101 423 350 30397 13471 4571 202 8900 8297 4579 1285 912 868 3294 2334
is_linear=0
shrinkage=0.05


Tree=146
num_leaves=31
num_cat=0
split_feature=29 38 36 22 29 7 10 20 28 20 4 23 7 21 21 20 30 10 24 28 21 20 22 22 10 7 13 30 4 10
split_gain=8.33657 5.69644 6.48134 9.23341 4.52987 2.9047 2.41877 2.90057 2.73138 2.38205 3.76588 2.36561 3.05881 2.85857 2.47248 2.66674 4.05544 2.33248 2.25319 2.58922 2.28042 9.14939 4.18537 5.36377 3.94908 6.47438 6.27198 6.69936 6.10632 5.10687
threshold=0.55409699678421032 1.0000000180025095e-35 1.0000000180025095e-35 0.08856209367513658 0.039886362850666053 0.48181217908859258 0.85028737783432018 0.5419580638408662 0.56669798493385326 0.15587044507265094 0.19090909510850909 1.5000000000000002 0.03809869475662709 6.5000000000000009 11.500000000000002 0.87083333730697643 0.81015542149543773 0.84273937344551098 0.75000000000000011 0.52978479862213146 4.5000000000000009 0.69615384936332714 0.48733974993228918 0.31277173757553106 0.93405798077583324 0.57294833660125744 1.0000000180025095e-35 0.66684478521347057 0.41428571939468389 0.90054944157600414
decision_type=2 2 2 2 2 2 2 2 2 2 2 2 2 2 2 2 2 2 2 2 2 2 2 2 2 2 2 2 2 2
left_child=1 9 3 17 -5 -2 7 -6 -8 10 -1 18 13 -13 -14 16 -16 -3 20 -20 22 -22 23 -4 25 28 27 -27 -24 -28
right_child=5 2 11 4 6 -7 8 -9 -10 -11 -12 12 14 -15 15 -17 -18 -19 19 -21 21 -23 24 -25 -26 26 29 -29 -30 -31
leaf_value=-0.072444126381892598 -0.036640608969989032 -0.0068905518036587142 0.00085943202748748867 -0.047889422114965552 -0.055384738944070179 0.050096596884461692 0.1070227533594823 0.066202715721923766 0.0030244840393910399 0.05045284101318518 0.051188562660592997 -0.042105116034843501 0.0507335114710534 0.02209790618399024 0.05049583817331324 0.023799742138391023 -0.2067798110044694 0.025843663451117528 -0.017472866029801255 0.068376610793833031 -0.040217474419168189 -9.5269070535107457e-05 0.0062395784095798101 -0.019924731859843597 0.055878018531598878 0.052328865911835692 0.016680721656980143 -0.08197133936349002 0.048515223836643501 -0.07163771176120555
leaf_weight=1.1470284163951858 1.0633846762357269 14.974580271504239 294.90274144356954 22.381649796661808 2.566899306417326 10.457154823758172 0.83597244013799388 0.60638099658535782 2.579342153709149 7.5452562255959492 1.3302947564516214 3.1373863280750838 7.4652894868631829 3.8750675832852721 0.26818738563451949 1.7555215800530275 0.35716100863646716 8.5486129508935829 1.3649688843870529 2.4632326283026487 17.630406434298493 73.217598854273092 23.656613951490726 34.693538762250682 4.9083757472690186 1.1466422401135812 12.000191997969521 4.8828115228679962 13.368499846896155 1.8952992515405629
leaf_count=14 268 3028 18104 77062 1327 14270 35 35 359 5185 249 32 1896 58 54 479 28 115 60 585 1276 6644 1880 5165 1062 44 859 197 458 297
internal_value=-1.59171e-05 -0.000873713 -0.00154779 -0.0182662 -0.0371622 0.0420905 -0.000721509 -0.0321506 0.0284803 0.0364856 -0.00605476 0.000196991 0.0186101 -0.00662666 0.0365838 -0.00778303 -0.0964444 0.00500546 -0.000441561 0.0377664 -0.000744831 -0.00788158 0.000911451 -0.00132832 0.0128455 0.00913664 -0.0138445 -0.056431 0.0215039 0.00463438
internal_weight=577.026 565.506 555.483 52.4934 28.9702 11.5205 6.58859 3.17328 3.41531 10.0226 2.47732 502.99 16.8586 7.01245 9.84616 2.38087 0.625348 23.5232 486.131 3.8282 482.303 90.848 391.455 329.596 61.8584 56.9501 19.9249 6.02945 37.0251 13.8955
internal_count=141125 126587 121139 81961 78818 14538 1756 1362 394 5448 263 39178 2547 90 2457 561 82 3143 36631 645 35986 7920 28066 23269 4797 3735 1397 241 2338 1156
is_linear=0
shrinkage=0.05


Tree=147
num_leaves=31
num_cat=0
split_feature=29 38 36 26 6 7 20 26 23 26 21 13 26 11 37 7 8 7 20 7 21 20 7 21 8 27 19 27 11 29
split_gain=7.86499 5.39325 6.01732 11.1225 2.81049 2.77541 2.2716 3.55033 2.18798 3.216 2.22842 3.61993 2.38752 2.19147 5.40884 4.23521 7.36663 4.88632 5.93841 4.15059 3.96134 3.29782 8.1401 3.5505 6.81524 5.10372 3.87169 3.90434 3.49931 2.94096
threshold=0.55409699678421032 1.0000000180025095e-35 1.0000000180025095e-35 0.71490147709846508 4.5000000000000009 0.48181217908859258 0.15587044507265094 0.80079364776611339 1.5000000000000002 0.1003875993192196 16.500000000000004 1.5000000000000002 0.099549550563097014 0.10102041065692903 1.0000000180025095e-35 0.73431372642517101 0.71611723303794872 0.48435972630977636 0.56696429848670971 0.033520599827170379 12.500000000000002 0.87083333730697643 0.124143835157156 5.5000000000000009 0.6885775923728944 0.53688696026802074 0.53452381491661083 0.44456264376640325 0.31072796881198889 0.060075188055634506
decision_type=2 2 2 2 2 2 2 2 2 2 2 2 2 2 2 2 2 2 2 2 2 2 2 2 2 2 2 2 2 2
left_child=1 6 3 4 -3 -2 7 -1 13 10 12 -12 -10 15 19 16 17 18 -4 -15 21 23 -23 -21 25 26 -25 -28 -26 -18
right_child=5 2 8 -5 -6 -7 -8 -9 9 -11 11 -13 -14 14 -16 -17 29 -19 -20 20 -22 22 -24 24 28 -27 27 -29 -30 -31
leaf_value=-0.071492460180484649 -0.033781556967671121 -0.045519328635955418 -0.038645075073648803 0.0038679322429617212 0.06696189274559107 0.050092229490420484 0.05043257788237298 0.051136260499999309 0.011224128356953654 0.04202350999435446 0.05079278398240375 -0.18363059295472559 -0.11041962418405862 0.096923990424846895 0.050367028450082334 0.019935000319734799 -0.023934026171839248 0.030190322083696465 -0.0024810445960064824 0.0012688400045907651 -0.071488511809698382 -0.36993917239059415 0.050901439266178607 -0.066837509417084121 -0.17020233873494522 -0.13890198061721368 0.055336773404609088 -0.053796537463453323 0.032695636303231766 -0.070559521090954286
leaf_weight=1.1052444949746114 1.094863770296796 23.213792110364015 13.547058079857377 27.493477193522267 0.56895562028512259 9.9479987736558524 7.1800808671687264 1.2666771931108087 7.8103838588576764 7.5868060477660029 0.27620263106655407 0.40784958237782121 0.425340796180535 1.1184140588156868 5.578387885936535 13.664281405799555 8.0069060869282094 9.1258406868146249 70.044687727582641 337.99320539092878 1.9033517874777306 0.11765804747119446 4.9086477400269359 4.1096924928133358 0.22288932639639725 1.3878510361537335 1.807057587313466 1.4996942037250844 4.5606995269772597 5.8553257016465059
leaf_count=14 268 78674 13159 3261 26 14270 5185 249 1154 1295 58 22 18 21 3380 563 1201 1305 1932 11795 208 5 1925 83 20 20 84 31 679 220
internal_value=-1.22619e-05 -0.000832229 -0.00147539 -0.0177906 -0.0428284 0.0417764 0.0364182 -0.00600505 0.000191253 0.0180933 -0.00226079 -0.0889765 0.00494174 -0.000417462 0.00151018 -0.00627214 -0.00963208 -0.00454929 -0.00834187 0.000752341 0.000452323 0.000836299 0.0410502 0.000261389 -0.0247985 -0.0509 -0.034432 0.0058421 0.0232417 -0.0436284
internal_weight=573.829 562.786 553.234 51.2762 23.7827 11.0429 9.552 2.37192 501.958 16.5066 8.91978 0.684052 8.23572 485.452 365.208 120.244 106.58 92.7176 83.5917 359.629 358.511 356.607 5.02631 351.581 13.5879 8.8043 7.41644 3.30675 4.78359 13.8622
internal_count=141125 126587 121139 81961 78700 14538 5448 263 39178 2547 1252 80 1172 36631 18251 18380 17817 16396 15091 14871 14850 14642 1930 12712 917 218 198 115 699 1421
is_linear=0
shrinkage=0.05


Tree=148
num_leaves=31
num_cat=0
split_feature=20 9 4 4 10 7 28 25 32 38 8 21 10 10 32 5 9 9 35 10 28 4 28 28 10 7 8 10 10 32
split_gain=6.09305 7.55094 5.96886 9.33484 8.28501 8.20912 3.95543 3.8924 3.6266 3.04607 2.97056 2.64803 2.63953 4.9609 11.6726 4.54342 9.45408 3.52116 2.93337 4.56083 4.61739 7.16483 5.3908 7.45602 5.72519 4.50854 3.87445 3.80196 4.75693 4.54399
threshold=0.91106721758842479 0.77798241376876842 0.31666667759418493 0.095454547554254546 0.6911335587501527 0.15655637532472613 0.82640874385833751 0.75000000000000011 0.79425507783889782 1.0000000180025095e-35 0.6264534890651704 16.500000000000004 0.59299960732460033 0.58380147814750682 0.49651564657688146 0.73214286565780651 0.88144743442535411 0.84833145141601574 1.0000000180025095e-35 0.89022758603096019 0.33336104452610021 0.81666666269302379 0.35527384281158453 0.35717330873012548 0.82807883620262157 0.37089946866035467 0.64400920271873485 0.82807883620262157 0.85880398750305187 0.4550659060478211
decision_type=2 2 2 2 2 2 2 2 2 2 2 2 2 2 2 2 2 2 2 2 2 2 2 2 2 2 2 2 2 2
left_child=2 6 3 5 -5 8 -2 9 11 -4 -6 -1 13 17 -15 16 -16 -11 -14 20 25 22 24 -24 -22 26 -20 29 -29 -27
right_child=1 -3 7 4 10 -7 -8 -9 -10 12 -12 -13 18 14 15 -17 -18 -19 19 -21 21 -23 23 -25 -26 27 -28 28 -30 -31
leaf_value=-0.008866729673979272 0.0052190711113674878 0.044433266398117413 0.050375112229383373 -0.040277307623523412 0.052627309878828389 0.051990711350939904 -0.13852261258455539 0.031054016216962091 0.072453552946896801 0.032774805115134802 -0.0085378925483126696 -0.19604067911672696 -0.013440718249725906 -0.023514169666834277 0.11753461437457752 0.083938193630316238 0.53664622726058875 -0.0087935749050397308 -0.021695567792961779 0.0090254594980039883 -0.019708750623516944 0.070888524748980733 0.10036614837972724 -0.0070948376999247446 -0.088901839232449459 0.053385934641700522 0.11487744992737632 0.10425209957948019 0.0032065553202219668 0.00487783338268016
leaf_weight=34.58172096045746 33.753845579747576 16.409138181887101 2.9846874710638067 35.643735421093879 3.2215818909753562 7.1265361555851987 0.48547817335929622 10.366749278036876 1.3906472371309053 9.0082497416588065 5.1716510835685767 0.189999058842658 43.968978729768423 0.99016793482587562 0.28269493563857395 0.34138402176904492 0.25677076060674153 11.725833664109812 14.073590072548537 104.37172986153746 12.84034426030121 2.8657896696531671 1.6305234340106824 160.79728403031186 3.8968123549420843 5.4626940985617685 0.5391984937014066 2.5300144702196112 2.1584344603179488 41.538854094105773
leaf_count=4318 1946 16472 1421 72001 1124 1250 63 3810 109 4835 1124 1 2877 590 35 4 19 737 5374 7922 1079 112 127 12379 52 578 9 43 29 685
internal_value=-8.72551e-06 0.0165459 -0.0016213 -0.0135452 -0.0297533 0.00294294 0.00318096 0.00078553 -0.00672293 4.24264e-05 0.0149392 -0.00988948 -0.000315872 0.0163028 0.0942769 0.226686 0.31702 0.00926646 -0.00126291 0.0002552 -0.00343084 -0.0075456 -0.00880017 -0.0060161 -0.0358186 0.00786601 -0.0166561 0.0147984 0.0577335 0.0105156
internal_weight=570.605 50.6485 519.957 87.3259 44.037 43.2889 34.2393 432.631 36.1624 422.264 8.39323 34.7717 419.279 22.6051 1.87102 0.88085 0.539466 20.7341 396.674 352.705 248.334 182.031 179.165 162.428 16.7372 66.3028 14.6128 51.69 4.68845 47.0015
internal_count=141125 18481 122644 79927 74249 5678 2009 42717 4428 38907 2248 4319 37486 6220 648 58 54 5572 31266 28389 20467 13749 13637 12506 1131 6718 5383 1335 72 1263
is_linear=0
shrinkage=0.05


Tree=149
num_leaves=31
num_cat=0
split_feature=29 38 4 4 10 7 25 6 5 7 13 7 32 8 12 10 38 19 8 27 19 26 35 6 20 7 30 13 26 9
split_gain=7.0905 4.92132 3.78237 11.0422 8.74068 7.80981 6.27818 4.2703 10.5613 8.86781 5.53358 34.5761 4.82391 4.54614 4.22595 4.72713 4.48592 4.08759 3.71098 3.48119 3.11594 3.01334 3.18331 3.13121 2.87923 2.83239 2.79954 3.62567 3.15802 4.40291
threshold=0.55409699678421032 1.0000000180025095e-35 0.31666667759418493 0.080128207802772536 0.64967530965805065 0.15655637532472613 0.75000000000000011 1.5000000000000002 0.58571431040763866 0.52565789222717296 1.0000000180025095e-35 0.53907206654548656 0.022232520394027237 0.31180556118488317 0.24068965017795566 0.80901724100112926 1.5000000000000002 0.56385868787765514 0.42020373046398168 0.47593611478805548 0.27525253593921667 1.0000000180025095e-35 1.0000000180025095e-35 4.5000000000000009 0.56696429848670971 0.53033089637756359 0.19512154906988147 1.0000000180025095e-35 0.27093069255352026 0.46555346250534063
decision_type=2 2 2 2 2 2 2 2 2 2 2 2 2 2 2 2 2 2 2 2 2 2 2 2 2 2 2 2 2 2
left_child=1 -1 3 5 -5 20 7 9 10 18 17 -12 -11 -10 15 -6 -16 19 -4 -9 -3 -15 -23 -24 -14 -25 27 -22 29 -29
right_child=-2 2 6 4 14 -7 -8 8 13 12 11 -13 24 21 16 -17 -18 -19 -20 -21 26 22 23 25 -26 -27 -28 28 -30 -31
leaf_value=0.036143755308754563 0.041183559051632714 -0.051721883430982329 -0.0065711053683503162 -0.041418643209531723 -0.043148705637352985 0.050812857338552876 0.036776696891378191 -0.048853068139917522 0.043211299898203409 -0.3099345509946389 -0.048613514477530741 1.9340356239957002 -0.019881140826599981 -0.023418528367974686 -0.082723536334930542 0.049724039859765423 0.059784120829900068 -0.13092030830449825 0.054221637338023515 0.11605073192893828 -0.042084725222422431 -0.012956937873109904 0.00091691686162290111 -0.061333708899127551 0.053559364328610352 0.044027466855318227 -0.0083520104459346416 0.050970436477789254 -0.02016329272780518 -0.0075525967980355282
leaf_weight=8.8862722885387466 10.257390770886557 3.0821957317821207 3.1020264028775335 33.897300328710116 4.9624017879395961 7.6633887798525384 11.776490531919988 8.5233993542933533 5.9306618370756032 0.13603964971844007 0.16426919985679056 0.025388588663190603 10.459409495451835 14.302973076861234 0.62891402421519149 1.8927087680494876 4.5286648086621426 1.5399835396092392 13.15974201064091 0.33252741768956262 2.4900237239780862 42.052132297569187 313.78614742057107 0.70554978295694937 1.5297762427944679 6.6495823966688477 37.204099478432909 10.103919373126702 3.5477469447068861 4.7129516766872248
leaf_count=5448 14538 2092 443 69222 3271 1127 4468 6796 1799 9 137 11 1083 1232 1375 96 663 36 1939 4 87 2420 20671 18 190 449 968 297 95 141
internal_value=-1.03545e-05 -0.000767901 -0.00136548 -0.00944032 -0.0284311 0.00323138 0.00076798 -0.000235942 -0.00158535 0.0184938 -0.0508525 0.216794 -0.0138698 -0.00022519 0.00821699 -0.0175064 0.0424068 -0.0557353 0.0426251 -0.0426612 -0.00273247 -0.000907599 -2.10928e-05 0.0016728 -0.0105104 0.0339206 -0.000131748 0.014533 0.0222097 0.0323554
internal_weight=568.034 557.777 548.89 114.714 45.91 68.8043 434.176 422.4 394.013 28.387 10.5856 0.189658 12.1252 383.427 12.0127 6.85511 5.15758 10.3959 16.2618 8.85593 61.1409 377.496 363.193 321.141 11.9892 7.35513 58.0587 20.8546 18.3646 14.8169
internal_count=141125 126587 121139 79434 74627 4807 41705 37237 33573 3664 6984 148 1282 26589 5405 3367 2038 6836 2382 6800 3680 24790 23558 21138 1273 467 1588 620 533 438
is_linear=0
shrinkage=0.05


Tree=150
num_leaves=31
num_cat=0
split_feature=29 38 36 10 28 28 9 7 7 10 20 4 23 13 12 28 28 24 7 12 10 7 19 4 10 32 25 21 32 7
split_gain=6.67249 4.57321 5.02217 7.20466 3.62821 2.8951 6.58144 5.39263 2.79581 2.6443 2.28051 3.26074 2.15299 2.02911 2.58665 4.14906 2.35078 2.23965 2.14985 2.02017 2.35256 6.76346 1.99558 1.96396 6.15618 3.95103 3.12979 3.11164 5.27626 3.41945
threshold=0.55409699678421032 1.0000000180025095e-35 1.0000000180025095e-35 0.7320508360862733 0.14396417886018756 0.49524234235286718 0.90002635121345531 0.55684757232666027 0.48181217908859258 0.27334994077682501 0.15587044507265094 0.19090909510850909 3.5000000000000004 3.5000000000000004 0.64365079998970043 0.56061241030693065 0.25683985650539404 0.75000000000000011 0.37089946866035467 0.0745370388031006 0.25677657127380377 0.10652482509613038 0.26794873178005224 0.41428571939468389 0.65142410993576061 0.07502345368266107 0.75000000000000011 12.500000000000002 0.12917417287826541 0.67028987407684337
decision_type=2 2 2 2 2 2 2 2 2 2 2 2 2 2 2 2 2 2 2 2 2 2 2 2 2 2 2 2 2 2
left_child=1 10 3 9 -5 6 7 -6 -2 -3 11 -1 13 14 17 18 -15 23 -16 -18 -21 -22 -23 -4 25 -25 27 -26 29 -29
right_child=8 2 12 4 5 -7 -8 -9 -10 -11 -12 -13 -14 16 15 -17 19 -19 -20 20 21 22 -24 24 26 -27 -28 28 -30 -31
leaf_value=-0.070589547969847594 -0.035363802754716206 0.073971426304900625 -0.0055824347948537287 0.22912193240436737 -0.039286937032974256 -0.012219386675298786 0.073590763938570392 0.084858858493501721 0.050084559803038511 -0.038090743213787956 0.050404857800127947 0.051100170513827328 0.068611905133081269 -0.039132581728117045 -0.043790656937380892 0.057349158365424348 0.18701182391190715 0.039295562405697711 0.10047814019516693 0.050754953743833202 -0.088350197505444497 -0.055656149717791696 0.055288636144286175 0.093489880045295154 -0.0004596221591279617 0.019949544374953387 0.035400146065261762 -0.18758677599296425 0.050453465932914603 0.050443926631727101
leaf_weight=1.079626146703957 1.0744298228528339 0.53817119228188204 125.83737367737922 0.17554446010035718 4.1174296918397904 15.349741166195598 3.7949107676686253 1.1106988856190581 8.77971034334041 24.110616657984792 6.4312941548705567 1.1231910648057235 1.147309835301711 1.4277931821125083 8.0225793542049324 1.2868988013360638 0.19939316209638391 3.610795628046616 0.2668166280200247 4.8947067517728993 1.4613962402218019 0.46960682232747819 2.9606449131970294 1.9889912114595087 314.14207035140134 22.344488877395634 6.0836393407080314 0.7887751199887123 0.56045602064114064 0.18656667158938944
leaf_count=14 268 412 20106 33 2270 3883 221 133 14270 75009 5185 249 207 268 828 92 7 687 8 157 70 172 340 101 11839 833 3121 60 204 78
internal_value=-1.58384e-05 -0.000739294 -0.00130932 -0.016549 0.00262415 0.000992804 0.023469 -0.0129126 0.0407678 -0.035644 0.0353659 -0.00854137 0.000197162 3.908e-05 -0.000451189 -0.0261795 0.0208774 6.69164e-05 -0.039147 0.0294578 0.0262477 0.00172516 0.0401001 -0.000233225 0.0017117 0.0259606 -0.000122142 -0.000806716 -0.0718035 -0.142055
internal_weight=565.366 555.512 546.877 49.1971 24.5483 24.3728 9.02304 5.22813 9.85414 24.6488 8.63411 2.20282 497.68 496.533 485.119 9.57629 11.4135 475.543 8.2894 9.98575 9.78635 4.89165 3.43025 471.932 346.095 24.3335 321.762 315.678 1.5358 0.975342
internal_count=141125 126587 121139 81961 6540 6507 2624 2403 14538 75421 5448 263 39178 38971 37957 928 1014 37029 836 746 739 582 512 36342 16236 934 15302 12181 342 138
is_linear=0
shrinkage=0.05


Tree=151
num_leaves=31
num_cat=0
split_feature=29 11 19 26 23 12 28 8 12 28 13 10 27 10 12 22 30 22 10 32 25 30 7 27 7 26 27 12 12 12
split_gain=6.3411 3.47417 6.03629 8.58334 4.60028 4.59981 3.78156 6.95338 5.03534 3.81348 3.7675 4.18568 5.04856 3.91532 7.90569 5.91873 4.79094 3.31059 4.27621 3.30857 3.02314 2.84351 4.05099 3.55407 3.87378 3.53026 3.71846 4.29281 7.63257 3.83394
threshold=0.64495798945426952 0.067816093564033522 0.39565217494964605 0.55760720372200023 1.0000000180025095e-35 0.077935222536325469 0.23011428862810138 0.15849281847476962 0.080540537834167494 0.23149704188108447 1.5000000000000002 0.84660634398460399 0.234057292342186 0.80217391252517711 0.17445652186870578 0.40642170608043676 0.6249995529651643 0.59491634368896495 0.12183055281639101 0.16038929671049121 0.75000000000000011 0.19512154906988147 0.05298245698213578 0.09332089871168138 1.0000000180025095e-35 0.22749775648117068 0.11905605718493463 0.58658170700073253 0.56562754511833202 0.53614982962608349
decision_type=2 2 2 2 2 2 2 2 2 2 2 2 2 2 2 2 2 2 2 2 2 2 2 2 2 2 2 2 2 2
left_child=1 2 3 17 -3 19 8 -8 -7 -9 11 12 -6 16 -15 -16 -14 -1 -19 -5 -17 -4 23 -23 25 26 -25 28 29 -28
right_child=-2 4 21 5 10 6 7 9 -10 -11 -12 -13 13 14 15 20 -18 18 -20 -21 -22 22 -24 24 -26 -27 27 -29 -30 -31
leaf_value=-0.040490531103388461 0.050039487975482022 -1.0836584674328303e-05 0.018870400209481754 0.042416463980674203 0.028296445445789617 0.23491216155409667 0.42007425445433255 0.25900967678651282 -0.041754760197027903 0.012677845781513156 0.052682086201586265 0.03325495960892489 -0.028873471980190829 0.006712486752289454 -0.36917649930810997 -0.12927652011198962 0.044459340386082603 0.18198867435872523 -0.0069301903151743078 -0.055303270141135036 0.050323905392233706 -0.061239252395979264 0.01269977806149309 -0.048052698706066349 -0.045662789719849474 0.042224581990253862 -0.0079930358759144459 0.055093721271441853 -0.13447851050913717 0.083259090062601349
leaf_weight=31.132735215258435 6.257330455176997 368.34930700790574 19.516675859398674 1.0362790956569359 8.4877265912946331 0.17038826308271637 0.10606507729972037 0.15817514481023209 4.725003107014345 23.459484678154695 6.4213879582821383 13.35025874734856 6.4461149256676418 2.0774550263886331 0.23318501049652729 1.5037482994375748 3.4030147240846418 0.34697007125941981 2.1910004118981306 5.277553861393244 0.27755244640866283 3.5909460977418339 23.718769980361685 4.6238122393260808 5.7528425587224765 4.1064839001628561 10.684652037918569 3.157805750204715 1.1231901184655715 1.2900396298500698
leaf_count=69958 11008 29360 1170 342 895 35 16 47 4574 4275 2753 7963 867 778 6 101 1629 15 343 1609 108 148 2542 118 97 58 215 75 8 12
internal_value=-1.35901e-05 -0.00057617 -0.00719579 -0.0179999 0.00178063 -0.000636533 0.00788545 0.0161416 -0.0321251 0.0143276 0.0174175 0.0110885 -0.00210563 -0.0206153 -0.0617246 -0.132301 -0.00353594 -0.0360141 0.0188972 -0.0392647 -0.101292 0.00236003 -0.00319098 -0.0141701 -0.00867137 -0.000154368 -0.00848926 0.00276427 -0.00985199 0.0018376
internal_weight=562.976 556.719 146.169 68.6037 410.55 34.9329 28.6191 23.7237 4.89539 23.6177 42.2004 35.7791 22.4288 13.9411 4.09194 2.01449 9.84913 33.6707 2.53797 6.31383 1.7813 77.5652 58.0485 34.3298 30.7388 24.986 20.8795 16.2557 13.0979 11.9747
internal_count=141125 130117 85657 81214 44460 10898 8947 4338 4609 4322 15100 12347 4384 3489 993 215 2496 70316 358 1951 209 4443 3273 731 583 486 428 310 235 227
is_linear=0
shrinkage=0.05


Tree=152
num_leaves=31
num_cat=0
split_feature=20 9 4 20 8 6 7 5 21 22 27 8 28 10 12 7 28 26 22 26 25 21 10 10 38 21 13 7 26 11
split_gain=5.04099 6.6327 4.70817 8.32883 5.0432 3.82756 8.77232 6.53322 3.86541 3.95254 7.24671 3.64737 3.28988 3.275 3.0538 2.92947 4.71033 2.86666 3.08638 4.96157 4.52277 3.68421 4.03001 8.7138 4.80846 4.54529 3.69784 7.02747 3.81794 3.75462
threshold=0.91106721758842479 0.77798241376876842 0.31666667759418493 0.24264705926179889 0.81934732198715221 1.5000000000000002 0.3364779949188233 0.58571431040763866 7.5000000000000009 0.82385262846946727 0.69567963480949413 0.31180556118488317 0.82640874385833751 0.77459675073623668 0.44353370368480688 0.42980295419692999 0.32143892347812658 1.0000000180025095e-35 0.50167784094810497 0.33971422910690313 1.0000000180025095e-35 12.500000000000002 0.87939393520355236 0.79431909322738659 1.5000000000000002 6.5000000000000009 1.0000000180025095e-35 0.71583852171897899 0.13363095372915271 0.36899313330650335
decision_type=2 2 2 2 2 2 2 2 2 2 2 2 2 2 2 2 2 2 2 2 2 2 2 2 2 2 2 2 2 2
left_child=2 12 3 13 -5 6 -4 8 9 10 15 -9 -2 -1 -15 -7 -17 -13 19 20 -19 22 23 24 25 -20 28 29 -25 -28
right_child=1 -3 5 4 -6 7 -8 11 -10 -11 -12 17 -14 14 -16 16 -18 18 21 -21 -22 -23 -24 26 -26 -27 27 -29 -30 -31
leaf_value=-0.044796945566771919 0.0052263227110755477 0.04372993807687562 0.064048000511272088 -0.0056860152074241091 0.06701437364113387 -0.052045929955947562 0.0014818749756195914 0.037534635688180509 -0.11715345386662733 0.093225695701939962 -0.4705413908177013 -0.021502403192278766 -0.12212492066434365 -0.013092891176523555 0.1237344757400643 0.15233223045521538 -0.018704542844237115 -0.055224127728332351 -0.00070078392022113493 0.0011223409997106106 -0.0099757466714531107 -0.079982109254769368 0.039465802804295576 -0.0051629196099779407 0.032773496967485549 -0.22219020577837156 0.049638053564760615 0.048944129211352549 -0.082624822831952313 -0.073037676066774873
leaf_weight=20.203336442864387 33.161752970539965 14.495626366988288 7.6723443957089357 57.651445881507243 2.4884269357426083 5.8075284953811153 20.76592210502713 6.5174364096019408 1.3766269610496227 0.63278140820330087 0.094969265162945571 15.149487013230098 0.51499835518188675 1.8106702364020741 0.52632331702625368 0.48062281830061726 2.4778715753927827 6.8417471979191751 0.65525953964970785 286.01411145459861 28.641044659074396 1.0505314414622251 12.131078181060728 2.6635763744125125 19.025093297823332 0.35828014055732638 0.78545644436962936 3.699380382488016 3.9492565155378543 3.0289847795502283
leaf_count=69651 1946 16472 1159 9424 643 6282 2579 1857 93 25 1 1581 63 183 26 79 734 4446 138 8434 7345 242 5380 185 1017 49 70 716 175 130
internal_value=-1.29527e-05 0.015451 -0.00146649 -0.0123933 -0.00267787 0.000635388 0.0183616 -0.000620529 -0.0388544 -0.0275008 -0.0361222 0.000443764 0.00327882 -0.0383149 0.0177225 -0.0314158 0.00908127 -0.000185771 0.000689765 -0.00106545 -0.0187005 0.0126081 0.0147091 0.00591877 0.0271203 -0.078996 -0.0241555 -0.000156848 -0.051424 -0.0477767
internal_weight=560.672 48.1724 512.5 82.6802 60.1399 429.819 28.4383 401.381 10.8704 9.49377 8.86099 390.511 33.6768 22.5403 2.33699 8.76602 2.95849 383.993 368.844 321.497 35.4828 47.3469 46.2964 34.1653 20.0386 1.01354 14.1267 7.51382 6.61283 3.81444
internal_count=141125 18481 122644 79927 10067 42717 3738 38979 7214 7121 7096 31765 2009 69860 209 7095 813 29908 28327 20225 11791 8102 7860 2480 1204 187 1276 916 360 200
is_linear=0
shrinkage=0.05


Tree=153
num_leaves=31
num_cat=0
split_feature=29 38 11 20 7 37 7 13 32 21 9 10 7 9 10 11 28 28 8 32 28 6 7 10 32 7 20 7 21 32
split_gain=5.81208 4.5219 3.56395 6.63936 10.1036 6.03558 3.27585 3.15326 4.40661 3.66002 3.13636 3.59757 2.98414 2.98388 5.05165 2.7622 3.28238 3.93226 3.4506 2.76104 3.85072 4.54815 2.58207 2.78263 2.88786 3.13299 3.04007 3.52297 4.3151 2.52959
threshold=0.64495798945426952 1.0000000180025095e-35 0.078461539000272765 0.56696429848670971 0.53410854935646068 1.0000000180025095e-35 1.0000000180025095e-35 1.0000000180025095e-35 0.020841686986386779 8.5000000000000018 0.90002635121345531 0.92637759447097789 0.82683658599853527 0.70791891217231762 0.85270008444786083 0.040833333507180221 0.34312309324741369 0.40004013478755956 0.52041664719581615 0.65520823001861583 0.40004013478755956 1.5000000000000002 0.72318005561828624 0.2362911254167557 0.32341022789478308 0.70659971237182628 0.78759399056434642 0.05298245698213578 17.500000000000004 0.66682392358779918
decision_type=2 2 2 2 2 2 2 2 2 2 2 2 2 2 2 2 2 2 2 2 2 2 2 2 2 2 2 2 2 2
left_child=1 -1 3 4 -3 6 -4 8 -5 19 11 12 13 14 -6 16 -15 -18 -19 20 21 -10 23 -9 25 -25 -26 29 -29 -28
right_child=-2 2 5 7 10 -7 -8 22 9 -11 -12 -13 -14 15 -16 -17 17 18 -20 -21 -22 -23 -24 24 26 -27 27 28 -30 -31
leaf_value=0.036139415319766596 0.05003684135306477 -0.042702973153038781 0.080464124224522482 0.084290095979490054 0.054475949738060497 0.049241428006447867 0.00026671687951440782 0.020080944510831398 -0.053410331958021286 0.041201378458670557 -0.055741643695267809 -0.037457673675844579 0.078387164138661619 -0.068338868150887064 0.44995380578000949 0.095186430045837184 0.045675941157303862 0.19029283608185538 -0.02409468152681099 0.013879189474080121 -0.047400353757213354 0.054742198565769187 0.052299079840171431 0.021155610954855891 -0.040790050281069329 -0.097772951176137615 0.010099420264146905 0.057297987634301641 -0.17929385847211637 -0.023285449017472384
leaf_weight=8.2813914994185307 5.7416440145752849 27.65697641990846 1.2774495483754424 1.0552852370892676 0.43755556659016903 6.461359263630583 395.44430443695455 18.012110365671106 1.6960342670790951 2.1988085504272012 1.9959253562701622 3.2465792529692399 1.9439733669860277 1.4969426978059317 0.099020973779261112 0.8302039840200458 4.5325026786740619 0.19433283558464598 5.4888065342966001 3.5101773742935611 13.546535569650585 2.2773253700579517 2.80523010296747 13.349803915305525 6.7712943297810844 0.57773058279417533 9.3102275598794275 3.2964542334084395 0.20468888303730626 14.527905907481907
leaf_count=5579 11008 78157 106 53 207 4995 35676 457 163 151 134 59 27 113 7 51 238 6 1273 69 476 89 463 712 365 28 55 329 6 73
internal_value=-9.57058e-06 -0.000529633 -0.0010876 -0.00792804 -0.0230505 0.00130568 0.000524954 -0.000147109 -0.0156385 -0.0201783 0.00376932 0.0102707 0.0205849 0.0119938 0.127458 0.00705427 0.000807342 0.0109396 -0.0167638 -0.0265958 -0.0347051 0.00857714 0.00531645 0.00332104 -0.00296316 0.0162223 -0.0107967 -0.00336805 0.043466 -0.0102466
internal_weight=558.269 552.527 544.246 141.062 47.9228 403.183 396.722 93.1396 24.2842 23.2289 20.2658 18.2699 15.0233 13.0794 0.536577 12.5428 11.7126 10.2156 5.68314 21.0301 17.5199 3.97336 68.8554 66.0502 48.0381 13.9275 34.1106 27.3393 3.50114 23.8381
internal_count=141125 130117 124538 83761 80272 40777 35782 3489 1001 948 2115 1981 1922 1895 214 1681 1630 1517 1279 797 728 252 2488 2025 1568 740 828 463 335 128
is_linear=0
shrinkage=0.05


Tree=154
num_leaves=31
num_cat=0
split_feature=29 13 4 20 8 20 11 25 6 1 5 25 20 22 11 8 19 8 20 4 26 6 35 13 8 13 26 30 30 26
split_gain=5.52596 2.99446 3.97363 9.09674 5.33026 3.97704 3.82387 3.68148 3.67458 6.14024 6.05586 3.67674 3.74588 3.59687 3.82613 3.45615 3.00079 2.95151 2.74983 2.73851 2.67478 2.92002 2.62415 2.57978 5.49953 2.53721 2.66924 3.34041 4.83925 3.96129
threshold=0.64495798945426952 3.5000000000000004 0.29285715520381933 0.24264705926179889 0.81934732198715221 0.93933823704719555 0.51668518781661998 1.0000000180025095e-35 1.5000000000000002 1.0000000180025095e-35 0.58571431040763866 0.75000000000000011 0.63068181276321422 0.97162976861000072 0.31339286267757421 0.31180556118488317 0.41885964572429663 0.26365442574024206 0.69615384936332714 0.080128207802772536 1.0000000180025095e-35 4.5000000000000009 1.0000000180025095e-35 1.0000000180025095e-35 0.63762626051902782 1.0000000180025095e-35 0.34156504273414617 0.19512154906988147 0.21917759627103808 0.21076774597167972
decision_type=2 2 2 2 2 2 2 2 2 2 2 2 2 2 2 2 2 2 2 2 2 2 2 2 2 2 2 2 2 2
left_child=1 2 3 -1 6 8 7 -5 9 13 11 12 16 14 22 -12 23 19 -19 25 -17 -22 -4 -10 -25 -9 27 -27 -29 -30
right_child=-2 -3 5 4 -6 -7 -8 17 10 -11 15 -13 -14 -15 -16 20 -18 18 -20 -21 21 -23 -24 24 -26 26 -28 28 29 -31
leaf_value=-0.040034080889823576 0.050035052981952793 0.023075682218398008 0.050085694592828425 -0.034022822207381363 0.062399686448671422 0.037493865962727281 -0.061151385426657802 -0.032540840884434999 -0.037216052101993545 -0.021481809288904224 0.036473986440263804 0.068032603752544968 -0.077260510878484956 -0.17460930102039285 0.04371519848452645 -0.021068501740322928 0.10388657471474197 -0.0055951178363878072 0.032628504581070701 -0.049783996543764662 -0.00025836756478569235 0.029996148297651994 -0.038988719242555425 -0.050482333393132045 0.3920116595016242 0.029264995735811018 -0.031818024887626521 -0.06038808569600268 -0.0036716935690383305 0.061375329787779966
leaf_weight=20.172562294334057 5.461810936627443 13.139746153930899 1.1981926987355209 8.4495678481325722 3.0409342415514393 7.3404817964474196 2.9258595336286808 6.0610353230731553 4.7416096511005854 7.3972757968585929 6.4501073491410343 0.77160944440402168 4.8292871544836089 0.20966250856872548 17.033228092739591 15.08450802855077 0.47001496714074154 7.8439860552316558 11.758756256400373 3.2801952409354262 358.16188018702087 8.1569103338697442 2.6678791269368958 0.18915958193247195 0.11167256379849277 11.441973745735593 5.0080765536695244 3.24696348779253 16.343279409222308 2.7317984514229456
leaf_count=67866 11008 3845 101 2242 1266 6079 230 373 6797 964 1845 38 293 12 1121 1226 3 2443 1404 1224 26337 776 1568 155 8 678 440 158 483 142
internal_value=-9.95881e-06 -0.000506701 -0.00108361 -0.00994969 -0.00256066 0.00100245 -0.00505827 -0.00290349 0.000375825 0.0177186 -0.000863318 -0.0372549 -0.0451105 0.0314557 0.0335229 0.000179428 -0.0169449 0.000979561 0.0173334 -0.00568347 -0.000434368 0.000415317 -0.0113823 -0.0282078 0.113777 -0.00245687 0.00224599 0.00729857 -0.00396112 0.00564388
internal_weight=555.72 550.258 537.118 102.305 82.1324 434.813 79.0915 76.1656 427.473 28.5062 398.967 11.1134 10.3417 21.109 20.8993 387.853 5.51246 67.7161 19.6027 48.1133 381.403 366.319 3.86607 5.04244 0.300832 44.8331 38.7721 33.764 22.322 19.0751
internal_count=141125 130117 126272 78949 11083 47323 9817 9587 41244 3766 37478 7294 7256 2802 2790 30184 6963 7345 3847 3498 28339 27113 1669 6960 163 2274 1901 1461 783 625
is_linear=0
shrinkage=0.05


Tree=155
num_leaves=31
num_cat=0
split_feature=29 38 36 22 29 10 29 28 6 28 10 12 12 8 13 10 19 28 27 10 32 28 13 21 4 10 6 4 7 7
split_gain=5.25405 4.21227 3.82433 7.36966 4.28165 2.09329 2.41835 2.29483 2.00989 1.87176 1.85068 2.77758 2.22054 1.9964 1.73675 3.9725 3.87339 3.24434 2.45493 3.13565 5.62927 2.64291 2.37514 2.34078 2.18093 5.56667 4.74245 3.93324 4.10931 4.03784
threshold=0.64495798945426952 1.0000000180025095e-35 1.0000000180025095e-35 0.08856209367513658 0.039886362850666053 0.85028737783432018 0.041812354698777206 0.56669798493385326 5.5000000000000009 0.19781789183616641 0.84273937344551098 0.19098278135061267 0.19292803853750232 0.66352203488349926 2.5000000000000004 0.67962265014648449 0.43874999880790716 0.28740146756172186 0.015310463495552542 0.25677657127380377 0.87928041815757763 0.60127702355384838 4.5000000000000009 5.5000000000000009 0.41428571939468389 0.65142410993576061 1.5000000000000002 0.31666667759418493 0.52565789222717296 0.3442887961864472
decision_type=2 2 2 2 2 2 2 2 2 2 2 2 2 2 2 2 2 2 2 2 2 2 2 2 2 2 2 2 2 2
left_child=1 9 3 10 -5 6 -6 -7 14 -1 11 -3 -13 -14 24 16 22 -17 -18 -20 21 23 -16 -21 26 -26 27 28 -4 -29
right_child=-2 2 8 4 5 7 -8 -9 -10 -11 -12 12 13 -15 15 17 18 -19 19 20 -22 -23 -24 -25 25 -27 -28 29 -30 -31
leaf_value=-0.0079031222295533245 0.050033352991854664 -0.02460089743381192 -0.0096589788942195148 -0.04735260638953908 0.051596815480270709 0.098712825660758674 -0.055786322443570902 0.0037040766737374956 0.062233603017585265 0.049105647444556928 0.024220760377488281 0.18403452972331097 0.0054405988873748728 0.10731516560177395 -0.045954669358682726 -0.06153439509910659 -0.073441011843584272 0.061777606734106011 0.043201332830086626 0.024601912302060304 -0.13862558303988812 0.059826329294607933 0.016992386238895821 -0.042921086874260557 0.024078247023298253 -0.00040596137618668736 -0.023642718673503732 0.051206484073503179 0.035236116120680519 0.0025627272182788818
leaf_weight=1.8865299506578583 5.1956074310292015 8.1646317062259204 64.444055109328474 17.18151001245133 0.68876262867706772 0.85398673897725563 2.195889144015382 2.4850072952103801 1.3052132058655832 6.0805163627373986 8.3376083599869144 0.19881623264518467 5.5717073804553365 0.52632819832069788 5.1383454689348644 0.59465444317902338 0.72749039111659186 5.1785680350731127 7.7008351221447793 2.6873856912134215 0.68515333905816067 2.0216199241694994 2.1155749023309909 2.4569429304683581 25.032151351246284 319.74376718493295 30.074375885451445 6.5888395497167975 5.5347072620352256 12.101797420211367
leaf_count=277 11008 1144 12641 77062 273 35 1089 360 156 5302 115 10 1856 18 1553 19 9 503 163 79 4 385 205 56 1022 18909 4566 428 863 1015
internal_value=-1.05442e-05 -0.00048475 -0.0010169 -0.014773 -0.0344816 0.00105107 -0.0301467 0.0280037 0.000269378 0.0356064 0.00545949 -0.00535711 0.0195948 0.0142335 0.000105271 0.0119096 0.00279191 0.0490762 0.0163326 0.020532 -0.00170339 0.0113881 -0.0275964 -0.00764722 -0.000641074 0.00137169 -0.0064852 -0.000665813 -0.00610817 0.0197107
internal_weight=553.498 548.303 540.336 46.2042 23.4052 6.22365 2.88465 3.33899 494.131 7.96705 22.7991 14.4615 6.29685 6.09804 492.826 29.3066 23.5333 5.77322 16.2794 15.5519 7.8511 7.16595 7.25392 5.14433 463.52 344.776 118.744 88.6694 69.9788 18.6906
internal_count=141125 130117 124538 81962 78819 1757 1362 395 42576 5579 3143 3028 1884 1874 42420 2976 2454 522 696 687 524 520 1758 135 39444 19931 19513 14947 13504 1443
is_linear=0
shrinkage=0.05


Tree=156
num_leaves=31
num_cat=0
split_feature=29 38 36 26 29 25 12 29 29 6 22 22 13 21 20 23 26 22 19 3 7 12 22 32 22 19 26 26 20 5
split_gain=4.99545 3.94486 3.53556 9.08668 2.57617 2.10745 4.37035 4.77316 6.18703 8.28108 3.97763 3.62148 3.17936 4.47958 5.05722 3.30897 3.17105 7.28124 7.33628 3.08481 3.02279 3.99052 3.01671 3.01326 2.88528 4.60501 3.94907 3.64906 3.41197 3.20857
threshold=0.64495798945426952 1.0000000180025095e-35 1.0000000180025095e-35 0.71490147709846508 0.12552521377801898 1.0000000180025095e-35 0.042109929025173194 0.28708791732788091 0.28496241569519049 3.5000000000000004 0.20280062407255176 0.29046043753623968 1.5000000000000002 2.5000000000000004 0.28174604475498205 2.5000000000000004 0.74731057882308971 0.53378996253013622 0.20344828069210055 1.0000000180025095e-35 0.23769168555736545 0.29478609561920172 0.27236364781856542 0.80029985308647167 0.70396453142166149 0.41421568393707281 0.20468236505985263 0.29740898311138159 0.60769233107566845 0.81666666269302379
decision_type=2 2 2 2 2 2 2 2 2 2 2 2 2 2 2 2 2 2 2 2 2 2 2 2 2 2 2 2 2 2
left_child=1 -1 3 4 -3 16 7 8 10 11 -7 -10 13 14 -8 23 17 -4 -19 24 -16 -22 -12 -15 25 27 28 -20 -26 -30
right_child=-2 2 5 -5 -6 6 12 -9 9 -11 22 -13 -14 15 20 -17 -18 18 19 -21 21 -23 -24 -25 26 -27 -28 -29 29 -31
leaf_value=0.035101082825579 0.050031734742657374 -0.046840229024809624 -0.044711020386245713 0.0044530263563154404 0.018091580369622932 -0.02448796322849929 -0.050876090383290766 0.050224908900059297 -0.21195366121325346 -0.37893942362353994 0.056111498927510085 0.050619908849690143 0.010788844757764995 -0.012055261341723349 0.091503253886030311 0.062122376740489232 3.246055535533244e-06 0.12332349569661871 -0.027320172574280384 0.054127376558280788 0.0023259980982648187 0.073263819830181903 0.012585381619409709 0.02822682096469753 0.029934361130046629 -0.066419583628247444 0.097394241269551332 0.059281324786948857 -0.026698473207293405 0.022028909887876258
leaf_weight=7.6876456711324854 4.9423705327499183 17.043878618020248 13.794138779776402 26.58543521707179 1.6779499052790914 5.5281923567818074 2.0002931198105207 9.512979432998689 0.1879399074241509 0.23098219884559512 5.2289852269459542 0.43587035778909922 51.269863615976647 82.955687530600699 1.9784104502759863 1.6288068604189891 248.77784758049529 1.1265910416259419 3.9463814778428041 2.0076534646796054 6.6288228091725596 2.8284032506635413 16.677277325114119 4.9177286892663679 5.5751011508982691 4.9825339890085161 0.99444123695138742 1.7583581603830678 13.783573615539355 4.4752404121099962
leaf_count=5579 11008 78673 7069 3261 28 769 2422 7379 9 16 505 73 5029 6705 344 258 7965 66 530 352 320 120 1206 46 185 220 68 43 394 483
internal_value=-1.01708e-05 -0.00046296 -0.000970636 -0.0143376 -0.0410207 0.000257224 0.00435081 0.0195864 0.00928349 -0.123187 0.0134109 -0.0284876 0.000615983 -0.00445076 0.0224698 -0.00849203 -0.00235219 -0.0135256 -0.00239554 -0.00617011 0.0352992 0.0235416 0.022975 -0.00980092 -0.00957865 -0.0313004 -0.0002286 -0.000627202 -0.00430179 -0.0147554
internal_weight=551.169 546.227 538.539 45.3073 18.7218 493.232 192.01 37.8022 28.2892 0.854792 27.4345 0.62381 154.208 102.938 13.4359 89.5022 301.222 52.444 38.6499 37.5233 11.4356 9.45723 21.9063 87.8734 35.5156 10.6873 24.8284 5.70474 23.8339 18.2588
internal_count=141125 130117 124538 81962 78701 42576 25201 9957 2578 98 2480 82 15244 10215 3206 7009 17375 9410 2341 2275 784 440 1711 6751 1923 793 1130 573 1062 877
is_linear=0
shrinkage=0.05


Tree=157
num_leaves=31
num_cat=0
split_feature=29 38 36 26 29 22 25 12 29 29 32 30 26 22 13 21 8 32 29 7 8 23 22 32 7 28 5 30 32 9
split_gain=4.74918 3.66028 3.25234 8.61098 2.46896 2.05803 1.91328 4.0355 4.68219 5.00903 4.6795 3.66787 2.8972 6.81527 2.87543 4.04929 3.324 5.61525 6.98506 3.47751 3.22115 3.08862 3.01353 2.93015 2.87723 2.8076 3.47495 3.57842 2.72327 2.76021
threshold=0.64495798945426952 1.0000000180025095e-35 1.0000000180025095e-35 0.71490147709846508 0.12552521377801898 0.1853345260024071 1.0000000180025095e-35 0.042109929025173194 0.28708791732788091 0.28496241569519049 0.50982001423835765 0.33962218463420873 0.74731057882308971 0.53378996253013622 1.5000000000000002 2.5000000000000004 0.61200717091560375 0.49651564657688146 0.066391184926033034 0.58898946642875682 0.18808962404727939 2.5000000000000004 0.26221549510955816 0.40551222860813146 0.84045451879501354 0.62196046113967907 0.77500000596046459 0.40014676749706274 0.80029985308647167 0.5557633936405183
decision_type=2 2 2 2 2 2 2 2 2 2 2 2 2 2 2 2 2 2 2 2 2 2 2 2 2 2 2 2 2 2
left_child=1 -1 3 4 -3 -5 12 8 9 11 -11 -8 13 -4 15 16 17 18 -9 -18 -16 28 -20 -21 -25 -13 -27 -28 29 -17
right_child=-2 2 6 5 -6 -7 7 14 -10 10 -12 25 -14 -15 20 21 19 -19 22 23 -22 -23 -24 24 -26 26 27 -29 -30 -31
leaf_value=0.034295164110099509 0.05003019362486813 -0.046477296606257996 -0.043643094718918383 0.0014471314218045337 0.01714716169277955 0.073785532422374359 -0.013703336071451404 -0.029940786264960148 0.050214198879818511 0.050563926164606511 -0.18300581978050418 0.051115507673618402 3.0835940222918923e-06 -0.0022755633569206141 -0.0037280277085086806 -0.031710579225899913 -0.049054479451425319 0.2559561809064228 0.15439240623792322 0.06542776022434274 0.021519436987125957 0.061655647471345935 0.051067704702279185 -0.034024605735565788 0.089919341837796624 -0.026523434283280963 -0.15903375241174519 0.036891379691922355 0.026931313178005786 -0.0073398567241614561
leaf_weight=7.4802270406507878 4.7014693414384956 16.336090136028364 13.434371144889154 25.579290977533677 1.6817484414204944 1.0225303649203841 8.813751356719882 2.1950676462583925 9.050907359865958 0.32484411261975665 0.63095333462115377 6.7731971472967443 248.7777390643605 38.459200917714043 22.777277706118184 13.967075653839855 2.4536363616934977 0.31431076419539739 1.0712383410427722 2.2967296521237586 28.36662598856492 1.5608025686524332 2.0679299315088429 2.3915099604928405 0.58223071065731336 4.0862342511536536 0.24068943224847306 7.3433884721016511 4.8971161934896363 69.090618035639636
leaf_count=5579 11008 78673 7069 3191 28 70 1001 1962 7379 60 38 554 7965 2341 1010 934 757 15 31 37 4019 258 61 310 33 420 25 480 46 5771
internal_value=-7.12535e-06 -0.000439515 -0.000923729 -0.0138494 -0.0405387 0.0042277 0.000248582 0.00415775 0.0189225 0.00888397 -0.103623 0.0128291 -0.00223855 -0.0129849 0.000585807 -0.00423067 0.0214329 0.0505835 0.0384823 0.000115436 0.0102753 -0.00806453 0.0863272 0.0230062 -0.00975754 0.0255084 0.0106466 0.0306735 -0.00930175 -0.0114381
internal_weight=548.769 544.067 536.587 44.6197 18.0178 26.6018 491.967 191.296 37.264 28.2131 0.955797 27.2573 300.671 51.8936 154.032 102.888 13.3727 5.64855 5.33424 7.72411 51.1439 89.5156 3.13917 5.27047 2.97374 18.4435 11.6703 7.58408 87.9548 83.0577
internal_count=141125 130117 124538 81962 78701 3261 42576 25201 9957 2578 98 2480 17375 9410 15244 10215 3206 2069 2054 1137 5029 7009 92 380 343 1479 925 505 6751 6705
is_linear=0
shrinkage=0.05


Tree=158
num_leaves=31
num_cat=0
split_feature=23 10 4 20 20 26 10 22 10 7 7 32 22 20 10 11 10 28 28 32 27 27 22 28 26 7 4 10 5 28
split_gain=3.64613 7.02201 4.69596 5.15418 3.69789 5.53368 3.48456 2.73208 3.35081 5.6289 3.38754 3.28105 2.94461 2.69863 2.53312 2.45913 2.31882 2.30592 3.51006 2.67239 2.20245 4.3019 2.56726 2.19922 3.51249 3.92304 3.62179 2.73053 2.6156 2.42489
threshold=1.0000000180025095e-35 0.84660634398460399 0.31666667759418493 0.32291667163372045 0.3717105239629746 0.29740898311138159 0.77459675073623668 0.20398256927728656 0.80217391252517711 0.48181217908859258 0.60208335518836986 0.0071364908944815406 0.20463493466377261 0.91987180709838878 0.77836257219314586 0.57793521881103527 0.57804551720619213 0.55344393849372875 0.5782008469104768 0.24252682924270633 0.52176406979560863 0.564741611480713 0.86262255907058727 0.34169365465641027 0.55760720372200023 0.16345082968473437 0.074175827205181136 0.69614070653915416 0.46428571641445165 0.34620293974876409
decision_type=2 2 2 2 2 2 2 2 2 2 2 2 2 2 2 2 2 2 2 2 2 2 2 2 2 2 2 2 2 2
left_child=2 7 3 6 5 -3 -1 -2 9 15 11 -10 -11 17 -8 -9 -17 -12 -19 20 -20 -22 -23 -5 26 -26 29 -28 -27 -25
right_child=1 4 -4 23 -6 -7 14 8 10 12 13 -13 -14 -15 -16 16 -18 18 19 -21 21 22 -24 24 25 28 27 -29 -30 -31
leaf_value=-0.044040696580176369 0.037068873619354771 -0.11279181610650875 -0.00014902301344902274 -0.029007648643993592 0.043910347873120252 0.03725246172902099 0.11848333698606242 9.2642792613885236e-05 -0.099023852096374598 -0.13105747807714871 0.051765084825688902 0.03649402078953197 0.048153352512367922 0.050080905428539171 -0.0075563301285094669 -0.15694250167920418 -0.026996123574792842 -0.24087964871065493 0.050434234175144046 0.0029812536838520263 -0.24255207507396881 0.05043873659062801 -0.1051904511850474 0.14355953192524529 0.20454540125345289 0.055683664289719187 -0.045697325148228336 0.013115108433406268 -0.062456211304846014 0.0096145725980156527
leaf_weight=17.256125479107144 5.2923284211574346 0.99488821416162254 387.25053631042465 6.8463129907759166 16.911896772508044 1.6071312215644864 0.52908506468520444 65.912412826583022 0.55379259615438003 0.2362003008602177 0.33834315725835074 2.3084274144785013 7.7484093922103057 0.50049441587179888 1.6168810940289402 0.44788728840649028 1.4702308365085626 0.32739723456325043 0.22866788343526501 0.92344049454550248 0.49287250940687988 0.33014622516930092 1.3426730425562707 0.34757747920230642 0.37033393519231994 2.3099791564163756 6.4984047468606132 2.8343391770031303 0.58770927001023654 12.126959013607118
leaf_count=70733 892 22 33908 2854 18070 28 25 5300 14 2 31 595 3499 711 188 4 207 10 51 243 14 111 83 59 17 101 1801 159 51 1342
internal_value=-6.27689e-06 0.00822466 -0.00203256 -0.0162443 0.0353728 -0.0201173 -0.0365683 0.00223547 1.86973e-05 0.0031429 -0.0322238 0.0102735 0.0428519 -0.0593505 0.0235186 -0.00153142 -0.0573391 -0.0730995 -0.0846893 -0.0692766 -0.0971445 -0.112727 -0.0744756 -0.00389131 0.00296621 0.0513069 -0.00427809 -0.0278361 0.0317225 0.0133467
internal_weight=546.542 107.968 438.574 51.3237 19.5139 2.60202 19.4021 88.4537 83.1614 75.8151 7.34625 2.86222 7.98461 4.48403 2.14597 67.8305 1.91812 3.98354 3.6452 3.3178 2.39436 2.16569 1.67282 31.9216 25.0753 3.26802 21.8073 9.33274 2.89769 12.4745
internal_count=141125 29887 111238 77330 18120 50 70946 11767 10875 9012 1863 609 3501 1254 213 5511 211 543 512 502 259 208 194 6384 3530 169 3361 1960 152 1401
is_linear=0
shrinkage=0.05


Tree=159
num_leaves=31
num_cat=0
split_feature=29 38 36 26 25 10 32 20 5 29 12 10 7 9 10 11 9 12 10 23 26 24 26 13 12 28 28 7 23 26
split_gain=4.35319 3.43798 2.84599 8.16203 2.36342 2.30856 2.31737 2.1456 2.81935 1.92966 2.1288 2.80804 2.79798 2.75182 2.61848 2.4444 3.26407 2.61331 2.79824 1.78416 1.70509 1.67803 2.52886 1.91735 2.7632 3.63945 2.14688 1.99392 1.89709 1.73447
threshold=0.64495798945426952 1.0000000180025095e-35 1.0000000180025095e-35 0.77038103342056286 0.75000000000000011 0.85028737783432018 0.60007363557815563 0.15587044507265094 0.46428571641445165 0.039886362850666053 0.17902930825948718 0.7320508360862733 0.22886905074119571 0.76799523830413829 0.27334994077682501 0.39433813095092779 0.90381237864494335 0.40778534114360815 0.80217391252517711 3.5000000000000004 0.25750075280666357 0.75000000000000011 0.093883547931909575 3.5000000000000004 0.64365079998970043 0.56061241030693065 0.25683985650539404 0.37089946866035467 1.5000000000000002 0.054446639493107803
decision_type=2 2 2 2 2 2 2 2 2 2 2 2 2 2 2 2 2 2 2 2 2 2 2 2 2 2 2 2 2 2
left_child=1 7 3 4 5 -3 20 8 -1 10 11 -5 14 -14 -12 17 -17 18 -15 21 -7 23 28 24 29 27 -25 -26 -23 -4
right_child=-2 2 19 9 -6 6 -8 -9 -10 -11 12 -13 13 15 -16 16 -18 -19 -20 -21 -22 22 -24 26 25 -27 -28 -29 -30 -31
leaf_value=-0.069115777380258162 0.050028112034138476 -0.051763601263630526 -0.0077029391732010288 -0.058076822577369625 0.042712047954540519 -0.054452104198428657 -0.035555666682635788 0.050404740666684024 0.051182290854577178 0.063202487497803592 0.11712756786036729 0.00062609057116972452 -0.051329750361274629 0.17108753728151227 -0.053313702580974703 -0.058788179428547804 0.070355796616033014 0.025186979031354275 0.052617093628638478 0.065404042001635701 0.076543591073901698 0.082003668211577979 -0.01821776298752591 -0.037200542366382421 -0.044915226491604954 0.056961288227033773 0.029977277304125718 0.094841468713139615 -0.034394538027594013 0.0011056626335429237
leaf_weight=1.0076040737330902 4.3131148838438085 13.768760251619829 64.955480220422032 2.4126174692355624 0.86319201436708581 0.32825334709195786 2.700705320617999 5.2784534956008429 0.94274571712594468 1.3761094487272192 0.26145331328734656 13.090140040731056 0.72806783686974075 1.0455887467251161 1.6314359027601311 0.94814046216197301 1.0109657929278908 1.3820601635961791 0.95247197616845358 1.0475530354597129 1.0213037297944536 2.116637693776283 1.5558685582363976 1.3706405821139913 7.5560209672112233 1.0994220459251662 8.9899896785209403 0.26413440480246198 0.41941909914021369 400.18619217922969
leaf_count=14 11008 76392 7738 904 40 152 2456 5316 249 12 10 158 482 47 1083 62 9 25 10 270 120 458 393 268 820 86 743 8 82 31710
internal_value=-4.33791e-06 -0.000403729 -0.000868175 -0.0131212 -0.0380885 -0.0420026 -0.00882047 0.0338465 -0.010967 0.00565751 0.00228248 -0.00850955 0.0233004 0.0398579 -0.0297717 0.0522925 0.00785453 0.0780485 0.114613 0.000221097 0.0446815 8.13212e-05 0.0319659 -0.000188008 -0.000653043 -0.0282194 0.0210901 -0.0401948 0.0627535 -0.000124429
internal_weight=544.625 540.311 533.083 43.5213 18.6822 17.819 4.05026 7.2288 1.95035 24.8391 23.4629 15.5028 7.96018 6.06729 1.89289 5.33923 1.95911 3.38012 1.99806 489.561 1.34956 488.514 4.09193 484.422 474.061 8.91958 10.3606 7.82016 2.53606 465.142
internal_count=141125 130117 124538 81962 79160 79120 2728 5579 263 2802 2790 1062 1728 635 1093 153 71 82 57 42576 272 42306 933 41373 40362 914 1011 828 540 39448
is_linear=0
shrinkage=0.05


Tree=160
num_leaves=31
num_cat=0
split_feature=38 11 37 7 19 8 10 12 7 26 7 28 8 10 25 10 10 21 9 10 12 27 27 27 9 28 13 12 32 25
split_gain=3.22344 2.82561 6.64368 4.90654 7.26259 4.65486 6.68848 4.53768 3.67484 3.45892 3.31272 5.53288 3.47572 3.18199 3.1674 2.7672 3.74636 3.51538 3.11851 3.05198 4.10417 5.3267 3.90029 3.87643 3.89818 3.69862 3.53208 3.16424 2.85394 2.76013
threshold=1.0000000180025095e-35 0.10102041065692903 1.0000000180025095e-35 0.73431372642517101 0.15075758099555972 0.61986863613128673 0.77459675073623668 0.24744898080825808 0.029857398010790352 0.066915426403284087 0.53410854935646068 0.36111991107463842 0.55437353253364574 0.82426470518112194 1.0000000180025095e-35 0.7320508360862733 0.54446640610694896 17.500000000000004 0.73134213685989391 0.30068494379520422 0.56562754511833202 0.14177966862916949 0.13393398374319079 0.12374368682503702 0.49982365965843206 0.61367303133010875 1.0000000180025095e-35 0.71834936738014232 0.81096094846725475 0.75000000000000011
decision_type=2 2 2 2 2 2 2 2 2 2 2 2 2 2 2 2 2 2 2 2 2 2 2 2 2 2 2 2 2 2
left_child=-1 3 8 4 10 6 14 -7 -3 -9 -2 12 -12 -5 -6 16 19 -18 -17 20 26 22 23 24 29 28 -16 -26 -21 -22
right_child=1 2 -4 13 5 7 -8 9 -10 -11 11 -13 -14 -15 15 18 17 -19 -20 25 21 -23 -24 -25 27 -27 -28 -29 -30 -31
leaf_value=0.033873106936777857 -0.046445295244190304 0.092855813851414837 0.050213643765592855 0.053446348603894189 -0.034078313583350769 -0.043516269127901026 0.055810868099812228 -0.054596977881678534 0.00056627421031191824 0.052696517697605361 -0.053443748522715245 -0.038791996277538432 0.075650243875180448 0.003995619125944279 -0.037678740909833745 -0.011547630715686553 0.03770705566117636 -0.16881578478600856 -0.15282106968579839 -0.015591783944962953 -0.060924555563049182 0.052556503722975823 -0.10633557247042039 0.069580827939679249 -0.15074614726496641 0.062593697835495218 0.02551378271625214 -0.022485662374377526 -0.075503262352395073 0.016053816724620567
leaf_weight=6.9315201427962156 16.982843379657428 1.0816105093981594 6.9280090565735 4.9370870574784922 7.254921374951663 11.976801516066187 5.2278598896955364 1.0715845694794546 391.66528665005171 2.5121091308537871 0.67321807329426375 5.2237742286597495 2.3121243830973981 9.5371115757443459 2.469835792406232 1.0846168971766008 8.5540578397631144 0.21113768429495472 0.61050823610275973 18.999476404816967 1.7620408565562664 2.2353091787081203 1.5295187570154656 1.0657800280605441 1.0692419755505396 1.3807736000744615 21.12069056276232 0.87386443876312103 2.2200248367153099 3.4337350015994161
leaf_count=5658 74145 25 9635 215 1954 627 308 132 41091 140 171 1566 100 1061 88 109 1031 4 34 1814 247 35 10 20 40 44 701 63 14 43
internal_value=-5.49883e-06 -0.000443611 0.00167662 -0.00665944 -0.0099286 -0.00369712 0.00110888 -0.0287466 0.000820436 0.020614 -0.0338394 -0.00776054 0.0465385 0.0208631 -0.00266011 0.000661581 0.00225955 0.0327323 -0.062428 -0.00233293 0.00679818 -0.0170488 -0.0330326 -0.0193674 -0.0326466 -0.0167001 0.0188978 -0.0930641 -0.0218598 -0.0100518
internal_weight=542.936 536.005 399.675 136.33 121.856 96.6639 81.1034 15.5605 392.747 3.58369 25.192 8.20912 2.98534 14.4742 75.8755 68.6206 66.9255 8.7652 1.69513 58.1603 35.56 11.9695 9.73418 8.20466 7.13888 22.6003 23.5905 1.94311 21.2195 5.19578
internal_count=141125 135467 50751 84716 83440 7458 6559 899 41116 272 75982 1837 271 1276 6251 4297 4154 1035 143 3119 1247 458 423 413 393 1872 789 103 1828 290
is_linear=0
shrinkage=0.05


Tree=161
num_leaves=31
num_cat=0
split_feature=29 38 11 20 7 37 7 9 10 7 7 8 10 4 25 10 9 9 7 10 29 32 19 29 28 32 8 28 28 9
split_gain=4.05436 3.02086 2.36152 5.04733 8.31552 5.02509 2.84922 2.7689 3.17667 2.70409 2.51111 3.39077 2.93012 3.9878 2.93965 2.96793 5.31443 4.18137 2.76415 2.74019 4.18512 2.65564 3.67457 2.57367 2.48569 3.81651 2.54356 2.48471 4.52523 2.43153
threshold=0.64495798945426952 1.0000000180025095e-35 0.078461539000272765 0.56696429848670971 0.53410854935646068 1.0000000180025095e-35 1.0000000180025095e-35 0.90002635121345531 0.92637759447097789 0.82683658599853527 0.73431372642517101 0.71611723303794872 0.77015754580497753 0.58571431040763866 1.0000000180025095e-35 0.70659971237182628 0.71596291661262523 0.62328508496284496 0.48435972630977636 0.30877573788166052 0.18786764889955523 0.79425507783889782 0.8441295623779298 0.053667435422539718 0.40004013478755956 0.54630568623542797 0.52041664719581615 0.40790306031703955 0.4052733331918717 0.81926664710044872
decision_type=2 2 2 2 2 2 2 2 2 2 2 2 2 2 2 2 2 2 2 2 2 2 2 2 2 2 2 2 2 2
left_child=1 -1 3 4 -3 6 -4 8 9 24 11 12 14 -14 27 17 -17 19 -18 -16 21 22 -21 -19 25 -6 -26 28 -5 -10
right_child=-2 2 5 10 7 -7 -8 -9 29 -11 -12 -13 13 -15 15 16 18 23 -20 20 -22 -23 -24 -25 26 -27 -28 -29 -30 -31
leaf_value=0.032944359858653995 0.050026172072436231 -0.041375090408237919 0.075966979091065825 -0.016522736497453342 -0.064192676817225763 0.048914768439350283 0.00022167944152319256 -0.054557622715106169 0.019839101486071736 0.074610846776631309 0.039863604604780951 -0.040702645589613173 0.057123427680027407 -0.014694719047686895 0.0064986373729479796 0.020843988831903484 -0.16393882539443372 0.063680071966999693 -0.036219093535763518 -0.027622074750364191 0.06189284856099217 -0.074495375879568615 0.03588062517440984 0.01015601427384448 0.15183718969121682 0.044743767943681047 -0.02022920786867306 -0.056876372430210799 0.2146578170524851 -0.069702347186337776
leaf_weight=6.7153644753707331 4.0191104885016093 22.773150380726292 1.2454803201981111 1.8990895748720498 0.92511658283183873 5.4252489060745566 390.85359968893317 1.8992105670986337 1.2157778927939937 1.8885667215799902 3.8109479656559406 5.211366188566898 4.9961888183024694 3.1524866848776583 34.266180620994419 1.5733218615059734 0.94135433353949316 4.1507306256680732 0.77026400854811072 12.982969569391576 1.549354004790074 2.254987020045518 2.7628156011924139 4.8940575729357079 0.22334094162215468 6.141554804489715 5.6020275042756111 4.2379182715667412 0.23823365033604194 2.0143839075171854
leaf_count=5579 11008 78157 106 207 244 4995 35676 134 35 27 688 183 267 165 618 98 20 134 54 447 136 12 21 150 11 251 1389 279 10 24
internal_value=-5.56983e-06 -0.000380295 -0.000802615 -0.00658687 -0.0207398 0.00112354 0.00046228 0.00286295 0.00891787 0.0187343 0.000148287 -0.00161406 0.0009111 0.0293391 -0.00228314 0.000842088 -0.045489 0.00326321 -0.106462 -0.00202343 -0.0169604 -0.0237474 -0.0164796 0.0347187 0.0105489 0.0304826 -0.0136323 -0.0347088 0.00924547 -0.0360005
internal_weight=540.634 536.615 529.9 132.375 42.6831 397.524 392.099 19.91 18.0108 14.7806 89.6923 85.8813 80.67 8.14868 72.5213 66.146 3.28494 62.8611 1.71162 53.8163 19.5501 18.0008 15.7458 9.04479 12.892 7.06667 5.82537 6.37524 2.13732 3.23016
internal_count=141125 130117 124538 83761 80272 40777 35782 2115 1981 1922 3489 2801 2618 432 2186 1690 172 1518 74 1234 616 480 468 284 1895 495 1400 496 217 59
is_linear=0
shrinkage=0.05


Tree=162
num_leaves=31
num_cat=0
split_feature=20 10 10 12 24 30 8 30 10 30 21 10 35 10 10 36 7 7 6 7 7 32 25 21 30 10 27 21 12 10
split_gain=2.98431 5.06935 2.51137 2.75486 3.24754 2.40303 3.28729 3.37577 2.79516 4.77702 4.45463 2.2496 4.25771 3.27304 5.40247 4.52005 2.95969 9.14803 4.48986 2.98848 2.91662 11.8037 2.97983 4.81668 3.42729 2.79217 2.76358 2.94054 2.81605 2.89128
threshold=0.91106721758842479 0.58380147814750682 0.21164613962173465 0.0745370388031006 0.75000000000000011 0.19512154906988147 0.14434523880481723 0.27108387649059301 0.28743545711040502 0.37142808735370642 15.500000000000002 0.89022758603096019 1.0000000180025095e-35 0.90366768836975109 0.92031747102737438 1.0000000180025095e-35 0.69309264421463024 0.70106381177902233 2.5000000000000004 0.78474903106689464 0.61326980590820324 0.90341374278068554 1.0000000180025095e-35 10.500000000000002 0.35233125090599066 0.93127068877220165 0.91689312458038341 2.5000000000000004 0.09175084158778192 0.92907443642616283
decision_type=2 2 2 2 2 2 2 2 2 2 2 2 2 2 2 2 2 2 2 2 2 2 2 2 2 2 2 2 2 2
left_child=11 2 -2 -4 5 -5 -7 -8 -9 -10 -11 -1 13 -13 15 -15 20 -18 19 -19 21 22 -14 24 -24 -20 27 28 29 -21
right_child=1 -3 3 4 -6 6 7 8 9 10 -12 12 16 14 -16 -17 17 18 25 26 -22 -23 23 -25 -26 -27 -28 -29 -30 -31
leaf_value=-0.0031022317710768773 0.034773324869754339 0.039735820888450034 -0.062761118217274342 0.027630443142516434 0.078406412506915005 -0.045714092098722792 0.073663337725855649 0.028008618436264111 -0.06161931307827731 0.041630282228188015 -0.11127652657268627 0.069137313863356351 0.048896994464931412 0.052931985864074715 -0.0073054659974892662 -0.094863554591484198 -0.14917941172794633 0.039336142001820062 -0.00020492426826807149 0.0096054309509441497 0.051023213551989216 -0.21928997492608954 -0.079159924092649922 -0.30432794373080518 0.043753526978820685 0.021690462951980925 -0.13619647182992253 0.046942465376049285 -0.1358015926097482 -0.032791332124712351
leaf_weight=366.37909619262427 4.8539895896392435 12.309062231739516 1.8766092031728501 4.7102230416203446 1.2561224169912737 5.2676207011682008 1.428406577091663 3.6717563070123997 4.1299550152616575 3.0017820105713331 0.56615608045831312 1.1413227110169852 4.5262684079498268 0.61431171694130471 20.669211041313247 3.2765929444576614 0.94472387045971018 2.5441599263867856 22.373728749109432 6.2149648602208005 7.7240544646047056 0.53388739004731167 0.90498967135499775 0.13944399531465013 1.5192029764293691 41.695186667551752 0.48394645436201145 1.7337934337556351 0.52078728942433272 11.392826313531259
leaf_count=109745 562 16521 240 87 84 55 54 71 100 665 42 231 89 203 2332 190 45 112 1610 259 327 4 57 19 291 5337 161 808 42 782
internal_value=-5.47012e-06 0.0126183 0.00176781 -0.00441578 0.000140283 -0.0041762 -0.0124691 0.00121442 -0.00788758 -0.0250094 0.0173672 -0.00110317 0.00457649 -0.0136336 -0.01748 -0.071529 0.00910934 0.00557211 0.00725333 -0.0117541 0.0293687 0.00742933 0.0245019 -0.0185694 -0.00213202 0.0140443 -0.0181426 -0.0152662 -0.0212158 -0.0178267
internal_weight=538.404 43.0717 30.7626 25.9086 24.032 22.7759 18.0657 12.7981 11.3696 7.69789 3.56794 495.332 128.953 25.7014 24.5601 3.8909 103.252 87.9041 86.9594 22.8905 15.3478 7.62379 7.08991 2.56364 2.42419 64.0689 20.3463 19.8624 18.1286 17.6078
internal_count=141125 18481 1960 1398 1158 1074 987 932 878 807 707 122644 12899 2956 2725 393 9943 9156 9111 2164 787 460 456 367 348 6947 2052 1891 1083 1041
is_linear=0
shrinkage=0.05


Tree=163
num_leaves=31
num_cat=0
split_feature=29 38 36 26 20 4 10 32 32 9 11 7 9 12 12 9 12 12 11 10 11 23 26 32 32 29 11 37 11 22
split_gain=3.73078 2.76353 2.31836 7.50179 2.21206 2.64307 2.00273 1.94925 1.85934 3.72871 3.00533 1.74821 2.35471 2.17507 2.84865 2.79296 2.1455 2.19208 2.03548 1.79833 1.71547 1.65693 1.56975 1.41756 1.81191 1.61194 1.44939 4.27326 3.20328 4.38235
threshold=0.64495798945426952 1.0000000180025095e-35 1.0000000180025095e-35 0.77038103342056286 0.15587044507265094 0.19090909510850909 0.85028737783432018 0.60007363557815563 0.99425286054611217 0.90002635121345531 0.41565039753913885 0.22886905074119571 0.58708536624908458 0.077935222536325469 0.080540537834167494 0.76799523830413829 0.17902930825948718 0.40778534114360815 0.056349206715822227 0.80217391252517711 0.62331080436706554 3.5000000000000004 0.25750075280666357 0.0024216035380959515 0.0071364908944815406 0.23606811463832858 0.10102041065692903 1.0000000180025095e-35 0.2524509876966477 0.91080269217491161
decision_type=2 2 2 2 2 2 2 2 2 2 2 2 2 2 2 2 2 2 2 2 2 2 2 2 2 2 2 2 2 2
left_child=1 4 3 6 5 -1 -3 22 9 10 11 12 18 -13 -15 -16 -17 19 -5 -18 -11 23 -8 -4 25 -25 -26 28 29 -28
right_child=-2 2 21 8 -6 -7 7 -9 -10 20 -12 13 -14 14 15 16 17 -19 -20 -21 -22 -23 -24 24 26 -27 27 -29 -30 -31
leaf_value=-0.069047309034030169 0.050024285791566918 -0.046854979025954813 0.0533921579171385 -0.050062975823529615 0.050367216857630931 0.0510723419428755 -0.054152902780827385 -0.030728694732972024 -0.012474150230128555 0.077544843670799071 -0.047629423569746129 -0.05550457507866962 -0.053107683442601028 0.24898190871920289 -0.051148982749682971 -0.025169903785964065 0.14373649300947741 0.023887067064706117 0.11216532069527969 0.034172109907580489 0.018657510163111287 0.064549305992183822 0.073337502199039437 -0.070243152362033434 -0.0046314197665349079 0.050967222579995211 0.03411061079665554 0.050092772604602522 0.00020063440488213128 -0.075754432954394824
leaf_weight=1.0046684704720963 3.701645635359454 13.131566811938685 1.2443012153962616 0.31348184283706215 4.6641874474589713 0.84155456570442755 0.31702875178598233 2.7648382973566186 8.9015433229506016 2.8115874131908649 2.5788746531470679 0.64656632253900159 1.7138464135059619 0.16096965363249172 0.78116486090584647 0.71959458341007154 1.1627483069605662 1.3855601948453111 0.50457073518191464 0.55246003624051798 2.207968917908147 0.99910346369142544 1.0126940261397974 1.5575823884428235 119.29875994987378 0.3329171250516082 11.818138833565168 4.5093892751028752 344.47872229263885 0.98318192639271806
leaf_count=14 11008 76430 292 623 5316 249 152 2458 69 27 131 188 949 5 616 50 55 27 12 8 42 270 120 155 18880 91 668 4805 17355 60
internal_value=1.18415e-06 -0.000345962 -0.000746018 -0.0120641 0.0320306 -0.0142938 -0.0373351 -0.00680401 0.00574696 0.0161847 -0.00073375 0.0144959 -0.0197942 0.0305466 0.042229 0.0349964 0.0526109 0.0706615 0.0499986 0.108446 0.0516419 0.000225894 0.0429416 9.31746e-05 -4.41399e-05 -0.048898 0.000147838 0.00172378 0.00111329 0.0256726
internal_weight=537.101 533.4 526.889 41.6671 6.51041 1.84622 17.2261 4.09456 24.4409 15.5394 10.5198 7.94096 2.5319 5.40906 4.7625 4.60153 3.82036 3.10077 0.818053 1.71521 5.01956 485.222 1.32972 484.223 482.979 1.8905 481.088 361.789 357.28 12.8013
internal_count=141125 130117 124538 81962 5579 263 79160 2730 2802 2733 2664 2533 1584 949 761 756 140 90 635 63 69 42576 272 42306 42014 246 41768 22888 18083 728
is_linear=0
shrinkage=0.05


Tree=164
num_leaves=31
num_cat=0
split_feature=29 13 4 20 8 11 12 28 10 23 6 8 4 22 22 11 9 10 11 9 10 11 13 12 32 32 10 28 8 20
split_gain=3.54773 2.16206 2.33909 6.69383 4.43532 3.37462 3.94 5.48934 3.29487 3.08873 2.78197 4.78522 4.33729 3.99866 4.97048 3.61083 5.70843 7.6811 5.50369 5.31219 3.45958 3.75419 4.29257 4.01631 3.47692 3.45579 3.41378 5.39452 4.89529 3.0363
threshold=0.64495798945426952 3.5000000000000004 0.29285715520381933 0.24264705926179889 0.81934732198715221 0.51668518781661998 0.56330129504203807 0.57292374968528759 0.77459675073623668 1.5000000000000002 1.5000000000000002 0.99019607901573192 0.41428571939468389 0.73827838897705089 0.6681957244873048 0.35781671106815344 0.87437933683395397 0.66312056779861461 0.48610039055347448 0.93036890029907238 0.65142410993576061 0.57321429252624523 1.5000000000000002 0.045983087271451957 0.15673725306987765 0.01924573723226786 0.72812235355377208 0.28872962296009069 0.54616478085517894 0.59166666865348827
decision_type=2 2 2 2 2 2 2 2 2 2 2 2 2 2 2 2 2 2 2 2 2 2 2 2 2 2 2 2 2 2
left_child=1 2 3 8 5 6 -5 -8 -1 10 11 15 13 14 26 25 17 -17 -19 -18 21 23 29 -14 -24 -4 -12 28 -28 -23
right_child=-2 -3 9 4 -6 -7 7 -9 -10 -11 12 -13 20 -15 -16 16 19 18 -20 -21 -22 22 24 -25 -26 -27 27 -29 -30 -31
leaf_value=-0.046647070944010528 0.050023105396319115 0.020604129818529927 -0.22412347978754826 0.0034927802398041123 0.060717161725631907 -0.058680381909472661 -0.042544277886626833 0.036117391179422753 0.018980694807142401 0.033945180070028558 -0.034967138617389655 -0.019588639634458307 0.10205761975800209 0.028761432057272503 -0.11905879726288507 0.058294584982720388 -0.0011146826468206915 0.10747539930449779 0.38184510981198688 0.070665364412204515 -0.00067357718552899567 -0.068005401601514373 -0.14572925356325547 0.02228270009434757 0.056075789252068187 6.6095719905495876e-05 -0.0032123164470205358 -0.010354147916133538 0.21127330693292801 0.054250281127228628
leaf_weight=13.711835841408172 3.5211952319368711 12.053561361732134 0.17746392550180345 58.622463935418637 2.7271943071391425 2.7381906998925833 10.79824489718885 2.7911329909984479 2.2225005237851283 6.8964741927484274 16.060288493790733 7.3249809399858341 1.7364745627273865 3.9093285166309206 1.3435981809452631 3.1487112429458644 7.9094494312594161 0.38413838826818381 0.34868481970624998 3.8235767839942127 333.873628027417 3.1819161126040849 0.23631399910664219 17.259481138171395 2.2047932766145095 5.4751617011788767 0.51151412098260951 9.4057789990110887 0.55430236173560843 0.60431666910881165
leaf_count=67657 11008 3845 33 8262 1266 230 1219 106 209 3439 11606 1030 168 414 63 342 580 25 33 322 23382 79 24 1583 141 1828 270 1888 12 61
internal_value=3.24744e-07 -0.000330743 -0.000816029 -0.00797298 -0.0019173 -0.00419637 -0.00213039 -0.0263879 -0.0374934 0.000755311 0.000209644 0.0152651 -0.000891628 -0.0185949 -0.0252362 0.0272696 0.0396655 0.0922269 0.238023 0.0222771 0.000675342 0.0185306 -0.0151598 0.0295752 0.0365398 -0.00697233 -0.020485 0.00172632 0.108336 -0.0484923
internal_weight=535.557 532.036 519.982 93.6116 77.6772 74.95 72.2118 13.5894 15.9343 426.37 419.474 28.5922 390.882 31.7848 27.8755 21.2672 15.6146 3.88153 0.732823 11.733 359.097 25.2233 6.22734 18.996 2.44111 5.65263 26.5319 10.4716 1.06582 3.78623
internal_count=141125 130117 126272 78949 11083 9817 9587 1325 67866 47323 43884 4193 39691 14253 13839 3163 1302 400 58 902 25438 2056 305 1751 165 1861 13776 2170 282 140
is_linear=0
shrinkage=0.05


Tree=165
num_leaves=31
num_cat=0
split_feature=29 23 4 28 28 9 35 26 12 7 9 9 11 19 8 12 12 28 9 9 13 13 12 20 20 12 12 22 26 19
split_gain=3.37402 1.99872 3.32024 4.33184 4.241 11.2675 3.50223 4.08983 3.33895 4.14776 3.30102 2.5394 2.56632 2.48488 2.4641 2.51949 4.08653 3.14155 2.45486 3.25882 2.41263 2.40627 2.43515 3.62301 3.9934 2.8395 3.95073 2.60778 3.86105 2.35626
threshold=0.64495798945426952 1.0000000180025095e-35 0.31666667759418493 0.34460306167602545 0.34783461689949041 0.42067782580852514 1.0000000180025095e-35 0.59362295269966137 0.24744898080825808 0.37089946866035467 0.88929614424705516 0.88696789741516124 0.57793521881103527 0.23904761672019961 0.95553359389305126 0.56562754511833202 0.57947367429733287 0.52978479862213146 0.49982365965843206 0.52709096670150768 5.5000000000000009 1.5000000000000002 0.17445652186870578 0.38675214350223547 0.34313726425170904 0.32200460135936743 0.32071428000926977 0.31051221489906317 0.57203909754753124 0.54772728681564342
decision_type=2 2 2 2 2 2 2 2 2 2 2 2 2 2 2 2 2 2 2 2 2 2 2 2 2 2 2 2 2 2
left_child=1 2 3 20 5 -5 7 -6 -8 -10 11 12 14 -11 15 -3 -17 18 29 -20 -1 22 23 24 -12 26 27 -24 -29 -18
right_child=-2 10 -4 4 6 -7 8 -9 9 13 21 -13 -14 -15 -16 16 17 -19 19 -21 -22 -23 25 -25 -26 -27 -28 28 -30 -31
leaf_value=-0.038100588599240162 0.050021981820723566 0.0083302398500932733 -0.00025646845750173337 0.7879150966113152 0.0030985740695487537 0.054725830873735518 -0.044127477913271373 0.091517149933656422 -0.043242949003464891 -0.050284088363664839 0.013631340636030765 -0.077948001840139294 -0.066744321354843428 0.081589033898577634 -0.16583853788664391 -0.080956990025816578 -0.056295917594704696 0.022573464719023027 -0.12081741355782144 -0.0108686537668354 0.024713092914481698 0.061818816963074341 0.054278905599010843 0.038270986089865705 -0.12337464371609529 0.049669226281092244 -0.29302096172990066 -0.034277317706546108 -0.30504893613965067 0.027176030904613232
leaf_weight=17.507234832948601 3.349537806614534 60.153447419928852 383.84679263719954 0.059675636286558809 14.075760280902616 0.42982201184349833 7.7642436368914769 1.4418188052077301 1.9159581022686323 0.44194306236750014 1.7616042846348201 1.0028258835664008 1.3284062067395996 1.8633120188023893 0.21454265300417219 2.019328580441651 1.2979409742692936 5.7799338772310875 1.3172659964620836 1.3799445204640504 1.6749525313934999 3.3587003748252746 0.81052178778918449 11.803208933328277 0.76190359517931927 1.3325659795955287 0.14282838988583524 2.7811720223689922 0.13819747869274568 2.4250118946074508
leaf_count=57389 11008 6247 32585 8 1808 770 10644 69 4899 1365 75 112 79 35 8 106 109 325 39 173 343 2338 106 9217 15 577 11 541 10 114
internal_value=-2.85509e-06 -0.000318511 -0.00179491 -0.0143128 -0.00177038 0.14411 -0.00436676 0.011314 -0.0246687 0.0111227 0.00605724 0.00109677 0.00214093 0.0563075 0.00336778 0.00385589 -0.0150723 -0.0041672 -0.0282412 -0.0645655 -0.0326158 0.0227257 0.0160033 0.0266449 -0.0277338 -0.0132861 -0.0349485 -0.0250661 -0.0470951 -0.00192497
internal_weight=534.18 530.831 431.022 47.1747 27.9925 0.489498 27.503 15.5176 11.9855 4.22121 99.8094 76.9186 75.9158 2.30526 74.5874 74.3729 14.2194 12.2001 6.42016 2.69721 19.1822 22.8907 19.532 14.3267 2.52351 5.20529 3.87272 3.72989 2.91937 3.72295
internal_count=141125 130117 109915 77330 19598 778 18820 1877 16943 6299 20202 7312 7200 1400 7121 7113 866 760 435 212 57732 12890 10552 9307 90 1245 668 657 551 223
is_linear=0
shrinkage=0.05


Tree=166
num_leaves=31
num_cat=0
split_feature=38 38 21 5 7 20 10 10 10 11 8 4 10 7 7 7 8 11 21 7 9 7 11 11 10 8 7 7 10 10
split_gain=2.66164 2.22569 3.6412 4.22902 4.21309 3.98956 3.85653 5.28232 4.43219 2.83799 6.62675 4.18606 5.39155 3.78242 4.01955 3.78184 6.03877 3.22948 3.0977 2.88851 3.27883 8.46393 7.29422 5.24331 6.12749 5.03604 8.37463 5.36008 4.84797 4.26335
threshold=1.0000000180025095e-35 2.5000000000000004 5.5000000000000009 0.81666666269302379 0.86754387617111217 0.55050507187843334 0.80901724100112926 0.89825496077537548 0.75582656264305126 0.84292763471603405 0.91779279708862316 0.5634920895099641 0.78738203644752514 0.92724865674972545 0.90121948719024669 0.82683658599853527 0.5045454502105714 0.66260164976120006 3.5000000000000004 0.81530213356018078 0.92731922864913952 0.54631218314170849 0.64365079998970043 0.50641027092933666 0.94494947791099559 0.58759590983390819 0.38138528168201452 0.31072796881198889 0.80217391252517711 0.88805347681045543
decision_type=2 2 2 2 2 2 2 2 2 2 2 2 2 2 2 2 2 2 2 2 2 2 2 2 2 2 2 2 2 2
left_child=-1 9 3 4 -3 -5 8 -8 -6 10 13 -11 -13 14 15 19 -17 -16 -14 20 25 28 23 24 29 26 -2 -27 -22 -23
right_child=1 2 -4 5 6 -7 7 -9 -10 11 -12 12 18 -15 17 16 -18 -19 -20 -21 21 22 -24 -25 -26 27 -28 -29 -30 -31
leaf_value=0.032760749591617781 -0.0058129238785336592 0.030527389382509068 0.048022927939621832 0.0058547479003816247 -0.039738373343884761 0.043945024721705805 -0.064949082860748075 -0.008932617664343603 0.064139288130760738 -0.042501934182771844 0.044079751928173365 0.07056991954346746 -0.013542805819327167 0.04773732631030729 0.0015779332801106921 -0.12745612094663863 0.045296810477616051 -0.1453704808685172 0.050474886649449505 -0.047892211516322031 0.0053317177922009591 -0.024402259099966541 0.011682076131801057 -0.061816696952027989 -0.079666615931450149 0.035945504282216288 0.019776503583111407 -0.015693102512733842 0.07432275679791138 0.055335497839087672
leaf_weight=6.1274751352320882 120.89472548205231 4.4128809544199639 4.8743280843918901 78.13778838084545 1.7922320538200462 7.5375737989816107 7.5498083293496192 9.5095522868505196 2.4045757544517983 9.7827504112065053 8.1356645752093737 2.1694083263719213 38.030592199065723 3.8471408358600447 0.64983808726537862 0.54463112528901447 7.1076834774721647 0.8804778229969088 1.9884448165539641 3.4754703142971257 4.0852054265269526 3.0490128675010038 38.207854886350106 6.8115713267907259 2.0263535562844481 5.2931715971426447 43.469436537754518 99.301382674144406 6.759669231789303 3.7235508694429882
leaf_count=5658 83073 1112 8516 2066 36 8541 218 270 58 1745 892 152 3194 248 46 51 371 13 1622 150 330 320 1542 281 124 1141 4896 13646 633 180
internal_value=-2.83344e-06 -0.000384174 0.00572385 0.00387212 -0.0139303 0.00920587 -0.0231599 -0.0337233 0.0197787 -0.00211457 -0.000530624 -0.0130335 -0.00620026 -0.0015672 -0.00211497 -0.00175606 0.0330016 -0.0829699 -0.0103619 -0.00254509 -0.00207269 0.0080365 -8.38517e-05 -0.0288819 -0.00338576 -0.00450314 0.000954719 -0.0130798 0.0483342 0.0194375
internal_weight=532.58 526.453 116.219 111.344 25.669 85.6754 21.2562 17.0594 4.19681 410.234 358.263 51.9712 42.1884 350.127 346.28 344.75 7.65231 1.53032 40.019 337.097 333.622 64.6632 53.8183 15.6105 8.79892 268.959 164.364 104.595 10.8449 6.77256
internal_count=141125 135467 20817 12301 1694 10607 582 488 94 114650 107937 6713 4968 107045 106797 106738 422 59 4816 106316 106166 3410 2447 905 624 102756 87969 14787 963 500
is_linear=0
shrinkage=0.05


Tree=167
num_leaves=31
num_cat=0
split_feature=29 38 20 4 6 36 22 29 25 22 6 32 9 12 12 23 4 24 9 13 12 28 28 7 12 10 7 20 9 22
split_gain=3.07116 2.48132 2.00225 2.40632 1.91762 1.80717 5.27185 3.75548 1.7893 1.66099 2.09171 1.64903 5.23138 2.95998 2.81986 1.5304 1.38978 1.38376 1.98947 1.55419 2.03144 4.40829 1.98945 1.66514 1.40058 1.42289 4.27261 1.72801 1.38863 1.36206
threshold=0.64495798945426952 1.0000000180025095e-35 0.15587044507265094 0.19090909510850909 5.5000000000000009 1.0000000180025095e-35 0.08856209367513658 0.039886362850666053 0.75000000000000011 0.21222499012947085 4.5000000000000009 0.99425286054611217 0.90002635121345531 0.077935222536325469 0.080540537834167494 3.5000000000000004 0.31666667759418493 0.75000000000000011 0.55469375848770153 3.5000000000000004 0.63373982906341564 0.56061241030693065 0.25683985650539404 0.37089946866035467 0.0745370388031006 0.25677657127380377 0.10652482509613038 0.41885964572429663 0.60267531871795665 0.90392306447029125
decision_type=2 2 2 2 2 2 2 2 2 2 2 2 2 2 2 2 2 2 2 2 2 2 2 2 2 2 2 2 2 2
left_child=1 2 3 -1 5 6 11 8 -8 -9 16 12 13 -3 -15 17 -11 19 -19 20 29 23 -21 -22 -24 -26 -27 -28 -20 -7
right_child=-2 4 -4 -5 -6 15 7 9 -10 10 -12 -13 -14 14 -16 -17 -18 18 28 22 21 -23 24 -25 25 26 27 -29 -30 -31
leaf_value=-0.067538456563300847 0.050020243349496299 -0.061969240696234697 0.050344780957672322 0.051104119883867719 0.061743139016401084 0.00049257212632190762 -0.050582854378608058 0.034875404446430863 0.039410774077400956 0.059166751287105884 0.079234048834248658 -0.011014146353342812 0.067946416030475867 0.20203103391958299 0.005706750624731494 0.063911636632223878 -0.047623282728936574 -0.0024877347183653959 0.12333741143626792 -0.037315029446884564 -0.040772950216174574 0.058968989085246774 0.15036569987199155 0.08716952155134694 0.044442549448771178 -0.079056036691388637 -0.056995437772679125 0.052216941364254192 0.031036627110181916 -0.01039210267598243
leaf_weight=0.94000423327088245 3.0512424060580079 1.7262964845140212 4.2258730967005249 0.78368663945002481 1.2284298338636279 424.84335281192034 11.838810841913073 2.3434863979782667 0.57936126875574778 0.34481292256532547 0.46165716747054819 8.93493827059865 3.6191120598377902 0.18750876800913818 7.4456036893679993 0.93631561979418521 2.6168190336029511 2.0632762282039034 0.71934760030126177 1.3432008714589745 8.1916154428035917 1.4006517709931348 0.22809599107131262 0.26245638690306883 4.3795388777507451 1.1313452423200945 0.4260946770809827 2.4151914459653199 0.93992871450609528 30.826693179929862
leaf_count=14 11008 471 5316 249 157 35775 77031 289 31 279 5 69 70 9 2524 270 1183 31 13 268 883 96 7 10 154 69 168 342 876 3458
internal_value=1.7936e-06 -0.000287594 0.0318198 -0.0135969 -0.00065394 -0.000801286 -0.0109986 -0.0309002 -0.0463843 0.00244312 -0.0197591 0.00551672 0.0168972 -0.00284254 0.0105295 5.03948e-05 -0.0351901 -7.43922e-05 0.0302915 -0.000312144 -0.000729524 -0.0231892 0.0192678 -0.036801 0.0281255 0.0247872 0.00311853 0.0358389 0.0710519 -0.000243791
internal_weight=530.435 527.384 5.94956 1.72369 521.434 520.206 40.0984 18.1849 12.4182 5.76678 3.42329 21.9135 12.9785 9.35941 7.63311 480.107 2.96163 479.171 3.72255 475.448 465.525 9.85472 9.92347 8.45407 8.58027 8.35217 3.97263 2.84129 1.65928 455.67
internal_count=141125 130117 5579 263 124538 124381 81961 78818 77062 1756 1467 3143 3074 3004 2533 42420 1462 42150 920 41230 40222 989 1008 893 740 733 579 510 889 39233
is_linear=0
shrinkage=0.05


Tree=168
num_leaves=31
num_cat=0
split_feature=29 13 11 37 20 26 12 5 10 9 12 13 21 13 21 32 32 29 9 9 12 12 10 10 28 20 10 21 32 20
split_gain=2.92061 1.79467 1.83811 4.22028 3.92361 6.69676 5.20132 2.85481 3.6343 3.18163 2.46996 3.25347 2.46199 2.6721 3.27036 3.35717 2.3734 3.11117 3.98708 2.35153 2.51451 3.63185 3.25824 2.65033 2.42922 2.22021 2.18097 2.05158 3.93617 3.65688
threshold=0.64495798945426952 5.5000000000000009 0.067816093564033522 1.0000000180025095e-35 0.56696429848670971 0.41396726667881018 0.077935222536325469 0.63333335518836986 0.92637759447097789 0.89221063256263744 0.096006143838167204 1.0000000180025095e-35 2.5000000000000004 1.0000000180025095e-35 8.5000000000000018 0.0024216035380959515 0.65520823001861583 0.19625350087881091 0.69048002362251293 0.81926664710044872 0.32392686605453497 0.45049019157886511 0.89022758603096019 0.81302964687347423 0.3773131668567658 0.96225070953369152 0.85880398750305187 12.500000000000002 0.12917417287826541 0.91106721758842479
decision_type=2 2 2 2 2 2 2 2 2 2 2 2 2 2 2 2 2 2 2 2 2 2 2 2 2 2 2 2 2 2
left_child=1 2 4 27 5 -1 -7 -8 9 10 11 -9 -6 14 15 -14 17 -17 -19 20 22 -22 23 24 -12 -18 -15 29 -29 -4
right_child=-2 -3 3 -5 12 6 7 8 -10 -11 19 -13 13 26 -16 16 25 18 -20 -21 21 -23 -24 -25 -26 -27 -28 28 -30 -31
leaf_value=-0.047568085767923422 0.05001925942572677 0.032309776087782564 0.00041371056949540593 0.048547828914623239 0.0578191933141948 -0.056281538131229471 -0.033726091634163506 -0.051161968392473833 -0.038565991231030619 -0.072799493165519841 -0.032100790323296345 0.16886783349447959 0.17579589550261865 0.0024101210405082321 0.041325138165652447 -0.052719900752442997 0.060042848889166833 0.050750717654720813 -0.032107671222413252 0.049456909091974643 0.086547174611659311 -0.055199290982304763 0.078341551873904014 -0.056857536119751244 0.060036298098780819 -0.021903837019888663 0.05140568721363336 -0.096682677294155833 0.018747836014866643 0.050178110103272368
leaf_weight=13.385639969324982 2.9024872286390737 4.1920615319540948 384.61661304217705 4.6389150041650273 1.817597507208119 4.0777046808434561 3.9303154893059427 0.22926787623146161 2.8809748245403162 0.83108737404109057 1.5210846338231916 0.62874735340301413 0.21079151018057629 59.884954184177332 2.2248984611069309 8.8243164905870817 1.4476697173668063 2.0401770478056269 5.0346771202166565 5.2196185166103524 1.8061975028904274 0.6026917127528576 0.92823954118648533 2.8450706476724008 1.3505634696921331 1.9265025416389108 2.3608555669197804 1.5285456230340053 1.4289571220288051 3.7273639727354739
leaf_count=62229 11008 1020 34514 5000 67 3017 12600 40 33 17 569 48 6 2857 390 516 41 83 384 98 377 347 15 114 292 36 525 403 701 3778
internal_value=1.19892e-06 -0.000274728 -0.000536432 0.00113746 -0.00579605 -0.0186777 -0.00427567 0.00503608 0.0131209 0.0224496 0.0276811 0.110074 0.000246932 -0.000999491 -0.0161041 -0.0226619 -0.0248324 -0.0329155 -0.00821378 0.0227282 0.00731887 0.0510829 -0.0085462 -0.0226544 0.0112322 0.0132549 0.00426842 0.000575408 -0.0409109 0.000891354
internal_weight=529.045 526.142 521.95 395.94 126.01 40.2372 26.8516 22.7739 18.8435 15.9626 15.1315 0.858015 85.7724 83.9548 21.709 19.4841 19.2733 15.8992 7.07485 14.2735 9.05385 2.40889 6.64496 5.71672 2.87165 3.37417 62.2458 391.301 2.9575 388.344
internal_count=141125 130117 129097 44396 84701 79796 17567 14550 1950 1917 1900 88 4905 4838 1456 1066 1060 983 467 1812 1714 724 990 975 861 77 3382 39396 1104 38292
is_linear=0
shrinkage=0.05


Tree=169
num_leaves=31
num_cat=0
split_feature=38 38 25 19 5 10 10 10 10 10 11 8 4 10 7 7 7 7 11 11 8 7 9 7 11 9 5 11 7 10
split_gain=2.35942 1.87561 3.37069 3.36725 2.82664 3.94503 3.10226 2.88774 3.16676 2.56713 2.55473 6.09136 3.8121 4.99319 3.45829 3.56909 3.48566 3.87054 3.11836 3.38451 3.44996 9.35829 4.20552 7.29288 4.99422 4.86566 4.44073 3.96466 4.99869 4.2216
threshold=1.0000000180025095e-35 2.5000000000000004 1.0000000180025095e-35 0.10762548446655275 0.81666666269302379 0.82426470518112194 0.89825496077537548 0.92403846979141246 0.93127068877220165 0.75582656264305126 0.84292763471603405 0.91779279708862316 0.5634920895099641 0.78738203644752514 0.92724865674972545 0.90121948719024669 0.86754387617111217 0.86425063014030468 0.82480818033218395 0.8169856369495393 0.90550595521926891 0.60208335518836986 0.93687751889228832 0.5617378056049348 0.77346038818359386 0.93338736891746532 0.88194444775581371 0.42020373046398168 0.69309264421463024 0.89022758603096019
decision_type=2 2 2 2 2 2 2 2 2 2 2 2 2 2 2 2 2 2 2 2 2 2 2 2 2 2 2 2 2 2
left_child=-1 10 4 -4 5 9 -7 -8 -9 -3 11 14 -12 -14 15 16 17 18 19 20 22 -22 24 -24 25 -2 -27 28 -25 -29
right_child=1 2 3 -5 -6 6 7 8 -10 -11 12 -13 13 -15 -16 -17 -18 -19 -20 -21 21 -23 23 27 -26 26 -28 29 -30 -31
leaf_value=0.032124497716802973 -0.0027758369844595038 -0.026436651166980532 -0.031614360910262665 0.029195017551034586 0.005777697478819982 -0.053420504796797746 0.022967933061238194 -0.095482351032199542 -0.0072215646328730983 0.045991027632203023 -0.040651298105963976 0.042895156709148841 0.069117584081579947 -0.009776874660932142 0.046235930744127761 -0.077490996693342196 0.075069934085204515 -0.14613534509376219 0.061368386952652912 -0.085529391983967334 -0.1132886973263587 0.070907822495036368 0.061269659783341736 -0.0091795357569728949 0.11645659329085296 -0.0064754115847139807 -0.094791937094102829 0.00012218094878427491 -0.13678433378944288 0.046477465950225512
leaf_weight=5.6544041984598143 288.71386617417738 1.8511765631265031 2.5620941781962783 20.425521759214462 70.910121608802001 6.7630507131398181 3.9997344441944715 1.4764287506404796 3.2609677829022985 3.6078078880673274 9.6573291961831256 7.93214743543649 2.1114089346810934 39.986708906290005 3.7658106907765605 1.5561670190654684 1.4761429924401444 0.46467889298219134 1.9467062612675352 1.2111476481513808 2.1364820298040281 1.0181888777369748 6.7936838565510689 2.9378381194328571 0.86764835615758684 2.9261036816606056 2.7714770516176941 21.138057476098769 1.0388599042635176 6.398204373457701
leaf_count=5658 103648 24 466 17593 2474 93 46 26 52 43 1745 892 152 4816 248 59 100 24 80 72 49 222 760 202 24 152 75 865 60 405
internal_value=-1.24375e-07 -0.000348301 0.00529413 0.0224175 0.00100951 -0.0151225 -0.0279959 -0.00831584 -0.0347284 0.0214303 -0.00194121 -0.000428579 -0.0123193 -0.00581996 -0.00141847 -0.00194106 -0.00159713 -0.00192964 -0.00173249 -0.00209597 -0.00179589 -0.0538382 -0.00130373 0.014283 -0.0033258 -0.00367881 -0.0494353 0.00415344 -0.0425146 0.0108931
internal_weight=527.36 521.706 114.857 22.9876 91.8693 20.9592 15.5002 8.73713 4.7374 5.45898 406.849 355.093 51.7554 42.0981 347.161 343.395 341.839 340.363 339.898 337.952 336.74 3.15467 333.586 38.3066 295.279 294.411 5.69758 31.513 3.9767 27.5363
internal_count=141125 135467 20817 18059 2758 284 217 124 78 67 114650 107937 6713 4968 107045 106797 106738 106638 106614 106534 106462 271 106191 2292 103899 103875 227 1532 262 1270
is_linear=0
shrinkage=0.05


Tree=170
num_leaves=31
num_cat=0
split_feature=29 38 20 5 6 26 20 29 26 8 6 7 7 26 13 12 29 8 27 35 27 10 8 12 12 29 10 7 7 13
split_gain=2.71316 2.19479 1.91547 2.24129 1.75706 1.61662 7.65155 2.95685 3.22937 6.85259 3.16879 4.07379 4.29031 3.72034 3.42906 3.22688 3.14898 3.11227 2.82929 3.66901 4.03697 2.63637 2.46394 3.51567 3.01444 2.3093 2.82416 4.84985 2.49244 2.27254
threshold=0.64495798945426952 1.0000000180025095e-35 0.15587044507265094 0.46428571641445165 5.5000000000000009 0.22749775648117068 0.24264705926179889 0.039886362850666053 0.23112535476684573 0.084523811936378493 1.5000000000000002 0.60208335518836986 0.6264534890651704 0.56461101770401012 1.5000000000000002 0.03637566231191159 0.12015037611126901 0.25186567008495336 1.0000000180025095e-35 1.0000000180025095e-35 0.04774779453873635 0.64967530965805065 0.091966174542903914 0.52041664719581615 0.0745370388031006 0.14365079998970035 0.80901724100112926 0.42163743078708654 0.57294833660125744 2.5000000000000004
decision_type=2 2 2 2 2 2 2 2 2 2 2 2 2 2 2 2 2 2 2 2 2 2 2 2 2 2 2 2 2 2
left_child=1 2 3 -1 5 6 -3 8 9 -7 13 14 -13 15 17 -9 -17 -12 -10 20 -20 -16 23 24 -8 26 -19 -28 -27 -24
right_child=-2 4 -4 -5 -6 7 22 10 18 -11 11 12 -14 -15 21 16 -18 25 19 -21 -22 -23 29 -25 -26 28 27 -29 -30 -31
leaf_value=-0.066959610082078722 0.050017988640438549 -0.050160516091706568 0.050324379200706607 0.051074432354978251 0.06065035577426512 0.51921389480464131 -0.0073897350320515399 0.080841228730185094 0.00020559728450943429 0.047682515145641577 0.053880140700840101 0.10557310158717258 0.015343477430422104 0.086617007854358469 -0.015618590482284254 -0.024800431731226275 0.059638656660115065 -0.045371384555140538 -0.049529593255700728 -0.038114437985438954 0.01139969130668894 0.075189005725671873 -0.0063179229802363584 -0.026728357602807735 0.05674222974902187 0.0084533819508660398 0.049917888524845036 -0.043470878844926376 -0.070953297439235327 0.01640786457782557
leaf_weight=0.90193473547696956 2.6977011761773602 8.8589309630660846 3.8682215699518565 0.72584477410418913 1.1686981080856629 0.087192296734427965 2.6821788876404735 1.5631124874780633 266.62889160609484 0.66240152712998679 1.6852506195937227 1.38419041442103 27.318672101668199 2.7064977587433532 1.2802069009485415 3.8702352026448352 1.544874553044792 9.6157967832477897 3.4370922106318202 11.542290168112233 13.004837906963074 2.1276833220908884 118.79078191517328 2.9798219017393412 5.7826689290159266 10.300790299370417 2.5645499175589057 3.0359570612054085 1.0930806378019031 12.123218597524099
leaf_count=14 11008 49371 5316 249 157 18 96 124 10599 877 210 73 3585 43 117 336 73 735 484 36599 1600 69 16805 255 276 430 61 93 57 1395
internal_value=3.64076e-06 -0.000254174 0.0311763 -0.0143269 -0.000587755 -0.000726275 -0.0050742 0.00107281 -0.00111808 0.102531 0.0103052 0.00604838 0.0196948 0.0368563 -0.0063065 0.0175567 -0.000710837 -0.0120133 -0.0013818 -0.0165063 -0.00133723 0.0410763 -0.00226849 0.0199792 0.0364213 -0.0161864 -0.0289322 -0.000706865 0.000835435 -0.00421341
internal_weight=526.034 523.336 5.496 1.62778 517.84 516.671 151.218 365.454 295.363 0.749594 70.0909 60.4062 28.7029 9.68472 31.7033 6.97822 5.41511 28.2954 294.613 27.9842 16.4419 3.40789 142.359 11.4447 8.46485 26.6102 15.2163 5.60051 11.3939 130.914
internal_count=141125 130117 5579 263 124538 124381 68198 56183 50177 895 6006 5430 3658 576 1772 533 409 1586 49282 38683 2084 186 18827 627 372 1376 889 154 487 18200
is_linear=0
shrinkage=0.05


Tree=171
num_leaves=31
num_cat=0
split_feature=20 9 13 10 28 32 26 26 20 22 20 26 22 21 21 7 32 27 7 9 9 8 10 5 6 32 13 38 6 26
split_gain=2.10306 4.81198 4.99285 3.20631 3.61976 2.46993 3.25934 2.4289 3.98893 2.924 5.00102 2.99321 3.32622 3.56989 2.72731 4.00399 3.93861 3.30262 3.22688 2.91114 3.83681 5.40125 3.35207 3.21067 2.47479 2.3747 2.60518 2.32815 5.17608 4.22596
threshold=0.94868421554565441 0.62477290630340587 1.0000000180025095e-35 0.25677657127380377 0.59723854064941417 0.81096094846725475 0.34335896372795111 0.13168095052242282 0.24264705926179889 0.70396453142166149 0.72077924013137828 0.18616051226854327 0.81279206275939953 7.5000000000000009 4.5000000000000009 0.73431372642517101 0.77784305810928356 0.07059578970074655 0.75277778506279003 0.93687751889228832 0.92462962865829479 0.64785373210906994 0.62316370010375988 0.77500000596046459 4.5000000000000009 0.66682392358779918 2.5000000000000004 2.5000000000000004 3.5000000000000004 0.076138716191053404
decision_type=2 2 2 2 2 2 2 2 2 2 2 2 2 2 2 2 2 2 2 2 2 2 2 2 2 2 2 2 2 2
left_child=7 2 -2 4 -4 6 -5 8 -1 24 -11 12 13 -12 18 16 25 -17 19 20 22 -22 -10 -23 -9 26 -16 28 -20 -30
right_child=1 -3 3 5 -6 -7 -8 9 14 10 11 -13 -14 -15 15 17 -18 -19 27 -21 21 23 -24 -25 -26 -27 -28 -29 29 -31
leaf_value=-0.050256454049975433 -0.055564387711749909 0.041579825945567639 0.044312607891669818 0.020268320754546824 -0.059478312645919018 -0.031434842446452962 -0.0778623542752446 -0.0005120194828176363 -0.007415645114599881 0.067052655579659823 -0.08126221805419484 0.0417252195369337 0.025108806443571458 0.034127953449364389 -0.025411882778207575 -0.17023598715702792 0.053308862785248462 0.032780797776039698 -0.011816827093181602 0.050262496369428235 -0.13256673696282781 -0.05298876863047506 0.029064433053635805 0.062248603185379218 0.031796043775164699 -0.066276575472451069 0.038754610013245795 0.0031241311701666113 -0.074282298794792631 -0.26899099954109901
leaf_weight=5.3356491741906202 3.4457093637029201 9.7788041680178122 7.7372605886921537 8.4921877903834648 0.94235490806750011 5.5978892099228679 0.93981984525453377 378.71999188606424 11.780832603319146 4.4514432233409016 2.5168823412386687 3.1598451118188677 2.5217498334968695 0.91358125534316048 25.64332461901359 0.20858123135985707 1.6366533944528772 5.0607464918430196 4.8287535687268228 4.0959995359153245 1.1485608082730316 1.3420561055536384 13.528241955456904 1.0997277293354271 6.0215337236732003 3.3131815868255208 1.6858261033048609 6.3500483071402414 1.5234445384412536 0.34106106372200873
leaf_count=30011 114 15752 525 279 10 46 17 78734 2424 288 224 933 662 195 2561 11 153 3823 292 438 29 73 825 25 426 138 406 1580 108 23
internal_value=1.93563e-06 0.011505 0.000674891 0.00884816 0.0330439 -0.00512465 0.0104904 -0.000870052 -0.0083416 0.000797993 0.0236145 0.00239403 -0.0184857 -0.0505322 -0.00566603 -0.0156668 -0.0222637 0.0247446 0.00249042 0.0108132 0.0052219 -0.0431486 0.0120837 -0.0010883 -6.37068e-06 -0.0263002 -0.0214537 -0.0185635 -0.0391391 -0.109899
internal_weight=524.162 36.934 27.1552 23.7095 8.67962 15.0299 9.43201 487.228 88.9227 398.305 13.5635 9.11206 5.95221 3.43046 83.587 37.5483 32.279 5.26933 46.0387 32.9954 28.8994 3.59034 25.3091 2.44178 384.742 30.6423 27.3292 13.0433 6.69326 1.86451
internal_count=141125 16743 991 877 535 342 296 124382 42920 81462 2302 2014 1081 419 12909 7092 3258 3834 5817 3814 3376 127 3249 98 79160 3105 2967 2003 423 131
is_linear=0
shrinkage=0.05


Tree=172
num_leaves=31
num_cat=0
split_feature=29 38 19 7 6 11 37 7 19 8 10 12 26 7 10 25 32 5 10 12 10 10 21 10 12 27 12 32 26 12
split_gain=2.49287 2.06821 1.67253 1.96148 1.61367 1.57605 3.81294 3.71527 5.84489 3.79748 5.20581 3.58906 3.23745 3.06297 2.91845 2.68457 2.52201 2.51274 2.89042 2.40963 2.26683 2.99302 2.75014 2.45226 3.20867 4.10947 3.21332 2.79282 3.34688 2.74183
threshold=0.64495798945426952 1.0000000180025095e-35 0.080540537834167494 0.077422577887773528 5.5000000000000009 0.10102041065692903 1.0000000180025095e-35 0.73431372642517101 0.15075758099555972 0.61986863613128673 0.77459675073623668 0.24744898080825808 0.066915426403284087 0.029857398010790352 0.82426470518112194 1.0000000180025095e-35 0.2972699254751206 0.77500000596046459 0.92907443642616283 0.031754031777381904 0.7320508360862733 0.5388936996459962 17.500000000000004 0.30068494379520422 0.56562754511833202 0.14177966862916949 0.65261757373809826 0.81096094846725475 0.052911534905433662 0.38379706442356115
decision_type=2 2 2 2 2 2 2 2 2 2 2 2 2 2 2 2 2 2 2 2 2 2 2 2 2 2 2 2 2 2
left_child=1 2 3 -1 5 7 13 8 17 10 15 16 -13 -7 -9 -10 19 -3 -19 -11 21 23 -23 24 29 26 -26 28 -25 -17
right_child=-2 4 -4 -5 -6 6 -8 14 9 11 -12 12 -14 -15 -16 20 -18 18 -20 -21 -22 22 -24 27 25 -27 -28 -29 -30 -31
leaf_value=-0.059356773502436566 0.050016906314244727 -0.04092017440085418 0.050270739895315802 0.051013854567386524 0.060003912238792423 0.085285531118336588 0.050151076204176095 0.050717832652290233 -0.032293456786821412 0.055639612489127334 0.05081267792775454 -0.05451585984032984 0.050546725673919837 0.00016931934896921198 0.0022408900564601228 0.0032933571287353694 -0.060464142388023459 0.018581925074499777 -0.10962324260363393 -0.030611116646707015 -0.056521934136253227 0.035124287213904544 -0.13843535292980669 0.023454200418564483 -0.060409229095071161 0.049637575386554701 -0.0017714243458275833 -0.070744785762358889 -0.022487493588470232 0.038668348512337802
leaf_weight=0.91491060517728218 2.479898596648126 16.8114860127389 3.574724404810695 0.7188152918824926 1.0978465337393561 1.0598904970975116 3.8910238276876035 4.7560719790344583 6.6561369821138205 1.0156413670047166 4.9806212358962503 1.0559045802365283 2.3995051795500331 382.20688034710474 8.9419295656407467 13.72156637904118 6.4183047643382451 3.5774899838143019 0.50122709199786175 3.9950109505589353 1.6673488478336356 8.1960028986650251 0.23478115617763329 5.5896436892871924 4.3564863785868493 2.0206347086932501 5.0384398766473169 2.0336065029259762 13.633339518164574 9.1170137447479629
leaf_count=15 11008 75585 5311 253 157 25 4917 212 1954 77 283 101 131 35192 677 471 306 392 4 241 136 1061 4 287 115 35 308 14 1535 318
internal_value=5.354e-06 -0.000233069 0.0311162 -0.0107953 -0.000550137 -0.000679505 0.000904663 -0.00551956 -0.00850011 -0.0030857 0.0013703 -0.0262111 0.0184417 0.000404701 0.0190725 -0.00203734 -0.0397113 -0.0323787 0.00282699 -0.0131284 0.00103219 0.00253298 0.030291 -0.00168281 0.00659576 -0.0150494 -0.0289621 -0.0150234 -0.0091286 0.0174148
internal_weight=522.662 520.182 5.20845 1.63373 514.974 513.876 387.158 126.718 113.02 92.13 77.2456 14.8844 3.45541 383.267 13.698 72.265 11.429 20.8902 4.07872 5.01065 65.6089 63.9415 8.43078 55.5107 34.2541 11.4156 9.39493 21.2566 19.223 22.8386
internal_count=141125 130117 5579 268 124538 124381 40134 84247 83358 7377 6521 856 232 35217 889 6238 624 75981 396 318 4284 4148 1065 3083 1247 458 423 1836 1822 789
is_linear=0
shrinkage=0.05


Tree=173
num_leaves=31
num_cat=0
split_feature=29 38 19 7 6 26 19 19 12 9 21 29 26 6 4 4 12 19 29 4 10 32 19 12 27 19 28 26 10 10
split_gain=2.37074 1.95815 1.6056 1.99551 1.5224 1.44399 7.0118 2.82428 3.5462 2.29446 2.19365 2.2798 3.10273 3.03585 3.74749 5.92432 3.658 3.41616 3.56976 3.21245 5.7195 3.36039 5.50383 3.82908 2.96041 3.92051 2.9586 2.85929 2.66681 2.59634
threshold=0.64495798945426952 1.0000000180025095e-35 0.061553031206130988 0.077422577887773528 5.5000000000000009 0.22749775648117068 0.12060606107115747 0.48913043737411505 0.70659971237182628 0.39536198973655706 6.5000000000000009 0.039886362850666053 0.74731057882308971 1.5000000000000002 0.41428571939468389 0.5634920895099641 0.28708791732788091 0.25357143580913549 0.083683475852012648 0.61250001192092907 0.74115687608718883 0.75047892332077037 0.15075758099555972 0.28388279676437383 1.0000000180025095e-35 0.26794873178005224 0.37503409385681158 0.6006993055343629 0.85028737783432018 0.75905716419219982
decision_type=2 2 2 2 2 2 2 2 2 2 2 2 2 2 2 2 2 2 2 2 2 2 2 2 2 2 2 2 2 2
left_child=1 2 3 -1 5 6 -3 10 -9 -8 11 24 13 17 28 -16 19 -13 -19 20 -17 23 -23 -21 -7 29 27 -27 -15 -26
right_child=-2 4 -4 -5 -6 7 9 8 -10 -11 -12 12 -14 14 15 16 -18 18 -20 21 -22 22 -24 -25 25 26 -28 -29 -30 -31
leaf_value=-0.066090527526665513 0.050016083914281223 -0.05014915874649796 0.049382813949964063 0.050975363691933041 0.059570412493961777 0.00016948230521293112 0.029465249938769467 0.021687998573323059 0.23232548421707411 -0.0034863014569789493 -0.041338512713744113 0.07683302092271517 0.049755697294558955 -0.040936709994189802 0.039709575719203305 0.039782211826179192 0.038644677215014078 -0.038668655497695735 0.051918565302973688 0.026550885739599357 -0.046073073945889872 -0.080863221422554532 0.054326812969818686 -0.097792859185304032 -0.050317563589312442 -0.0457007917918573 0.045913908939323553 0.093648568886828543 0.041069163666390074 -0.0072350770752865126
leaf_weight=0.80112385936081298 2.3589903094543834 8.060830208438345 3.5057729998516152 0.66719919809838757 1.0517138769791916 266.02232731300319 5.4975532136959364 11.322936429409307 0.20340628968551833 135.27792596563086 3.1419824816985047 3.0381720644363659 4.40793033275986 6.96754967743618 10.820237817431915 2.4178037727106192 4.4690224179648785 2.1225612089328934 2.2302637788234279 10.391591307125051 9.8125345470325538 2.3407387949991967 1.1098171855555845 0.65836226940155107 8.926862264608646 2.3494049646833441 3.3402298545406666 0.43651514942757774 1.1558453173493033 5.7492837444915486
leaf_count=13 11008 49489 5316 250 157 10597 371 2094 7 18338 174 239 187 700 539 67 147 138 62 1172 398 121 134 6 36078 219 95 13 29 2967
internal_value=5.34933e-06 -0.000222271 0.0309984 -0.0128963 -0.000524798 -0.000648176 -0.00479639 0.00105063 0.0254051 -0.00219948 0.000252924 0.000627614 0.00932652 0.00622909 0.00181958 0.00782956 -0.00322656 0.036145 0.00774566 -0.0102268 -0.0291004 0.00569194 -0.0373815 0.0191424 -0.00125099 -0.0194162 0.0141806 -0.0238667 -0.0292684 -0.0334403
internal_weight=520.656 518.297 4.9741 1.46832 513.323 512.272 148.836 363.435 11.5263 140.775 351.909 348.767 61.9424 57.5345 50.1435 42.0201 31.1999 7.391 4.35282 26.7308 12.2303 14.5005 3.45056 11.05 286.825 20.8023 6.12615 2.78592 8.12339 14.6761
internal_count=141125 130117 5579 263 124538 124381 68198 56183 2101 18709 54082 53908 3939 3752 3313 2584 2045 439 200 1898 465 1433 255 1178 49969 39372 327 232 729 39045
is_linear=0
shrinkage=0.05


Tree=174
num_leaves=31
num_cat=0
split_feature=29 38 6 11 37 7 8 7 22 32 9 8 30 26 7 10 9 27 9 9 38 29 10 10 8 12 12 22 26 27
split_gain=2.25473 1.85456 1.43594 1.4113 3.62144 3.3611 5.35859 4.31285 3.69259 2.82854 3.40437 3.30025 3.10429 2.78094 2.75531 2.71078 2.61746 3.31019 2.5606 2.44209 3.16688 2.28029 2.21369 2.83592 2.17835 2.16291 5.87879 8.24922 2.33148 2.14304
threshold=0.64495798945426952 1.0000000180025095e-35 5.5000000000000009 0.10102041065692903 1.0000000180025095e-35 0.73431372642517101 0.71611723303794872 0.48435972630977636 0.18433827161788943 0.48843066394329077 0.8216814696788789 0.26365442574024206 0.19512154906988147 0.59362295269966137 0.029857398010790352 0.82426470518112194 0.46555346250534063 0.082858495414257063 0.54158306121826183 0.40484943985939031 1.5000000000000002 0.59586465358734142 0.88805347681045543 0.94392031431198131 0.037749288603663451 0.32392686605453497 0.44562648236751562 0.32793442904949194 0.6088932752609254 0.09332089871168138
decision_type=2 2 2 2 2 2 2 2 2 2 2 2 2 2 2 2 2 2 2 2 2 2 2 2 2 2 2 2 2 2
left_child=1 -1 3 5 14 6 7 8 -3 10 13 12 16 21 -5 -7 19 18 -18 20 -11 24 -17 -24 -10 -15 27 28 -27 -14
right_child=-2 2 -4 4 -6 15 -8 -9 9 11 -12 -13 29 25 -16 22 17 -19 -20 -21 -22 -23 23 -25 -26 26 -28 -29 -30 -31
leaf_value=0.030891842422173712 0.05001530202065211 -0.042311343817328581 0.059121978510844386 0.081373795021701986 0.050110077763450313 0.048956830919102329 -0.038205461077855156 0.028390492780064155 0.046270046900521278 -0.035601204255810689 0.053314584112405708 0.051944908755494137 -0.0662900287736157 -0.0070193507341645145 0.00017509497106337025 -0.029925107601275619 -0.051712744712118966 0.067250404558242965 0.037539539678482239 0.063996934855359358 0.041717968572548059 -0.19498433410707847 0.042779955049596974 -0.038730529878172174 -0.024394411784858967 0.19831507223358658 -0.040718402795169945 0.67426250961338141 0.033500512167047379 -0.0067159858910630713
leaf_weight=4.7480161847051923 2.2439751923811846 7.0137260432638859 1.0078199180570653 1.0476186596788455 3.6988629793777354 4.6955834825639604 13.059153212852832 9.244978538976282 1.1307862124012924 2.1161700120137521 1.7733400170909579 3.3503930600782033 1.614807487756482 3.0678892344876649 381.43037566205021 3.3720811345556267 3.2292133798764544 1.1128848515218122 1.0698418794199822 3.9567371641896898 3.5392463393509388 0.1913967247819518 4.0833032092923531 1.4446398226427843 30.686737965452267 0.37953424327133667 0.75382859040837502 0.068677158560603857 0.49369339022814529 23.165825181611581
leaf_count=5579 11008 23629 157 25 4917 212 2708 2138 291 99 381 299 60 744 35192 179 83 18 26 117 76 3 308 190 51783 57 267 3 211 365
internal_value=4.15676e-06 -0.000213101 -0.000501665 -0.000619306 0.000873656 -0.00524595 -0.00811956 -0.00410876 -0.00749552 -0.00450671 -0.0143505 0.00428574 0.000274235 -0.0176137 0.000397501 0.0182193 0.0182069 -0.0096062 -0.0295019 0.0338666 0.0127863 -0.0229181 0.00200246 0.0214785 -0.021883 0.018029 0.0633461 0.146631 0.105134 -0.0105981
internal_weight=518.791 516.547 511.799 510.791 386.177 124.614 111.019 97.9597 88.7147 81.701 38.5459 43.1551 39.8047 36.7725 382.478 13.5956 15.0241 5.41194 4.29906 9.61215 5.65542 32.0089 8.90002 5.52794 31.8175 4.76362 1.69573 0.941905 0.873228 24.7806
internal_count=141125 130117 124538 124381 40134 84247 83358 80650 78512 54883 53740 1143 844 53359 35217 889 419 127 109 292 175 52077 677 498 52074 1282 538 271 268 425
is_linear=0
shrinkage=0.05


Tree=175
num_leaves=31
num_cat=0
split_feature=29 38 20 5 26 19 19 28 10 26 29 28 26 21 19 9 11 11 9 28 13 11 28 6 8 10 13 10 5 9
split_gain=2.14441 1.7123 1.72009 1.87891 1.37323 6.65475 2.66179 4.99731 2.83994 2.13277 4.31662 3.4287 3.49717 2.99568 4.35501 2.16893 3.18876 6.01114 4.46067 5.85968 5.58237 5.61544 4.75216 3.94695 4.10134 4.41513 4.00985 3.38711 3.55807 3.32531
threshold=0.64495798945426952 1.0000000180025095e-35 0.15587044507265094 0.46428571641445165 0.22749775648117068 0.12060606107115747 0.35857143998146063 0.35213622450828558 0.21164613962173465 0.53416875004768383 0.039886362850666053 0.62750142812728893 0.54580420255661022 2.5000000000000004 0.21132376790046695 0.85273173451423656 0.58898946642875682 0.65301004052162182 0.96901482343673717 0.28872962296009069 1.0000000180025095e-35 0.57321429252624523 0.2990442961454392 2.5000000000000004 0.6885775923728944 0.85028737783432018 1.5000000000000002 0.92907443642616283 0.77500000596046459 0.86368605494499218
decision_type=2 2 2 2 2 2 2 2 2 2 2 2 2 2 2 2 2 2 2 2 2 2 2 2 2 2 2 2 2 2
left_child=1 2 3 -1 5 -3 9 -8 -9 10 -6 15 -13 -12 -15 -11 18 -18 19 -17 21 22 -21 24 -19 -26 27 28 -25 -24
right_child=-2 4 -4 -5 6 -7 7 8 -10 11 13 12 -14 14 -16 16 17 23 -20 20 -22 -23 29 26 25 -27 -28 -29 -30 -31
leaf_value=-0.065087976224295505 0.050014557480478221 -0.050144881055011352 0.050284828661470132 0.050913314167627455 -0.045444074921730526 -0.0020730187540258754 -0.039514802968367124 0.088207198622416799 0.019891895943456001 0.012180608307353898 0.019053912474491799 0.28801285203485988 0.046158207458627032 -0.066839899756413149 -0.0028988723853038546 0.0066210332914778324 0.029632983377032292 -0.050972491769977583 0.051730588210784273 -0.086731275152073309 -0.037900884389195005 -0.078938728687790755 -0.062802824481068609 -0.023837425208369043 0.0085520375767796693 -0.016743664101571687 0.055289381502804463 0.016661542992583669 0.0058039165697933246 0.013434677672465537
leaf_weight=0.81927447021007427 2.1345662042440372 7.5883919679672536 3.2172588098183041 0.60823073994833976 7.4712161851584815 140.40433687622863 3.4840571664390181 1.6360699953511382 21.684932597985608 37.105310445818759 10.097282879985871 0.16174469687393811 1.9692329482350031 3.3055322099971844 13.699761785290319 29.92439630269655 19.003519183577737 5.2761993671156224 2.9408412327757096 1.404083719040506 25.349217987401062 2.3284572864649808 1.5372632072248986 15.230210188485215 31.618551601393847 37.959443218249362 4.1413862796034655 34.416484470944852 30.198131194803864 20.561723596816591
leaf_count=14 11008 49492 5316 249 33922 18800 131 20 3059 12691 1038 11 265 381 680 725 270 51 32 26 678 23 72 126 326 318 31 695 318 357
internal_value=2.92245e-06 -0.000204308 0.0300169 -0.0156622 -0.000479276 -0.00453792 0.00117767 0.01634 0.0246845 -3.30206e-05 -0.0117946 0.00131739 0.0645154 -0.00251867 -0.0153279 0.000866968 -0.000735981 0.00305682 -0.00876168 -0.0109551 -0.0212315 -0.00487342 0.00246426 -0.000122723 -0.00847138 -0.00524846 0.00731816 0.00483 -0.00413358 0.0081314
internal_weight=517.277 515.143 4.64476 1.42751 510.498 147.993 362.505 26.8051 23.321 335.7 34.5738 301.126 2.13098 27.1026 17.0053 298.995 261.89 177.844 84.046 81.1051 51.1807 25.8315 23.5031 158.84 74.8542 69.578 83.9862 79.8448 45.4283 22.099
internal_count=141125 130117 5579 263 124538 68292 56246 3210 3079 53036 36021 17015 276 2099 1061 16739 4048 2135 1913 1881 1156 478 455 1865 695 644 1170 1139 444 429
is_linear=0
shrinkage=0.05


Tree=176
num_leaves=31
num_cat=0
split_feature=29 38 20 4 6 11 37 20 10 22 10 12 13 11 22 20 10 10 4 28 12 28 8 4 22 13 10 29 32 12
split_gain=2.03952 1.62402 1.63754 1.77269 1.33883 1.28344 3.43889 3.28336 4.55098 3.58966 3.58449 3.73684 2.53564 2.51172 3.31007 2.7901 4.1158 3.11055 2.73326 3.2254 2.4341 2.80163 2.58286 2.41235 2.41034 2.65437 2.2596 3.25098 3.10527 2.65521
threshold=0.64495798945426952 1.0000000180025095e-35 0.15587044507265094 0.19090909510850909 5.5000000000000009 0.10102041065692903 1.0000000180025095e-35 0.59166666865348827 0.74849396944046032 0.70396453142166149 0.75582656264305126 0.1123737394809723 1.0000000180025095e-35 0.26138716936111456 0.91080269217491161 0.41885964572429663 0.79118219017982494 0.39801980555057531 0.64583334326744091 0.16966305673122409 0.32392686605453497 0.35915474593639379 0.52704679965972911 0.44949495792388922 0.57212206721305858 1.5000000000000002 0.59675306081771862 0.041812354698777206 0.030779528431594375 0.18561584502458575
decision_type=2 2 2 2 2 2 2 2 2 2 2 2 2 2 2 2 2 2 2 2 2 2 2 2 2 2 2 2 2 2
left_child=1 2 3 -1 5 7 13 8 9 -3 -10 24 -9 14 15 16 18 -17 19 23 21 -13 -23 -7 25 -12 27 -14 -28 -30
right_child=-2 4 -4 -5 -6 6 -8 12 10 -11 11 20 26 -15 -16 17 -18 -19 -20 -21 -22 22 -24 -25 -26 -27 28 -29 29 -31
leaf_value=-0.064359657583598281 0.050013848913770177 -0.040695700307519983 0.050271639163724895 0.050872526872220797 0.058666595875803397 -0.051702348464551531 0.05006912155173189 -0.014273298772070973 0.090248132336113326 0.062476382843275835 -0.06066043888038767 -0.065288518307173277 0.0054621909238018705 -0.00041379047093812664 -0.065662084772598911 -0.056016947525368344 0.048054432517281594 0.066918000223042035 0.087661202962763543 -0.059487921194955343 0.063328106899480013 0.11885505654779888 0.0023451825308100499 0.13038583089575723 0.094450635131617222 0.10471345371331431 -0.054596145953534174 -0.036865128344056447 -0.00010800673527135526 0.053663959368120455
leaf_weight=0.78791381418704876 2.0304902136413139 16.968112496022517 3.0611339537135791 0.57901917514391243 0.95566525023605109 0.30866324662929256 3.5166903517092569 21.244058793614386 1.0134001601254592 0.88716080237645556 4.5469084239666726 1.5038956077951287 45.861957061802968 366.76150036811305 1.0320136278169219 0.57327592387446102 3.6055473131564213 5.0229254470177693 0.48915708161075588 3.2045616243922268 1.6542909198542464 0.49491109574591874 12.241980658174723 0.44288014419726096 0.29912292992230494 0.2563214520268956 1.0762300128699269 5.0343829248449756 3.5406077720690501 6.5296310085395817
leaf_count=14 11008 77769 5316 249 157 90 4917 990 436 31 1126 297 1016 31943 64 27 92 325 10 2662 356 53 807 4 4 16 68 297 298 683
internal_value=1.56344e-06 -0.000196198 0.0299531 -0.0155485 -0.00045845 -0.000569654 0.000851675 -0.00501251 -0.0168128 -0.0355695 -0.00159735 -0.00603009 0.000635829 0.000397915 0.0206787 0.027208 0.00835899 0.0543245 -0.0238379 -0.0376244 0.0059206 -0.000748185 0.00687235 0.0556012 -0.0432594 -0.0518354 0.00574086 0.00127541 0.0261307 0.0347582
internal_weight=515.524 513.494 4.42807 1.36693 509.066 508.11 384.957 123.153 39.8661 17.8553 22.0108 20.9974 83.2869 381.441 14.679 13.647 8.05081 5.5962 4.44526 3.95611 15.8951 14.2408 12.7369 0.751543 5.10235 4.80323 62.0428 50.8963 11.1465 10.0702
internal_count=141125 130117 5579 263 124538 124381 40134 84247 80895 77800 3095 2659 3352 35217 3274 3210 2858 352 2766 2756 1513 1157 860 94 1146 1142 2362 1313 1049 981
is_linear=0
shrinkage=0.05


Tree=177
num_leaves=31
num_cat=0
split_feature=29 38 20 4 6 24 26 12 26 19 19 12 6 12 21 26 9 9 20 21 8 9 32 9 9 19 20 19 21 9
split_gain=1.93974 1.54037 1.55894 1.67294 1.2622 1.21401 2.06073 1.87122 1.53855 6.02021 2.3528 2.72225 2.12471 2.4882 3.83394 3.40969 2.52999 2.55809 2.54749 3.39307 2.9595 3.88962 2.88863 3.79978 3.16652 2.66558 4.86331 2.97217 2.95554 2.88307
threshold=0.64495798945426952 1.0000000180025095e-35 0.15587044507265094 0.19090909510850909 5.5000000000000009 0.75000000000000011 0.093883547931909575 0.063508063554763808 0.22749775648117068 0.12060606107115747 0.48913043737411505 0.70659971237182628 3.5000000000000004 0.12632978707551959 14.500000000000002 0.06274606287479402 0.39536198973655706 0.40484943985939031 0.91987180709838878 7.5000000000000009 0.24283374845981601 0.54698312282562267 0.80029985308647167 0.8216814696788789 0.81926664710044872 0.21583850681781772 0.3717105239629746 0.32666666805744177 9.5000000000000018 0.92462962865829479
decision_type=2 2 2 2 2 2 2 2 2 2 2 2 2 2 2 2 2 2 2 2 2 2 2 2 2 2 2 2 2 2
left_child=1 2 3 -1 5 8 7 -7 9 -3 -10 -12 13 14 -11 -16 -15 -18 22 20 21 -20 23 24 -19 26 -25 -27 29 -29
right_child=-2 4 -4 -5 -6 6 -8 -9 10 12 11 -13 -14 16 15 -17 17 18 19 -21 -22 -23 -24 25 -26 27 -28 28 -30 -31
leaf_value=-0.063661709166486544 0.050013174079953426 -0.050139897243919956 0.050259029103953703 0.050833394515471968 0.058193645029188404 -0.041811663617307017 -0.020168002983561403 0.080642897645114731 0.00027584130106722863 0.012021731888167509 0.020105132454941176 0.19747912221837738 -0.022526381313105595 0.033112040496757873 -0.11583338958288719 0.058227190764133047 -0.06796071489638654 -0.027115399046234775 0.0052760672325834895 0.047196560502726748 0.048186639965810678 -0.056825134851394156 0.082444414360874504 -0.050711391443086944 -0.21664453945316633 -0.04717215055761613 0.16161557479148678 0.017249170186517209 -0.054099376262239832 -0.017061871498690092
leaf_weight=0.75749570503830799 1.9314874365227286 7.0618299480393025 2.9125528693693923 0.55119338957592845 0.91626047644240216 0.37856555938196823 1.3244822750421006 1.7734361365291986 348.57324632210839 40.221168850104732 10.91872165475797 0.22068750450853336 12.40307495149318 3.9640634795141514 1.0793786564026948 0.38054971456585907 1.7297200181710639 22.410004989003941 9.0003567859530467 4.5054358288180074 2.429553433408727 3.5027138742152593 0.80191832594573398 0.46047122767777071 0.22256743499019549 3.7193966182821887 0.650914744779584 17.143635757558521 2.298128813301445 9.5236265017010719
leaf_count=14 11008 49487 5316 249 157 224 385 314 54053 8013 1990 7 1986 328 139 134 59 3460 85 709 1295 49 7 170 29 161 30 619 157 491
internal_value=7.81601e-07 -0.000187948 0.0298911 -0.0154387 -0.000438081 -0.000544104 0.0289012 0.0591015 -0.000747526 -0.00512461 0.000998726 0.0236192 -0.00279483 -0.000821884 0.00913264 -0.0704622 -0.00585956 -0.00783008 -0.00647347 0.00916539 -0.00230928 -0.0121215 -0.0117851 -0.0131242 -0.0289792 -0.00250649 0.0736439 -0.00509585 0.0003071 0.00499574
internal_weight=513.767 511.835 4.22124 1.30869 507.614 506.698 3.47648 2.152 503.221 143.509 359.713 11.1394 136.447 124.044 41.6811 1.45993 82.3625 78.3984 76.6687 19.4381 14.9326 12.5031 57.2307 56.4287 22.6326 33.7962 1.11139 32.6848 28.9654 26.6673
internal_count=141125 130117 5579 263 124538 124381 923 538 123458 67408 56050 1997 17921 15935 8286 273 7649 7321 7262 2138 1429 134 5124 5117 3489 1628 200 1428 1267 1110
is_linear=0
shrinkage=0.05


Tree=178
num_leaves=31
num_cat=0
split_feature=23 10 20 4 28 28 10 35 10 12 10 7 12 8 32 8 10 10 6 4 10 7 7 13 8 32 4 7 6 12
split_gain=1.61151 4.40253 2.88936 2.30945 3.40136 3.51547 4.78539 2.67018 3.61992 4.07551 2.19333 5.00583 4.12983 3.31009 2.43352 2.36275 2.17961 1.96029 3.33494 5.45995 4.64331 5.64617 3.67103 4.76418 6.73021 3.64456 3.49684 5.8352 5.6632 4.60093
threshold=1.0000000180025095e-35 0.84660634398460399 0.3717105239629746 0.31666667759418493 0.34460306167602545 0.34783461689949041 0.10063291341066362 1.0000000180025095e-35 0.65142410993576061 0.24744898080825808 0.80217391252517711 0.57294833660125744 0.16472868621349337 0.95553359389305126 0.023818388581275943 0.66352203488349926 0.80901724100112926 0.76631206274032604 2.5000000000000004 0.58571431040763866 0.62575301527977001 0.64785373210906994 0.30471627414226538 1.5000000000000002 0.48435972630977636 0.26607342064380651 0.44949495792388922 0.22611077129840854 1.5000000000000002 0.54226192831993114
decision_type=2 2 2 2 2 2 2 2 2 2 2 2 2 2 2 2 2 2 2 2 2 2 2 2 2 2 2 2 2 2
left_child=3 10 -3 4 -1 6 -6 -7 -9 16 11 14 13 -12 -2 -14 -10 18 26 -20 -21 22 -22 24 -24 -26 28 -28 29 -5
right_child=1 2 -4 17 5 7 -8 8 9 -11 12 -13 15 -15 -16 -17 -18 -19 19 20 21 -23 23 -25 25 -27 27 -29 -30 -31
leaf_value=-0.030699415560172312 0.053909997619352973 -0.019132553538992812 0.040813159638396684 0.035463203512299112 0.43377834471778071 0.0097752168805872314 0.052869391037309504 -0.05082400022837117 -0.055711937222746047 0.065225375676375041 0.060093036916626243 0.052753402298041312 0.0099263765730177519 -0.039426671328760335 -0.0012593536117240314 -0.077468866360656918 0.032856026178604489 -0.0025205114472917488 -0.031827673570932559 0.081378497546936851 -0.067821214976499039 0.05679707419870568 0.098135508011102018 -0.081089593857076897 0.05227384888274398 -0.027403290470888905 0.12751425523599155 0.015270197557491639 -0.022825910638130241 -0.079334873256518668
leaf_weight=15.885887035481572 2.0617532397882306 2.4024144442228126 12.310533626427057 9.2869252536220301 0.1019799336791064 14.776456076404431 0.43065521923199412 5.5884522247433761 2.1570575438054225 1.9086365949879107 1.9291085312288478 4.9015655908151521 1.0129327520844524 1.4739032615179894 65.512220256576256 3.2698419280932285 1.0246126916317733 258.84694065126132 14.027854920816024 1.9942342611902883 2.5496097402719924 3.5820950787310712 1.8315797999675814 1.608913944510278 1.8884146587952271 5.9803424555211677 1.1824201932395215 55.824941435203073 16.179963213005976 0.96334039907378688
leaf_count=57732 320 50 18070 2086 1 1877 777 14113 2013 779 524 2761 263 717 6702 480 38 14282 2238 69 388 111 66 34 71 207 80 2277 11839 160
internal_value=1.60622e-06 0.00588407 0.0310249 -0.00133476 -0.0124728 -0.00133127 0.125799 -0.0039914 -0.0230406 0.00746171 0.00126968 0.003963 -0.0241278 0.0169893 0.000423922 -0.0567987 -0.0271899 -9.35175e-05 0.00528045 -0.00805488 0.00910375 0.000839711 -0.0136236 -0.001405 0.0118116 -0.00828166 0.0106286 0.0175983 -0.00440423 0.0246743
internal_weight=512.496 94.8743 14.7129 417.621 41.8737 25.9879 0.532635 25.4552 10.6788 5.09031 80.1613 72.4755 7.68579 3.40301 67.574 4.28277 3.18167 375.748 116.901 33.463 19.4352 17.441 13.8589 11.3093 9.70034 7.86876 83.4376 57.0074 26.4302 10.2503
internal_count=141125 29887 18120 111238 77330 19598 778 18820 16943 2830 11767 9783 1984 1241 7022 743 2051 33908 19626 3184 946 877 766 378 344 278 16442 2357 14085 2246
is_linear=0
shrinkage=0.05


Tree=179
num_leaves=31
num_cat=0
split_feature=29 38 23 32 21 21 6 32 7 29 38 12 4 12 32 21 9 8 32 9 12 8 8 12 25 32 4 7 7 9
split_gain=1.791 1.48808 1.37082 1.29574 2.89614 2.60978 2.49194 3.6176 7.41992 2.17691 3.29935 2.09081 3.62899 2.92759 2.46373 4.24113 2.02934 3.2312 1.73142 2.05896 2.62325 1.67288 4.09717 1.89118 2.15305 3.87908 2.53774 2.13244 1.96194 1.95748
threshold=0.64495798945426952 1.0000000180025095e-35 3.5000000000000004 0.17333914339542392 1.5000000000000002 12.500000000000002 3.5000000000000004 0.15298207104206088 0.90121948719024669 0.32225275039672857 1.5000000000000002 0.09175084158778192 0.6904762089252473 0.096006143838167204 0.43506978452205664 8.5000000000000018 0.93338736891746532 0.86425063014030468 0.044648103415966041 0.9506518840789796 0.2419017776846886 0.19803921878337863 0.20204082131385806 0.10762548446655275 1.0000000180025095e-35 0.03603861294686795 0.58571431040763866 0.72318005561828624 0.71583852171897899 0.90381237864494335
decision_type=2 2 2 2 2 2 2 2 2 2 2 2 2 2 2 2 2 2 2 2 2 2 2 2 2 2 2 2 2 2
left_child=1 -1 3 4 -3 6 21 18 -9 -5 -11 -12 13 -13 15 -14 17 -7 -8 -20 -21 -6 -23 29 25 26 -25 28 -26 -24
right_child=-2 2 -4 9 5 16 7 8 -10 10 11 12 14 -15 -16 -17 -18 -19 19 20 -22 22 23 24 27 -27 -28 -29 -30 -31
leaf_value=0.030190239044198059 0.050012421312714744 -0.050032111017405262 0.062043048869945584 -0.00032440736827473869 -0.050375515018224494 -0.047679166219074441 0.045867907958954172 -0.026503280184523484 -0.37458287847164079 -0.09359053474647111 0.04337910229016604 -0.14822598480534863 0.055148024442041456 0.032327952295794833 -0.080424491483914229 -0.091365161357008631 0.050384204642438736 -0.22000642075594473 -0.0038429845579289867 -0.05945562766086835 -0.28561550274834169 0.10021089740694836 -0.0036532323608451469 -0.025263673834024388 -0.0020690282599585877 -0.0078279855262980199 -0.1347109634915977 0.05190795256417529 -0.14812942890072819 0.032376880875523949
leaf_weight=4.0030439595720955 1.7838973501638964 3.7315860373364549 0.8769698734395196 424.13413686610511 1.5549006752698904 1.2590562052791927 0.81723736382264078 0.45651818669284683 0.23035741309286095 0.65154240501579153 6.616262904470207 0.231172302941557 1.3654541797732234 7.7902428676025011 1.5635657748207448 0.77386847237357859 0.33497049822472025 0.34698197516263452 2.0086775914533068 1.1381438354728741 0.14449618171784084 1.0457415719756671 7.3482519006647617 0.9447941344151326 22.978575103388728 5.7129010904209281 1.2053111095447091 1.8746866664150719 0.23223506088834156 7.7406939079228323
leaf_count=5579 11008 43051 271 61403 1364 129 178 45 62 60 5589 18 152 2017 81 24 285 8 237 275 3 143 869 180 3920 657 15 494 16 2992
internal_value=4.69164e-07 -0.00017477 -0.000415415 -0.000524044 -0.00734955 -0.00457352 -0.00257807 -0.0370271 -0.143239 0.000417178 0.0169784 0.0209063 0.0082244 0.0271245 -0.0327181 0.00214904 -0.0615617 -0.0849102 -0.0192705 -0.0354444 -0.0849337 0.000684254 0.00230177 0.000170357 -0.00654328 -0.0293727 -0.0866179 0.000612584 -0.00353043 0.0148304
internal_weight=510.896 509.112 505.109 504.232 61.1061 57.3745 55.4335 4.79543 0.686876 443.126 18.9921 18.3406 11.7243 8.02142 3.70289 2.13932 1.94101 1.60604 4.10855 3.29132 1.28264 50.6381 49.0832 48.0374 32.9485 7.86301 2.15011 25.0855 23.2108 15.0889
internal_count=141125 130117 124538 124267 54923 11872 11450 800 107 69344 7941 7881 2292 2035 257 176 422 137 693 515 278 10650 9286 9143 5282 852 195 4430 3936 3861
is_linear=0
shrinkage=0.05


Tree=180
num_leaves=31
num_cat=0
split_feature=29 13 26 19 29 22 22 13 10 10 11 7 28 11 28 11 13 29 28 10 23 12 20 12 20 21 26 11 25 29
split_gain=1.70304 1.43893 1.4368 8.39693 3.23617 2.40559 2.36349 2.34109 3.22292 3.20771 3.74494 2.38978 2.51354 2.32522 2.19561 3.9304 2.11972 2.18657 3.74144 2.5757 2.08177 2.03601 2.28979 1.95415 2.74734 2.64267 2.76578 2.74688 4.30357 4.39402
threshold=0.64495798945426952 3.5000000000000004 0.33023196458816534 0.12060606107115747 0.039886362850666053 0.10827092453837396 0.08856209367513658 1.5000000000000002 0.57307061553001415 0.84660634398460399 0.067816093564033522 0.022474748082458976 0.62750142812728893 0.037749288603663451 0.36875504255294805 0.033908046782016761 1.0000000180025095e-35 0.15063025802373889 0.59723854064941417 0.87939393520355236 1.5000000000000002 0.60826939344406139 0.32291667163372045 0.12632978707551959 0.56696429848670971 14.500000000000002 0.06274606287479402 0.68237251043319713 1.0000000180025095e-35 0.28708791732788091
decision_type=2 2 2 2 2 2 2 2 2 2 2 2 2 2 2 2 2 2 2 2 2 2 2 2 2 2 2 2 2 2
left_child=1 2 3 -1 6 -6 -4 8 -7 11 13 -10 20 -11 -8 21 17 18 -12 -20 -13 22 -16 25 -25 27 -27 -5 -29 -30
right_child=-2 -3 4 23 5 7 14 -9 9 10 16 12 -14 -15 15 -17 -18 -19 19 -21 -22 -23 -24 24 -26 26 -28 28 29 -31
leaf_value=-0.050577381395720017 0.050011816315693784 0.01790793065203037 0.00045371953319481534 0.017047447729804023 0.14523251171462603 0.053013819711782165 -0.041852336637265029 0.042029771268931836 0.12401304172171786 0.0043660302979609327 0.051551361476856176 -0.017552719986968824 0.049015181961205939 -0.084825169022644545 -0.050142231129111842 -0.029754809411148383 0.06894681821097208 0.052393972772440692 -0.13840970951515394 -0.013436736642844125 0.059114887474635169 -0.10608427960506431 0.057002871989379367 -0.027947975396525934 -0.0027757562436161718 -0.096504255012931084 0.057404068922389986 -0.027477199430277738 -0.0069847741360384748 0.050271036346260733
leaf_weight=9.2715009502153389 1.6969156780833135 10.783494026854894 264.66215621506126 32.043000494846638 0.34271084179635991 3.674306406719551 6.4199066173750934 5.8259693417785448 0.33958233329758769 2.1269295545207565 2.2819802095909818 20.484203054511461 1.6948706602706796 1.1131875044229671 0.58459320932888514 6.3074950702284696 3.2270875770627745 3.5695179143949645 0.48273560596862841 2.8252361792692682 0.92541844827064679 0.24917764961719502 3.3915914549579611 12.415280453889862 85.401469155738596 1.1825719164480677 0.38756278403161548 11.626738626771839 9.4791563792823563 5.1831832760944971
leaf_count=64272 11008 3845 10553 6529 10 192 16503 286 51 158 171 1019 183 31 3107 2815 312 1111 11 159 86 1 244 3987 6965 238 200 900 428 5750
internal_value=5.05429e-06 -0.000161888 -0.000553543 -0.0043338 0.00135633 0.0132275 -0.000705574 0.0122961 0.00824351 0.0040332 0.0215811 -0.00766336 -0.0095987 -0.0262769 -0.0188042 -0.00475602 0.0340999 0.0218226 0.0023009 -0.0316742 -0.0142388 0.0325614 0.04125 -0.00161538 -0.00597071 0.00549662 -0.0585144 0.00721962 -0.00475924 0.0132553
internal_weight=510 508.303 497.519 166.99 330.529 48.9137 281.615 48.571 42.7451 39.0707 15.6267 23.4441 23.1045 3.24012 16.9528 10.5329 12.3866 9.15947 5.58995 3.30797 21.4096 4.22536 3.97618 157.719 97.8167 59.9022 1.57013 58.3321 26.2891 14.6623
internal_count=141125 130117 126272 89269 37003 3780 33223 3770 3484 3292 1953 1339 1288 189 22670 6167 1764 1452 341 170 1105 3352 3351 24997 10952 14045 438 13607 7078 6178
is_linear=0
shrinkage=0.05


Tree=181
num_leaves=31
num_cat=0
split_feature=28 30 25 30 28 21 26 10 12 20 21 7 7 6 11 11 8 21 10 9 9 26 11 26 25 11 12 30 10 9
split_gain=1.39508 1.79887 2.33707 1.72914 2.48954 15.8633 1.39199 1.36388 3.5452 3.1498 3.22722 2.72667 8.3612 4.82623 3.49629 2.99022 3.74965 2.94352 2.46543 4.01227 3.60394 2.39884 2.39138 2.3292 2.23633 2.59877 2.09448 3.07531 2.49695 2.75954
threshold=0.97930938005447399 0.95465916395187389 1.0000000180025095e-35 0.92071300745010387 0.92109179496765148 3.5000000000000004 0.04095610789954663 0.89022758603096019 0.2674796879291535 0.51470589637756359 12.500000000000002 0.69309264421463024 0.70106381177902233 2.5000000000000004 0.21807064861059192 0.078461539000272765 0.91366460919380199 3.5000000000000004 0.87570226192474376 0.90002635121345531 0.80558601021766674 0.057259952649474151 0.26975052058696752 1.0000000180025095e-35 1.0000000180025095e-35 0.76568627357482921 0.19478319585323337 0.1607964634895325 0.88273492455482494 0.91283473372459423
decision_type=2 2 2 2 2 2 2 2 2 2 2 2 2 2 2 2 2 2 2 2 2 2 2 2 2 2 2 2 2 2
left_child=1 3 6 4 7 -6 -3 18 9 11 23 15 -13 14 -14 -9 -17 21 -1 20 -20 -15 -12 -11 25 -16 28 -28 -21 -30
right_child=-2 2 -4 -5 5 -7 -8 8 -10 10 22 12 13 17 24 16 -18 -19 19 26 -22 -23 -24 -25 -26 -27 27 -29 29 -31
leaf_value=-0.00057558132840997481 0.051641047465261047 -0.089208943621217063 0.050303091115325119 0.050780462078888013 -0.95646363003233292 0.050297451901250616 0.050572159865815737 -0.037621812771259332 0.057981750946378578 -0.010684507320256839 -0.14394252716676781 -0.15631304466204571 -0.14844284204245162 -0.045886955237101686 0.058580192420809613 0.058734735928497296 -0.014271444221844657 -0.093129672355881682 -0.043546250494815281 -0.037786041284278787 0.070561062391469476 0.009019699574438796 0.050083169323604473 0.042406805389256459 0.026719832970620062 -0.024188905326082661 -0.087853186580087894 0.013468056075860818 -0.083534944119489349 0.022596000283503986
leaf_weight=359.88085254098041 1.3047433052488475 1.5141824637103121 0.49760827393038187 1.6754330579205987 0.049648526182862862 0.18463744747714372 0.20184882264584292 1.5946086725743942 3.0269568701914968 2.5890270036979901 0.46723258034035176 0.87260788245475751 0.50782967987470584 2.0513320074605863 0.98833870154340431 5.9207086959795543 2.502014622441493 0.73666949418838967 1.032608254761729 7.232673247803179 2.0976900619716616 65.740471107987105 0.24057597049250035 10.223235317498618 2.7498628535831804 23.441870738635771 2.8358486301149237 1.0176532884215701 0.71132366111851286 4.4077474952064222
leaf_count=114918 4255 95 1074 2310 10 357 117 73 364 2237 116 9 15 293 22 120 46 31 109 500 173 2533 539 8585 526 997 16 227 15 443
internal_value=5.47599e-06 -0.000127408 -0.0451019 6.98217e-05 -9.90544e-05 -0.16305 -0.0727671 -2.31362e-05 0.00453693 0.00319581 0.0259367 0.00032521 -0.00223733 -0.00083998 -0.0184573 0.0251616 0.0370479 0.00627803 -0.00151006 -0.018903 0.0329199 0.00735826 -0.0779954 0.0316784 -0.0160287 -0.0208404 -0.0289134 -0.0610957 -0.0188732 0.00784851
internal_weight=508.298 506.993 2.21364 504.779 503.104 0.234286 1.71603 502.87 123.653 120.626 13.5201 107.106 97.089 96.2164 27.6879 10.0173 8.42272 68.5285 379.216 19.3355 3.1303 67.7918 0.707809 12.8123 27.1801 24.4302 16.2052 3.8535 12.3517 5.11907
internal_count=141125 136870 1286 135584 133274 367 212 132907 16506 16142 11477 4665 4426 4417 1560 239 166 2857 116401 1483 282 2826 655 10822 1545 1019 1201 243 958 458
is_linear=0
shrinkage=0.05


Tree=182
num_leaves=31
num_cat=0
split_feature=38 32 32 11 37 13 7 8 8 4 22 9 7 28 10 26 9 28 9 8 10 21 28 32 21 12 12 9 8 21
split_gain=1.4023 1.37587 1.47242 1.27882 3.1837 3.04163 6.6536 3.29406 3.2485 5.85977 4.08876 2.39004 3.92702 2.30754 2.74083 2.60958 3.21408 2.84042 2.33349 2.31557 2.43635 2.24136 2.71232 3.2552 2.71118 2.1909 3.18151 2.17374 2.14551 2.00443
threshold=1.0000000180025095e-35 0.0024216035380959515 0.0071364908944815406 0.10102041065692903 1.0000000180025095e-35 1.0000000180025095e-35 0.77913278341293346 0.95553359389305126 0.55086207389831554 0.44949495792388922 0.77817460894584667 0.66692674160003673 0.25962962210178381 0.33246183395385748 0.2362911254167557 0.22749775648117068 0.85482788085937511 0.41071946918964392 0.83250457048416149 0.81016731262207042 0.88805347681045543 10.500000000000002 0.63890933990478527 0.017911980859935287 17.500000000000004 0.063508063554763808 0.51668518781661998 0.82594871520996105 0.71611723303794872 15.500000000000002
decision_type=2 2 2 2 2 2 2 2 2 2 2 2 2 2 2 2 2 2 2 2 2 2 2 2 2 2 2 2 2 2
left_child=-1 -2 -3 5 11 6 8 -8 9 10 27 12 29 -7 25 17 18 -16 19 20 28 22 -19 -24 -23 -15 -27 -4 -17 -5
right_child=1 2 3 4 -6 13 7 -9 -10 -11 -12 -13 -14 14 15 16 -18 21 -20 -21 -22 24 23 -25 -26 26 -28 -29 -30 -31
leaf_value=0.029892478475200008 0.046237115579158272 -0.045600680773968214 -0.053737509414777111 0.035398309229335907 0.050001572610615067 -0.017361383704900868 0.063478512164596643 -0.11923192637227938 -0.041809077713305387 0.039930332978174402 0.011859144224421223 0.00037247710297357386 0.20881523542715277 -0.067057241526176689 -0.059592153432940366 0.022034692267064743 -0.031402238432841921 -0.015588014028263965 0.066980977925882909 -0.028995407899369548 0.073434787835899865 0.059215153858724945 -0.095812198011505478 0.049172381596233765 -0.10878870949454639 0.052239514292417757 0.002197582878283449 0.091041699645317456 -0.033298982893236038 -0.10272984879573921
leaf_weight=3.8964535811028318 1.5887824147794152 1.7925447254201561 7.5830506946222211 3.4071970119402972 3.3146746153943232 15.109308292161584 3.1368832931766515 0.26774116569868045 14.49164422816102 4.416057895316043 4.3019225995521992 373.35977369843749 0.31445948540931556 0.62266111654753231 2.6374500408455779 11.372527895175162 3.641913320432649 23.948947295932165 2.3040832062542895 2.7172103916527695 1.9411477916000865 2.1612935586745148 0.44200210034614373 3.1193952954054112 0.27015364324324753 6.8370071534445724 5.9318852616634103 0.2684381278377258 2.0708152129336659 0.28457958344370116
leaf_count=5658 4194 1587 19487 1914 6859 38956 419 28 5033 748 67 38338 43 12 5449 6308 314 3480 199 91 47 288 14 656 23 177 197 18 517 4
internal_value=1.23803e-05 -0.000218782 -0.000365791 -0.000203709 0.00121321 -0.00471393 -0.0172457 0.0491101 -0.0245189 -0.00939701 -0.0273206 0.000784666 0.0391984 0.000359798 0.00418386 -0.000626848 0.0118664 -0.00984852 0.0195888 0.0135565 0.021072 -0.00546681 -0.00953378 0.0311785 0.0405486 0.0245262 0.0289922 -0.0487876 0.0135111 0.0247507
internal_weight=507.552 503.656 502.067 500.274 380.681 119.594 34.4657 3.40462 31.0611 16.5695 12.1534 377.366 4.00624 85.1278 70.0185 56.6269 24.0477 32.5792 20.4058 18.1017 15.3845 29.9418 27.5103 3.5614 2.43145 13.3916 12.7689 7.85149 13.4433 3.69178
internal_count=141125 135467 131273 129686 47158 82528 25800 447 25353 20320 19572 40299 1961 56728 17772 17386 7476 9910 7162 6963 6872 4461 4150 670 311 386 374 19505 6825 1918
is_linear=0
shrinkage=0.05


Tree=183
num_leaves=31
num_cat=0
split_feature=23 9 13 20 20 4 28 28 35 26 32 20 20 28 32 26 7 27 11 9 32 20 8 7 32 11 26 22 13 11
split_gain=1.32836 2.56277 2.15111 2.28176 2.93367 2.04337 2.94171 2.92 2.3837 2.92516 2.01272 2.33913 4.28191 6.41393 31.4744 2.48285 2.33129 2.50419 1.9889 2.00914 2.11244 2.46628 2.60862 2.07774 2.36321 2.68194 2.04559 1.73075 1.71037 1.94691
threshold=1.0000000180025095e-35 0.88929614424705516 1.5000000000000002 0.87083333730697643 0.86190477013587963 0.31666667759418493 0.34460306167602545 0.34783461689949041 1.0000000180025095e-35 0.59362295269966137 0.34852126240730291 0.75961539149284374 0.70714285969734203 0.92109179496765148 0.14763044565916064 0.027907580137252811 0.67028987407684337 0.564741611480713 0.57793521881103527 0.88696789741516124 0.30002750456333166 0.64495798945426952 0.95553359389305126 0.57294833660125744 0.33342170715332037 0.43826219439506536 0.38115416467189794 0.65536397695541393 5.5000000000000009 0.38585607707500463
decision_type=2 2 2 2 2 2 2 2 2 2 2 2 2 2 2 2 2 2 2 2 2 2 2 2 2 2 2 2 2 2
left_child=5 18 3 4 10 6 28 -8 9 -9 11 12 -3 16 -15 -13 -14 -18 19 20 21 26 -23 24 -22 -26 27 -2 29 -1
right_child=1 2 -4 -5 -6 -7 7 8 -10 -11 -12 15 13 14 -16 -17 17 -19 -20 -21 23 22 -24 -25 25 -27 -28 -29 -30 -31
leaf_value=-0.043880896008552245 -0.034617824334021101 -0.00053826923130821528 0.062034125968728461 0.050076456459959888 -0.18033523408642183 -4.0436876301130235e-05 0.10948440856193616 0.0013794957825407966 -0.022665900741819681 0.075878303206588657 0.02590742859529347 -0.039263897532689288 0.050421370465544492 0.050121815792031101 -2.1153857026580027 0.050204690026364331 -0.17433577332717817 0.050288651357467441 -0.059749488331725858 -0.067686437674949779 -0.056280764021172894 0.034737853134056328 -0.13175729537127781 0.048494695464900567 -0.0037938885990270541 0.08607280906489867 0.025860217522900499 0.064420171729811002 0.020586780390058252 0.0059187454110393427
leaf_weight=11.117235699224691 4.4249849878106051 2.0746682651952182 2.7601452293238244 3.619040373057941 0.20897295408940486 373.08834812846908 0.57908663819762551 13.215281906042948 10.193893660187312 1.4635436395765271 7.5745561293006176 1.2279565925637146 0.23447689182648879 0.061458503099856787 0.023081083025317639 2.1042638453218387 0.62130697499378584 0.15503946175158489 1.3240417584893283 1.0163187821308373 2.1073283971272749 11.632516197969377 0.24011604586849067 1.9229351567119 44.359523721555888 0.84605268458835681 3.363669441678212 0.48998121271142725 1.5363781336709497 2.3833655290800371
leaf_count=55942 1159 525 2412 12812 52 33908 778 1808 16943 69 2827 545 96 68 5 2580 33 179 87 128 286 2444 5 498 2600 116 408 22 343 1447
internal_value=1.26733e-05 0.00543301 0.0209473 0.0146135 0.0056296 -0.00119822 -0.0118667 -0.0015076 -0.00409172 0.00880736 0.00839029 -0.0120157 -0.0427625 -0.122737 -0.541107 0.0172346 -0.0877469 -0.129477 0.000963278 0.00210507 0.00312731 0.0167641 0.0313706 -0.00245396 -0.00452466 -0.00211197 -0.00418347 -0.0247446 -0.0294008 -0.0350894
internal_weight=505.97 92.3924 20.665 17.9048 14.2858 413.577 40.4888 25.4518 24.8727 14.6788 14.0768 6.50225 3.17003 1.09536 0.0845396 3.33222 1.01082 0.776346 71.7275 70.4034 69.3871 20.1513 11.8726 49.2358 47.3129 45.2056 8.27864 4.91497 15.037 13.5006
internal_count=141125 29887 22134 19722 6910 111238 77330 19598 18820 1877 6858 4031 906 381 73 3125 308 212 7753 7666 7538 4038 2449 3500 3002 2716 1589 1181 57732 57389
is_linear=0
shrinkage=0.05


Tree=184
num_leaves=31
num_cat=0
split_feature=29 38 20 4 6 13 7 10 32 26 19 29 12 8 9 7 7 25 29 29 21 29 8 4 10 10 30 38 30 10
split_gain=1.47863 1.3242 1.40263 1.49405 1.15946 1.02121 1.4906 3.57194 2.00537 1.29945 8.07219 3.35563 2.11484 2.79817 4.44269 5.66974 4.82862 3.48521 3.61071 4.98906 2.76559 3.05901 2.60246 2.5679 2.55959 2.98239 2.44925 2.39677 2.35409 2.37325
threshold=0.64495798945426952 1.0000000180025095e-35 0.15587044507265094 0.19090909510850909 5.5000000000000009 3.5000000000000004 0.15655637532472613 0.25677657127380377 0.38893985748291021 0.38115416467189794 0.12060606107115747 0.14365079998970035 0.12632978707551959 0.58759590983390819 0.91583123803138744 0.35781671106815344 0.90121948719024669 1.0000000180025095e-35 0.28708791732788091 0.28496241569519049 3.5000000000000004 0.22295321524143222 0.95346319675445568 0.37980769574642187 0.87939393520355236 0.87570226192474376 0.28168965876102453 2.5000000000000004 0.66684478521347057 0.93405798077583324
decision_type=2 2 2 2 2 2 2 2 2 2 2 2 2 2 2 2 2 2 2 2 2 2 2 2 2 2 2 2 2 2
left_child=1 2 3 -1 5 9 7 8 -7 10 -3 -11 13 23 15 -15 20 28 19 24 -16 22 -22 -12 25 -19 -26 -14 -18 -30
right_child=-2 4 -4 -5 -6 6 -8 -9 -10 11 12 -13 27 14 16 -17 17 18 -20 -21 21 -23 -24 -25 26 -27 -28 -29 29 -31
leaf_value=-0.062384466701557277 0.050010891546645224 -0.050113613639180966 0.050258890039843566 0.050835081048547962 0.057577449458559728 -0.044894474354527897 0.041208818791927962 -0.065313371942812476 0.036909734372398022 0.00013985775808129732 0.0096587972020376854 0.028003211938743833 -0.0072649721447563889 0.035309222676428491 0.066953466929520186 -0.045440752179547579 -0.064135942190304843 -0.009551709308953462 0.050212083820533826 -0.12219133564427605 -0.0099465100132944441 0.04480738108552168 -0.20103390750268521 0.052388787246774399 -0.074569347662829286 -0.1533205393911897 0.039377772706486215 0.048519026873340115 -0.024678619894000949 0.053603405583425356
leaf_weight=0.69975249096751146 1.4750554540296423 9.0966003781868476 2.5679663371120114 0.49928743235068396 0.86247390352218545 0.91983649064058948 3.5811143396422267 1.5460995702051148 4.0379010972101241 306.29399364932033 10.80242030302543 11.200718088264692 98.642987742048717 2.8348592947077114 4.2845853738835995 9.3219192725227895 3.0076568695949391 2.014692075521451 4.2181891499203639 0.83944453444564704 2.8310246170731266 3.9658678379782941 0.19014777441043396 5.2126885966936234 0.52808921597897995 0.43939639627933491 4.4081340273842216 1.9638537264399918 5.4705425218562596 1.1763854442979207
leaf_count=14 11008 70057 5316 249 157 144 1600 953 145 27799 1251 1343 8491 261 174 796 42 114 5391 47 726 2182 11 733 9 2 153 1206 406 345
internal_value=2.35971e-05 -0.000122858 0.0294108 -0.0152392 -0.000345502 -0.000445651 0.0153035 0.00103959 0.0217321 -0.000770625 -0.00428108 0.00112283 -0.00170992 0.0055907 -0.000732232 -0.0266105 0.00869413 -0.0048874 0.0125982 -0.00668086 0.0353261 0.0159317 -0.0219732 0.0235668 0.00643965 -0.035293 0.0271874 -0.00617606 -0.0274322 -0.0108241
internal_weight=504.934 503.459 3.76701 1.19904 499.692 498.829 10.085 6.50384 4.95774 488.744 171.249 317.495 162.153 61.546 45.5309 12.1568 33.3742 22.1025 12.4479 8.22976 11.2716 6.98704 3.02117 16.0151 7.39031 2.45409 4.93622 100.607 9.65458 6.64693
internal_count=141125 130117 5579 263 124538 124381 2842 1242 289 121539 92397 29142 22340 12643 10659 1057 9602 6509 5716 325 3093 2919 737 1984 278 116 162 9697 793 751
is_linear=0
shrinkage=0.05


Tree=185
num_leaves=31
num_cat=0
split_feature=29 38 23 28 24 26 23 26 21 26 28 28 28 21 26 7 26 28 10 26 21 7 7 7 10 26 5 32 10 25
split_gain=1.40623 1.25617 1.19773 1.17732 1.11894 1.94189 1.89665 1.28571 3.6353 1.91637 1.81167 2.60634 1.9184 2.50337 2.30941 1.947 2.67398 1.87473 2.13344 1.70193 2.60512 5.01913 3.98461 3.27474 3.24134 2.67493 2.64352 2.91777 2.23666 2.11612
threshold=0.64495798945426952 1.0000000180025095e-35 3.5000000000000004 0.19781789183616641 0.75000000000000011 0.093883547931909575 1.5000000000000002 0.22749775648117068 1.5000000000000002 0.23112535476684573 0.34620293974876409 0.34169365465641027 0.48960733413696295 7.5000000000000009 0.19576422870159152 0.76568627357482921 0.020942983217537407 0.36500488221645361 0.31782107055187231 0.017316341400146488 5.5000000000000009 0.6792857050895692 0.75277778506279003 0.76095238327980053 0.7320508360862733 0.06274606287479402 0.81666666269302379 0.21733130514621737 0.2362911254167557 1.0000000180025095e-35
decision_type=2 2 2 2 2 2 2 2 2 2 2 2 2 2 2 2 2 2 2 2 2 2 2 2 2 2 2 2 2 2
left_child=1 3 4 -1 7 6 -6 8 -3 -9 11 -10 13 14 15 16 17 -12 -19 28 22 24 25 -24 -22 -21 27 -26 -14 -25
right_child=-2 2 -4 -5 5 -7 -8 9 10 -11 12 -13 19 -15 -16 -17 -18 18 -20 20 21 -23 23 29 26 -27 -28 -29 -30 -31
leaf_value=-0.013513731614780814 0.050010361772355232 -0.042858084747552205 0.060808026032935593 0.048475633081693149 0.080641550735869913 -0.020056402415189915 -0.046660636234774483 0.062838794768614939 0.012014885260891277 0.00075179712015840613 0.16893500214708629 0.11727049414989117 0.02709899277148501 0.030242102188637088 -0.069113925644493909 -0.081048700283000985 -0.020725625674373124 -0.043949013402288725 0.048115627864140191 0.04560063272251999 -0.0029406970521387459 0.039863859708696395 -0.11836116627891013 -0.024580904677072482 -0.047664449345077388 0.011722215327884363 -0.097682290196506344 0.041031070741055553 -0.01431711388982187 0.012686108841494549
leaf_weight=1.1076248259196284 1.4031306488541293 5.975970006618808 0.79987070917559222 2.482993558216549 1.693523103938787 1.2698828331267575 0.35369513322075352 1.2472157522533951 6.3654548744452759 354.73020217425073 0.2241532153129947 0.64801216753039614 3.635489454783964 2.5838668701180714 2.3070988282088356 1.1045793250959821 16.878443595629506 0.92243627758580293 1.9799319475241643 8.5488677641551494 9.5030351920577285 3.9817084009555392 0.65652825450524765 7.009807251932215 4.5883655327052102 18.296403025644395 1.9063111283176111 1.162063033058075 31.552268514460593 8.3426053027724265
leaf_count=277 11008 47595 271 5302 458 393 82 1056 3424 55008 35 121 98 131 310 52 2331 36 263 625 540 2734 15 611 607 1643 94 315 3365 2325
internal_value=2.50587e-05 -0.000114694 -0.000327046 0.0293533 -0.000425344 0.0285175 0.0586477 -0.00061963 -0.00471327 0.000969327 -0.00298894 0.02174 -0.00437439 -0.0164635 -0.0216171 -0.0164261 -0.012858 0.0296153 0.0188555 -0.00120528 0.00365142 -0.0107113 0.0107371 -0.0090062 -0.0224467 0.0225108 -0.0466562 -0.0297406 -0.0100381 -0.00432976
internal_weight=503.262 501.858 498.268 3.59062 497.468 3.3171 2.04722 494.151 138.173 355.977 132.197 7.01347 125.184 26.0005 23.4166 21.1095 20.005 3.12652 2.90237 99.1835 63.9957 21.1415 42.8542 16.0089 17.1598 26.8453 7.65674 5.75043 35.1878 15.3524
internal_count=141125 130117 124538 5579 124267 933 540 123334 67270 56064 19675 3545 16130 3158 3027 2717 2665 334 299 12972 9509 4290 5219 2951 1556 2268 1016 922 3463 2936
is_linear=0
shrinkage=0.05


Tree=186
num_leaves=31
num_cat=0
split_feature=29 13 24 11 7 8 10 37 10 32 10 19 25 8 7 32 8 32 10 10 32 5 29 29 32 32 9 28 11 11
split_gain=1.33744 1.20016 1.59259 1.24432 2.76871 3.64898 2.43688 2.40156 1.85364 2.0139 1.80988 4.44758 2.84454 2.82385 2.43258 2.33644 4.28768 2.12247 2.06302 2.62878 1.97484 1.88801 1.76779 1.91377 1.62795 2.23682 4.25425 4.90903 4.02209 6.79732
threshold=0.64495798945426952 3.5000000000000004 0.75000000000000011 0.067816093564033522 0.73431372642517101 0.74709302186965953 0.82426470518112194 1.0000000180025095e-35 0.87138131260871898 0.86385703086853038 0.74849396944046032 0.15075758099555972 1.0000000180025095e-35 0.61986863613128673 0.68356868624687206 0.21733130514621737 0.49590164422988897 0.2151538282632828 0.77459675073623668 0.83910790085792553 0.65520823001861583 0.88194444775581371 0.59586465358734142 0.22886905074119571 0.15840926766395572 0.59167373180389415 0.92157834768295299 0.38334164023399359 0.46049895882606512 0.59417229890823375
decision_type=2 2 2 2 2 2 2 2 2 2 2 2 2 2 2 2 2 2 2 2 2 2 2 2 2 2 2 2 2 2
left_child=1 2 3 4 5 10 -6 24 -8 -10 11 14 -13 15 -1 16 17 -12 20 -20 -15 22 23 -14 -5 -26 -27 -28 -29 -30
right_child=-2 -3 -4 7 6 -7 8 -9 9 -11 13 12 21 18 -16 -17 -18 -19 19 -21 -22 -23 -24 -25 25 26 27 28 29 -31
leaf_value=-0.048676269517589715 0.050009857268450787 0.01664017456246706 0.036115532018959041 -0.0094609653649921424 0.046300409907110374 -0.044927623475209469 -0.037820007598273302 0.04792870822421768 0.025464335598740742 -0.063269055913277666 -0.038744340591522743 -0.038940174347230218 -0.0015027034450571153 -0.0026725137761055232 0.098783581606714313 0.053353644398533344 0.059761993153100629 -0.2236003983351994 -0.050686686127973474 0.006045491268680217 0.12961678850640576 -0.08857123548377982 -0.13766755012968779 0.050876885045970377 0.0073426020816591414 -0.017370010423504181 0.0192834953202763 0.030072938569510013 -0.056366032293640192 -0.0018224471620214549
leaf_weight=8.0747352806665695 1.334712275667697 10.473084092525822 2.9573869689920675 38.285330434082425 4.4342081762006265 6.3889495545627133 2.2954757824336394 2.6668732666876158 5.3693425518868025 0.72589246032293875 1.4507569399338565 5.5253043997945488 53.40927746989837 0.67037630392223835 0.28971350735446399 4.68036996875162 1.4494898566990739 0.17389151291717997 3.5696882033007551 4.7709176383796148 0.48709609571960755 0.61348649306455527 0.23347056482452799 1.8026913448702533 108.40769426820407 35.187806069698127 32.43150077557948 9.2237668895759253 5.9396415835071812 149.05962573196302
leaf_count=69976 11008 3845 921 8415 237 1838 141 4081 592 7 513 1910 4511 327 21 909 157 5 595 343 36 47 5 189 20129 854 260 382 185 8686
internal_value=2.52602e-05 -0.000107891 -0.000465439 -0.000687301 -0.0054678 -0.00845332 0.0163191 0.000647207 0.000474966 0.0148969 -0.00578096 -0.00935839 -0.00471189 0.0087233 -0.0435688 0.0311107 -0.00275408 -0.0585301 -0.00955445 -0.0182353 0.0529984 -0.00133826 -0.000373057 0.00020751 0.000314097 0.001414 -0.00135817 0.00150686 -0.00200375 -0.00391258
internal_weight=502.383 501.048 490.575 487.617 106.415 93.5902 12.8249 381.202 8.39071 6.09524 87.2013 69.9487 61.5842 17.2526 8.36445 7.75451 3.07414 1.62465 9.49808 8.34061 1.15747 56.0589 55.4454 55.212 378.535 340.25 231.842 196.655 164.223 154.999
internal_count=141125 130117 126272 125351 82359 81382 977 42992 740 599 79544 76659 6662 2885 69997 1584 675 518 1301 938 363 4752 4705 4700 38911 30496 10367 9513 9253 8871
is_linear=0
shrinkage=0.05


Tree=187
num_leaves=31
num_cat=0
split_feature=29 13 6 11 37 7 13 8 4 22 10 10 19 7 32 10 8 10 7 4 19 9 6 7 22 19 26 9 30 30
split_gain=1.27213 1.10779 1.08823 0.93079 2.68128 2.37978 3.91006 3.6056 5.8278 3.69866 2.49233 2.68879 3.1169 2.96741 2.92196 2.36946 2.25519 2.75253 2.55928 2.4677 2.10214 1.98281 1.94303 1.93185 1.93049 1.88879 1.73416 3.09679 3.03929 2.95794
threshold=0.64495798945426952 5.5000000000000009 5.5000000000000009 0.067816093564033522 1.0000000180025095e-35 0.77913278341293346 1.0000000180025095e-35 0.55086207389831554 0.41428571939468389 0.77817460894584667 0.92907443642616283 0.74849396944046032 0.21132376790046695 0.68356868624687206 0.030779528431594375 0.82426470518112194 0.71611723303794872 0.89022758603096019 0.72850123047828685 0.73214286565780651 0.79057019948959362 0.79984223842620861 2.5000000000000004 0.2336879447102547 1.0000000180025095e-35 0.15075758099555972 0.55760720372200023 0.51714617013931286 0.19512154906988147 0.21917759627103808
decision_type=2 2 2 2 2 2 2 2 2 2 2 2 2 2 2 2 2 2 2 2 2 2 2 2 2 2 2 2 2 2
left_child=1 2 3 5 -5 6 7 8 9 21 11 12 13 -8 -13 -7 19 18 -18 24 -11 -1 -17 -9 -16 -10 28 -28 -14 -30
right_child=-2 -3 -4 4 -6 15 10 23 25 20 -12 14 26 -15 16 22 17 -19 -20 -21 -22 -23 -24 -25 -26 -27 27 -29 29 -31
leaf_value=-0.052095765834493393 0.050009377497431444 0.027389471632648866 0.057069862917190475 0.00040100128772521768 0.047525354667892164 0.05721054245593904 -0.042295396799099653 0.052054074873210301 -0.0483421943220134 0.04830319887150486 -0.085678385778466037 -0.07499647424255243 0.017918514377158974 0.069624874121099564 0.11072767784800946 -0.054546339755596411 -0.054653524115100473 0.076342673508971504 0.034945711327155009 -0.035341651824074546 -0.022276051943347832 0.082791193163268315 0.015668733194787798 -0.045610676467468789 0.042890507767601664 0.053357768838525825 -0.052751909104699402 0.06499755432564279 -0.050019602032724535 -0.0042628567026218936
leaf_weight=6.9788627234011127 1.2696294632769412 3.6373688466119338 0.82508674860582587 379.71005144032461 3.0426921430189386 2.896328506889402 7.1982463496424307 0.52767252932244346 0.51515633848612097 2.0518754996010102 0.84914566056249796 0.71571960093206044 14.367906698331351 0.64533891094470153 1.3991925797599813 1.2004239806410621 2.0530660935401106 0.95486164005706076 1.3026657613954737 0.77473720775742538 2.1714673971873708 0.28351398713493825 5.4974237935530255 12.521550141405895 4.1872991329437355 4.0126760536513757 0.73218028203700614 2.3524239012331236 3.9619342798541757 32.546533924061805
leaf_count=19698 11008 1020 158 39292 4962 136 51900 212 800 53 38 66 1105 44 78 98 390 52 98 33 83 43 472 4950 1026 237 69 75 277 2652
internal_value=2.36498e-05 -0.000103299 -0.000304802 -0.00040035 0.000775616 -0.00439424 -0.00661063 -0.0221521 -0.00625424 -0.0251927 -0.000510268 0.000477819 -0.00363577 -0.033087 0.0228038 0.0194242 0.029363 0.0014411 -0.0198719 0.0482838 0.0120143 -0.0468299 0.00308441 -0.0416614 0.059881 0.0417868 0.000645167 0.0370478 -0.0015619 -0.00922842
internal_weight=501.183 499.913 496.276 495.451 382.753 112.698 103.104 29.0628 16.0136 11.4857 74.0413 73.1921 61.8046 7.84359 11.3875 9.59418 10.6718 4.31059 3.35573 6.36123 4.22334 7.26238 6.69785 13.0492 5.58649 4.52783 53.961 3.0846 50.8764 36.5085
internal_count=141125 130117 129097 128939 44254 84685 83979 26076 20914 19877 57903 57865 56122 51944 1743 706 1677 540 488 1137 136 19741 570 5162 1104 1037 4178 144 4034 2929
is_linear=0
shrinkage=0.05


Tree=188
num_leaves=31
num_cat=0
split_feature=38 20 4 28 30 27 28 38 4 19 13 28 27 9 5 6 10 30 8 27 21 9 23 30 9 6 28 27 5 7
split_gain=1.22721 1.2492 1.35136 1.22698 1.59502 1.75562 2.78413 2.09836 1.6474 2.14136 1.97439 1.15486 2.46873 1.99873 1.7891 1.52814 1.95287 1.96412 1.35658 1.26898 1.10365 1.10079 1.0986 1.04376 1.02426 1.01621 0.968821 4.6278 3.33476 3.74003
threshold=1.0000000180025095e-35 0.15587044507265094 0.19090909510850909 0.97930938005447399 0.95465916395187389 0.84639626741409313 0.92109179496765148 2.5000000000000004 0.6904762089252473 0.44722221791744238 1.0000000180025095e-35 0.85002005100250255 0.69567963480949413 0.90381237864494335 0.58571431040763866 3.5000000000000004 0.90999102592468273 0.85724478960037243 0.88303694128990184 0.70840394496917736 5.5000000000000009 0.77407121658325206 3.5000000000000004 0.81823909282684337 0.9506518840789796 5.5000000000000009 0.78581902384758007 0.564741611480713 0.77500000596046459 0.6264534890651704
decision_type=2 2 2 2 2 2 2 2 2 2 2 2 2 2 2 2 2 2 2 2 2 2 2 2 2 2 2 2 2 2
left_child=1 2 -1 4 5 6 11 -8 9 -6 20 12 22 18 24 -15 17 -17 21 -16 -11 -13 23 25 -14 26 27 -2 -28 -30
right_child=3 -3 -4 -5 8 -7 7 -9 -10 10 -12 13 14 15 19 16 -18 -19 -20 -21 -22 -23 -24 -25 -26 -27 28 -29 29 -31
leaf_value=-0.061341762743005103 -0.00065078163692617891 0.050256942019564078 0.050939338335444895 0.051877047848981742 -0.23130251337282481 0.050846332836315712 -0.28959692802180731 0.050544021916110071 0.050731076384917168 -0.094296706463168289 0.050814780299188601 -0.076697047399099869 -0.049261078434231456 0.046811146890046867 0.050723471879245877 0.054297636595150002 0.051038979960358971 -0.12036851480644789 -0.09535846051194212 -0.056013231778451467 0.050690115107932213 0.050714070025753413 0.06095388902762322 0.053740258490926063 -0.16805049177968828 0.05669441210083094 -0.039784511564359026 0.059937996650092008 -0.097079302668798342 0.042135737912724486
leaf_weight=0.63915594480931692 467.00366231234693 2.3558246128959581 0.46144903323147446 1.129130466004425 0.17093941103666965 1.6842661958216911 0.14375453563843521 0.066233003344677854 0.38723440369358275 1.0828302573354447 0.40261261146224558 0.25634819632978068 0.31551508899428782 4.410319124632224 0.42397194538352756 0.23119902075995902 0.64347810125764227 0.52971040268312208 0.55495329020050121 0.81136295386386337 0.14935859761317249 0.5005093947329442 0.73144594993936962 0.88956763643363856 0.42712208646116778 0.77619173602579294 5.8638635521638189 3.1730073723956584 0.56990526828303734 3.1434755738519016
leaf_count=14 117308 5395 249 4255 2 2443 22 116 716 109 266 18 12 3433 242 57 1404 146 17 89 151 243 218 288 44 188 846 686 132 2016
internal_value=2.15646e-05 0.0297114 -0.0142658 -0.000185136 -0.000303811 -0.000114608 -0.000289253 -0.182312 -0.0428512 -0.0629195 -0.0453129 -0.000211447 -0.000505577 0.0197698 -0.0562508 0.0323469 -0.0130765 -0.067297 -0.0359791 -0.0193808 -0.0767223 0.00755984 -0.000276889 -0.00036992 -0.117582 -0.00047009 -0.000562576 -0.000241896 -0.0163058 0.0207699
internal_weight=499.928 3.45643 1.1006 496.472 495.343 493.15 491.466 0.209988 2.19298 1.80574 1.6348 491.256 484.129 7.12652 1.97797 5.81471 1.40439 0.760909 1.31181 1.23533 1.23219 0.756858 482.151 481.42 0.742637 480.53 479.754 470.177 9.57724 3.71338
internal_count=141125 5658 263 135467 131212 129968 127525 138 1244 528 526 127387 122069 5318 387 5040 1607 203 278 331 260 261 121682 121464 56 121176 120988 117994 2994 2148
is_linear=0
shrinkage=0.05


Tree=189
num_leaves=31
num_cat=0
split_feature=20 9 13 30 21 9 30 30 13 10 30 21 19 22 32 9 20 8 10 22 26 19 19 22 32 30 28 28 28 3
split_gain=1.1945 3.4473 4.26204 2.70162 3.01116 2.17868 2.65644 3.17447 2.42783 2.65902 2.50292 1.70016 4.07738 4.92537 3.25939 3.63738 2.72979 2.38614 3.59555 2.26966 4.80727 4.76581 4.29732 2.41624 4.89052 3.8548 3.4571 2.3688 2.5426 2.26538
threshold=0.94868421554565441 0.62477290630340587 1.0000000180025095e-35 0.19512154906988147 7.5000000000000009 0.41183473169803625 0.21582684665918353 0.2399995103478432 1.5000000000000002 0.28743545711040502 0.35233125090599066 5.5000000000000009 0.48913043737411505 0.63521462678909313 0.78677597641944896 0.95394170284271251 0.81534090638160717 0.84292763471603405 0.83424907922744762 0.52409988641738903 0.36018018424510961 0.12060606107115747 0.20344828069210055 0.28018692135810858 0.66682392358779918 0.35419483482837683 0.42861124873161321 0.62750142812728893 0.62196046113967907 1.0000000180025095e-35
decision_type=2 2 2 2 2 2 2 2 2 2 2 2 2 2 2 2 2 2 2 2 2 2 2 2 2 2 2 2 2 2
left_child=11 2 -2 -4 5 -5 -7 -8 -9 -10 -11 19 16 -14 15 17 -13 18 -15 20 21 -1 -21 25 -25 -23 -27 28 -22 -24
right_child=1 -3 3 4 -6 6 7 8 9 10 -12 12 13 14 -16 -17 -18 -19 -20 22 27 23 29 24 -26 26 -28 -29 -30 -31
leaf_value=-0.049976646375503669 -0.052240442836764295 0.039705183906320357 0.039741951593494446 -0.077140542056742617 0.060545305579657753 -0.056106634501597044 0.067959800113901639 -0.036257694808840495 0.049626662331570343 -0.034392481337570641 0.070727762278325723 -0.046672742297355053 0.035288294097550611 -0.025148738930850574 0.077885439941565354 0.05035297977357342 0.034656647856861199 -0.094663027666382349 0.051160691459606722 0.08623387600069754 0.00070924845549528938 -0.0044575705864577679 0.0048580385526329596 -0.011339541577752792 -0.096130895025487328 0.29377520402408863 0.049536442050361687 0.035177327826585725 -0.10447051154275218 0.053033356806752918
leaf_weight=8.4265365469054796 3.3181476250902078 7.2389874592699917 5.280456786676953 1.0699931910494367 1.7703793175896851 2.030368190346052 1.7512262525851827 3.8610104325343837 2.8872538965661079 2.9857158015802274 0.69878680308465835 9.1706170931138313 7.0984261957492008 17.391804474587857 0.95889186261047044 1.8738837048149424 1.1625444832025085 1.0831897869866214 1.6940078937623173 1.7553431471424108 308.72652882523471 10.040643120588355 58.180041047417035 26.302246312217907 1.8181102504822764 0.15414151920413077 2.4125695175025612 5.0083046886429647 0.57565577089553599 2.5470675895703598
leaf_count=69425 114 15752 440 18 164 22 32 31 49 29 92 858 1855 1273 135 2992 172 133 713 190 31386 1882 5394 4563 117 11 363 734 93 2093
internal_value=2.44998e-05 0.0092336 0.000634974 0.00849022 -0.00118588 -0.00833618 -0.0031569 0.00566677 -0.00478963 0.0136984 -0.0144558 -0.000624988 -0.0104233 -0.00112035 -0.0123562 -0.0162818 -0.0375227 -0.0224728 -0.0183757 0.000305127 -0.00120816 -0.0157489 0.009108 -0.00866721 -0.0168217 0.00952112 0.064204 0.00106584 0.000513494 0.00687865
internal_weight=499.273 32.8923 25.6533 22.3352 17.0547 15.2844 14.2144 12.184 10.4328 6.57176 3.6845 466.381 40.4334 30.1002 23.0018 22.0429 10.3332 20.169 19.0858 425.947 363.465 49.1542 62.4825 40.7277 28.1204 12.6074 2.56671 314.31 309.302 60.7271
internal_count=141125 16743 991 877 437 273 255 233 201 170 121 124382 8131 7101 5246 5111 1030 2119 1986 116251 108574 76361 7677 6936 4680 2256 374 32213 31479 7487
is_linear=0
shrinkage=0.05


Tree=190
num_leaves=31
num_cat=0
split_feature=38 20 4 28 30 25 4 28 30 26 29 29 19 8 22 37 23 12 30 26 19 22 26 22 22 19 20 30 10 28
split_gain=1.17319 1.1511 1.26202 1.14091 1.49962 1.60129 1.50427 1.44408 1.99576 1.82911 1.35859 2.57575 3.34251 1.48503 2.23621 1.0925 1.01059 0.99671 0.93106 0.938614 4.51529 2.8263 2.08609 1.94278 3.43846 4.39741 4.76687 2.86245 2.64588 2.46396
threshold=1.0000000180025095e-35 0.15587044507265094 0.19090909510850909 0.97930938005447399 0.95465916395187389 1.0000000180025095e-35 0.6904762089252473 0.85002005100250255 0.82673984766006481 0.088117647916078581 0.37573529779911047 0.40168067812919622 0.57518798112869274 0.89039039611816417 0.95393458008766185 1.0000000180025095e-35 3.5000000000000004 0.077935222536325469 0.81823909282684337 0.22749775648117068 0.12060606107115747 0.70396453142166149 0.24152298271656039 0.28621378540992742 0.32444286346435552 0.57518798112869274 0.78759399056434642 0.35419483482837683 0.71834936738014232 0.42861124873161321
decision_type=2 2 2 2 2 2 2 2 2 2 2 2 2 2 2 2 2 2 2 2 2 2 2 2 2 2 2 2 2 2
left_child=1 2 -1 4 7 6 -6 8 16 17 15 12 -12 14 -13 -9 18 -10 19 20 -2 -21 -23 27 25 26 -25 28 -22 -29
right_child=3 -3 -4 -5 5 -7 -8 10 9 -11 11 13 -14 -15 -16 -17 -18 -19 -20 21 23 22 -24 24 -26 -27 -28 29 -30 -31
leaf_value=-0.060673319836752226 -0.050122364368168339 0.050250375737483526 0.050896727894976561 0.05182055090917731 -0.080651617474226819 0.050277072712927279 0.050956782771430176 0.046671701701725139 -0.13142806558661788 0.050588577955200012 -0.17955993412047974 -0.066804889942565768 0.050364050183561881 0.050156803414298567 0.051487567118848235 -0.032208433978369054 0.060096530549114749 -0.046929017606470336 0.053732966639848161 0.00045088773004407632 0.033702311610814717 0.092883584100124483 0.012542100805899369 -0.065794403468004428 -0.0028336516752995714 0.037416843781261297 -0.28296819209722335 0.24089762995360561 -0.019202704736946487 0.048640070384178676
leaf_weight=0.59971067775040798 5.12346233664175 2.2203175934118917 0.43899627111386508 1.0528843667852914 1.5235973105300211 0.38753603716031637 0.25320158849353891 4.1882790610834473 0.4998481877119042 0.36957509172498237 0.41020002853474613 0.9485737322611385 0.25716458198439796 1.6557217076260713 0.6902325474875397 0.49035442655440409 0.6926645578496381 1.1562623891441033 0.79472145371982961 350.63599388304101 4.1425563993252563 1.4129064248554635 1.8871069779779643 1.8662456245911014 104.37230822164202 0.87994134286418546 0.29223971802275617 0.17783922214948633 5.5022718970649294 2.6488592094283376
leaf_count=14 49492 5395 249 4255 57 1039 148 634 53 195 53 215 160 5518 853 466 216 83 346 55560 1078 107 261 388 11965 268 21 19 1285 732
internal_value=2.48852e-05 0.0299258 -0.0135197 -0.000172253 -0.000283234 -0.0418115 -0.0618968 -0.000100212 -0.00046306 -0.049988 0.0201598 -0.00138542 -0.0909602 0.0167595 -0.0169825 0.0384045 -0.000254242 -0.0724326 -0.000341379 -0.000431106 -0.00415562 0.000884345 0.0469404 -0.00219112 -0.00436002 -0.056792 -0.0951978 0.0164885 0.00352056 0.0607358
internal_weight=497.572 3.25902 1.03871 494.313 493.26 2.16433 1.7768 491.095 482.455 2.02569 8.64053 3.96189 0.667365 3.29453 1.63881 4.67863 480.429 1.65611 479.736 478.942 125.006 353.936 3.30001 119.882 107.411 3.03843 2.15849 12.4715 9.64483 2.8267
internal_count=141125 5658 263 135467 131212 1244 205 129968 122069 331 7899 6799 213 6586 1068 1100 121738 136 121522 121176 65248 55928 368 15756 12642 677 409 3114 2363 751
is_linear=0
shrinkage=0.05


Tree=191
num_leaves=31
num_cat=0
split_feature=38 32 32 29 19 20 7 23 9 11 29 32 26 25 32 12 13 25 11 9 29 11 11 7 8 9 7 19 26 12
split_gain=1.11365 1.10998 1.22697 1.18517 1.14587 1.09588 1.19303 1.07445 2.10063 2.10273 2.64423 2.70331 2.1954 1.9725 1.82468 2.44173 2.12921 3.07615 2.37589 1.97408 1.86691 1.60791 4.30196 2.72613 2.99814 2.35452 14.3391 2.12641 3.60497 2.59221
threshold=1.0000000180025095e-35 0.0024216035380959515 0.0071364908944815406 0.23606811463832858 0.35857143998146063 0.15587044507265094 0.077422577887773528 1.0000000180025095e-35 0.88929614424705516 0.67799538373947155 0.40168067812919622 0.320356234908104 0.57203909754753124 0.75000000000000011 0.032168369740247733 0.031754031777381904 1.5000000000000002 1.0000000180025095e-35 0.31339286267757421 0.66944798827171337 0.14365079998970035 0.2124435901641846 0.2524509876966477 0.82683658599853527 0.95916664600372326 0.65777602791786205 0.25962962210178381 0.39565217494964605 0.55760720372200023 0.063508063554763808
decision_type=2 2 2 2 2 2 2 2 2 2 2 2 2 2 2 2 2 2 2 2 2 2 2 2 2 2 2 2 2 2
left_child=5 4 3 -3 -2 6 -1 14 -9 -10 11 12 13 -11 15 19 17 -17 -19 -4 -20 23 -23 24 27 26 -24 28 -16 -30
right_child=1 2 7 -5 -6 -7 -8 8 9 10 -12 -13 -14 -15 21 16 -18 18 20 -21 -22 22 25 -25 -26 -27 -28 -29 29 -31
leaf_value=-0.060141694479529134 -0.052429701431651647 -0.061064458723386644 -0.077811265668178239 0.051039762274458826 0.065445833001492801 0.050238685910076866 0.050856425339542835 0.00088506635189865139 0.039507252014561324 -0.056194008173419657 0.050043762750930088 0.013783085326113775 -0.21683925125081674 0.050538815627598467 -0.039236543256595063 -0.116207491935807 0.022554498621618017 -0.070018574705885725 -0.06081897696568897 0.080728173077586646 0.055208311925672431 0.045405103947190426 0.030765071829727621 0.034978193966257676 -0.21547790126350477 -0.0003666374977617499 0.86648447192619216 0.0027599794182406692 -0.047554360694762279 5.7211773488075603e-05
leaf_weight=0.57537740003317539 0.25125867575479688 1.4282881311191875 0.25909868671806069 0.28237334785080737 1.148914466750284 2.1125104841848952 0.41790875926380977 68.119857824152859 7.8563249909857431 2.2604386400489593 2.5003110505422228 4.9222110904665897 0.1780330492183565 0.53540358727332193 12.447350240418016 1.4170722733924774 1.0981542280496794 1.6205255230088371 0.52060087016434398 0.81074820651701884 1.0378336741996461 5.267671251705905 0.91250019188737397 3.4470278875669456 0.17834803170990099 329.81784132697794 0.054385322437155992 20.538278477710264 3.2965872460445125 21.527693014981196
leaf_count=14 796 1489 250 98 3398 5395 249 5061 4662 419 10105 1475 2 569 61191 1780 2442 3363 43 277 43 1295 617 142 2 24944 7 885 1469 8643
internal_value=2.60984e-05 -0.00016165 -0.000288077 -0.0425598 0.0442933 0.0298728 -0.0134411 -0.000140688 0.00492137 0.019985 0.00523251 -0.00895706 -0.0465954 -0.0357547 -0.00122225 -0.0269734 -0.0399949 -0.0549401 -0.0276292 0.0423326 0.016449 -0.000784044 0.000575662 -0.00822167 -0.0107896 -0.000138236 0.0777726 -0.0101581 -0.0172766 -0.00626546
internal_weight=496.841 493.735 492.335 1.71066 1.40017 3.1058 0.993286 490.624 86.3726 18.2527 10.3964 7.89609 2.97388 2.79584 404.252 6.76403 5.69419 4.59603 3.17896 1.06985 1.55843 397.488 336.052 61.4353 57.9883 330.785 0.966886 57.8099 37.2716 24.8243
internal_count=141125 135467 131273 1587 4194 5658 263 129686 22293 17232 12570 2465 990 988 107393 8198 7671 5229 3449 527 86 99195 26863 72332 72190 25568 624 72188 71303 10112
is_linear=0
shrinkage=0.05


Tree=192
num_leaves=31
num_cat=0
split_feature=38 28 30 27 28 25 4 6 38 19 26 21 29 32 11 8 28 7 11 8 7 11 7 9 7 7 28 25 28 4
split_gain=1.05747 1.04957 1.34942 1.53527 1.86899 1.39269 1.3075 1.14153 0.999996 2.54002 2.33616 6.25369 2.81904 2.79646 2.27719 4.55298 4.17547 3.16138 2.87302 3.19583 7.4016 3.05276 2.86828 3.01772 2.62477 3.51965 2.433 2.25621 2.25371 3.774
threshold=1.0000000180025095e-35 0.97930938005447399 0.95465916395187389 0.84639626741409313 0.92109179496765148 1.0000000180025095e-35 0.6904762089252473 3.5000000000000004 2.5000000000000004 0.30217391252517706 0.28513357043266302 3.5000000000000004 0.18414442986249926 0.79425507783889782 0.84292763471603405 0.91779279708862316 0.4528805017471314 0.92724865674972545 0.82480818033218395 0.90550595521926891 0.60208335518836986 0.8169856369495393 0.90121948719024669 0.96136736869812023 0.86754387617111217 0.86425063014030468 0.44192147254943853 1.0000000180025095e-35 0.48960733413696295 0.5634920895099641
decision_type=2 2 2 2 2 2 2 2 2 2 2 2 2 2 2 2 2 2 2 2 2 2 2 2 2 2 2 2 2 2
left_child=-1 2 3 4 8 6 -4 -6 14 10 11 12 -10 -12 15 17 -16 18 19 21 -21 22 23 24 25 -2 -25 -14 -18 -30
right_child=1 -3 5 -5 7 -7 -8 -9 9 -11 13 -13 27 -15 16 -17 28 -19 -20 20 -22 -23 -24 26 -26 -27 -28 -29 29 -31
leaf_value=0.029821813711042269 -0.0011794552955686627 0.051798456202301495 -0.074311845282837463 0.050775970822539707 0.050567502061091611 0.050268884708643491 0.050913989864568021 -0.19599917648946807 -0.039427812031163384 0.030196931697749198 0.034177449813581159 -0.2000390587613361 -0.032796847402804495 0.0015094245769395615 -0.069024982473393601 0.040692883730475735 0.057053681505055576 0.045793733998972422 0.061257369417409273 -0.10362247166400887 0.069750105034889862 -0.080923500365751008 -0.067293803972013011 0.079978790025956606 0.072384680879452448 -0.1370613951918643 0.010596687244121801 0.056525556430156422 -0.043177712188297322 -0.0034013578580898811
leaf_weight=2.9595818685556869 307.75113124983545 0.97020385411451471 1.5614853205042885 1.4793212363365444 0.0621166451528542 0.35884748485113949 0.24055957580276288 0.19214645644387929 4.2249348924087817 8.5956970425104355 7.1221374159504185 0.47621039580553759 1.1177055404987188 81.679750779061578 2.9486078768968573 6.7805210617807452 1.3068631345813617 3.6152001268637823 1.8293785450368876 2.1127498768255459 0.86874147796697787 1.1931752330128791 1.6133459356133233 2.0227511441044035 1.2103752219845763 0.47729678029281686 3.3663952056595008 1.9238004135549998 7.0514380189342765 38.647190051713551
leaf_count=5658 105509 4255 57 2443 86 1039 148 52 937 11143 548 7 28 1059 16 656 16 247 74 41 163 61 56 13 90 23 524 55 1692 4429
internal_value=2.36678e-05 -0.000155289 -0.000257775 -8.37943e-05 -0.00023791 -0.0396827 -0.0575951 -0.135763 -0.000167288 0.00415175 0.00183285 -0.0245076 -0.0130041 0.00412948 -0.00135357 0.000140435 -0.0113081 -0.000702865 -0.00122418 -0.00158069 -0.0531055 -0.00109705 -0.000796051 -0.000455281 -0.0011013 -0.00138987 0.0366384 0.023701 -0.00768754 -0.00953897
internal_weight=495.76 492.8 491.83 489.669 488.19 2.16089 1.80204 0.254263 487.935 105.14 96.5445 7.74265 7.26644 88.8019 382.795 332.841 49.9541 326.061 322.445 320.616 2.98149 317.634 316.441 314.828 309.439 308.228 5.38915 3.04151 47.0055 45.6986
internal_count=141125 135467 131212 129968 127525 1244 205 138 127387 13777 2634 1027 1020 1607 113610 107457 6153 106801 106554 106480 204 106276 106215 106159 105622 105532 537 83 6137 6121
is_linear=0
shrinkage=0.05


Tree=193
num_leaves=31
num_cat=0
split_feature=23 20 9 13 8 21 9 21 7 20 22 32 32 6 8 26 22 26 19 19 29 7 26 4 3 28 26 7 9 11
split_gain=1.023 0.997758 3.06599 3.86762 2.16059 2.97798 1.98128 1.90375 5.84671 3.53606 3.46044 3.67449 2.89469 4.74231 2.58871 2.31436 2.10178 4.16574 4.44299 3.85026 2.81926 2.36699 3.52459 4.15207 3.37699 2.55873 2.46274 2.27284 2.21496 5.20363
threshold=3.5000000000000004 0.94868421554565441 0.62477290630340587 1.0000000180025095e-35 0.10582306981086732 7.5000000000000009 0.41183473169803625 5.5000000000000009 0.73431372642517101 0.78759399056434642 0.63521462678909313 0.76929551362991344 0.66682392358779918 1.5000000000000002 0.19803921878337863 0.27801932394504553 0.52409988641738903 0.36018018424510961 0.12060606107115747 0.20344828069210055 0.14365079998970035 0.56594201922416698 0.16730280220508578 0.44949495792388922 1.0000000180025095e-35 0.61766856908798229 0.31601439416408544 0.59317129850387584 0.8216814696788789 0.52086955308914196
decision_type=2 2 2 2 2 2 2 2 2 2 2 2 2 2 2 2 2 2 2 2 2 2 2 2 2 2 2 2 2 2
left_child=1 7 3 -3 -5 6 -6 16 9 -9 14 12 13 -12 15 -11 17 18 -1 -18 -19 22 23 -21 25 -23 27 -27 -20 -30
right_child=-2 2 -4 4 5 -7 -8 8 -10 10 11 -13 -14 -15 -16 -17 19 20 28 21 -22 24 -24 -25 -26 26 -28 -29 29 -31
leaf_value=-0.049926833010578139 0.058536398700728111 -0.049979075641903202 0.038619577640318009 0.038098964336212557 -0.072691318443706313 0.060193734670135314 -0.0023608517550519608 -0.03709419040147352 0.048641201836604489 0.057498870133752981 0.029985010315838331 0.077274371359164318 -0.069777214515354305 -0.034658805220028142 0.0566248310170454 -0.057099780688746188 0.081827202313405512 0.00023619335666590527 -0.030301817617598217 -0.010340699921740111 0.031875125599402115 0.054530302778198973 0.037979253887966163 0.033720263785622089 0.052965238822157347 -0.061081181879021985 -0.094859947067197081 -0.0060172409215370967 0.029620286692784326 -0.015100349770076994
leaf_weight=7.602027232321233 0.74590863779303518 3.2966833132522941 6.6763010580471009 4.7137344615548527 1.0768172580574198 1.8294842158138624 14.293530133087186 13.915297338877279 3.6944068481607237 0.68604287349444604 4.3408690425712839 0.98656999295053616 2.6506791541469292 8.1898176600807329 3.3835153507316136 1.2312794836470855 1.7555253692407848 305.95995063774899 8.8825500784114393 16.219298714480832 7.2067900902475222 1.3915828523167935 11.327000906960164 7.9762793234258416 2.2640303539083098 2.0931136911240236 0.93367338371899578 17.903451903774112 9.1921011090016709 22.249562326258456
leaf_count=69425 637 111 15543 387 22 163 270 1109 3999 74 563 132 84 1123 624 39 190 31272 4368 1287 935 153 772 455 2065 103 149 2503 966 1602
internal_value=2.54395e-05 -6.29223e-05 0.00849143 0.000512749 0.00810875 -0.000110273 -0.00728807 -0.000653286 -0.0112121 -0.0174613 -0.00473603 -0.0162302 -0.0223066 -0.012265 0.030322 -0.0160949 0.000322283 -0.00113661 -0.0148646 0.0088377 0.000964288 0.00670597 0.0149605 0.00418437 -0.00522045 -0.011122 -0.015487 -0.011781 -0.00825462 -0.00202609
internal_weight=494.668 493.922 31.8866 25.2102 21.9136 17.1998 15.3703 462.035 39.0785 35.3841 21.4688 16.1679 15.1814 12.5307 5.30084 1.91732 422.957 361.093 47.9262 61.864 313.167 60.1084 35.5226 24.1956 24.5859 22.3218 20.9302 19.9966 40.3242 31.4417
internal_count=141125 140488 16496 953 842 455 292 123992 7747 3748 2639 1902 1770 1686 737 113 116245 108568 76361 7677 32207 7487 2514 1742 4973 2908 2755 2606 6936 2568
is_linear=0
shrinkage=0.05


Tree=194
num_leaves=31
num_cat=0
split_feature=24 26 12 13 12 28 7 12 28 28 12 12 12 10 26 10 12 35 4 6 8 10 11 12 32 28 8 7 4 9
split_gain=1.01084 1.81575 1.72058 1.23444 1.43679 2.29131 2.22129 1.1372 1.17372 1.50245 1.14424 1.24004 1.07338 1.15274 1.07215 1.03487 3.20795 3.03819 2.4063 3.89477 2.89286 3.34235 4.49814 3.60546 2.78499 2.72724 2.44753 3.33485 2.47584 2.47678
threshold=0.75000000000000011 0.093883547931909575 0.063508063554763808 3.5000000000000004 0.69905659556388866 0.52182745933532726 0.27195686101913458 0.0745370388031006 0.39007256925106054 0.40790306031703955 0.36055555939674383 0.56711712479591381 0.70659971237182628 0.17192118614912036 0.12018518522381784 0.89022758603096019 0.2674796879291535 1.0000000180025095e-35 0.58571431040763866 2.5000000000000004 0.86754387617111217 0.9529346525669099 0.037749288603663451 0.13397436589002612 0.76198688149452221 0.4569098055362702 0.88303694128990184 0.60208335518836986 0.64583334326744091 0.98350000381469738
decision_type=2 2 2 2 2 2 2 2 2 2 2 2 2 2 2 2 2 2 2 2 2 2 2 2 2 2 2 2 2 2
left_child=3 2 -2 4 15 6 12 -5 10 -10 -9 -12 13 -6 -3 -1 17 -17 -19 25 21 22 23 -21 -24 -20 -22 -28 29 -29
right_child=1 14 -4 7 5 -7 -8 8 9 -11 11 -13 -14 -15 -16 16 -18 18 19 20 26 -23 24 -25 -26 -27 27 28 -30 -31
leaf_value=-0.0016372781026849151 -0.038896894472289029 -0.063717302669004869 0.07978137488348748 0.11980897041972748 -0.23870397928979906 0.049034520945438698 0.059229819139901309 -0.043543766275083398 0.084511025613459259 0.017201222235843076 0.030165248370834161 -0.039667556359419494 -0.050712801996271144 -0.07581667439271475 0.029506915817119214 -0.013207010807155693 0.05645379922134186 0.026483890827251912 -0.13879872326911646 -0.065773013896758256 0.065367463229504597 0.045763007295981581 -0.064498015065078643 0.054915254477238419 -0.0068895658592003778 -0.015216896606242272 -0.076910889855140135 0.038785336560050732 0.019514250787983897 -0.022555118586344299
leaf_weight=353.94504582277386 0.37639185504667638 0.65307697946263921 1.6192734982178079 0.26350743197326565 0.16750896433222839 0.73643649072619144 0.41502824938652327 1.2967858177107681 1.0467813487375677 3.9859693976868584 2.4314391569751028 0.86075530912421516 2.3275981094848248 0.30893931147329567 0.58440277773479465 24.575175628182478 2.8155502958179559 13.022720444452714 0.45961801934754731 0.8070875552220963 2.2422586747488813 2.1853829439205574 5.0760220658848976 2.6529852991006919 3.5758263756652013 15.559480112628078 1.033626151838688 2.1147125089264573 38.468708907661494 7.4188600875640986
leaf_count=111873 818 95 403 62 7 92 105 437 74 878 1187 1159 1419 129 420 4461 358 1113 8 67 156 803 634 289 22 2984 38 280 9972 782
internal_value=2.63667e-05 0.027892 0.0573981 -0.000157576 -0.000517832 -0.030528 -0.0487298 0.0173322 0.0145257 0.0312012 -0.0037625 0.0119072 -0.0647089 -0.133084 -0.0196919 -0.000268426 0.00370261 0.00245653 0.00652486 0.00333934 0.00873853 -0.01115 -0.0214189 0.0267638 -0.0406883 -0.0187627 0.0142838 0.0119479 0.0138613 -0.00894874
internal_weight=493.027 3.23315 1.99567 489.794 479.909 3.95551 3.21907 9.88524 9.62173 5.03275 4.58898 3.29219 2.80405 0.476448 1.23748 475.953 122.008 119.192 94.6173 81.5946 65.5755 14.2973 12.1119 3.46007 8.65185 16.0191 51.2782 49.0359 48.0023 9.53357
internal_count=141125 1736 1221 139389 135592 1752 1660 3797 3735 952 2783 2346 1555 136 515 133840 21967 21609 17148 16035 13043 1815 1012 356 656 2992 11228 11072 11034 1062
is_linear=0
shrinkage=0.05


Tree=195
num_leaves=31
num_cat=0
split_feature=38 20 4 32 32 29 19 23 10 20 26 22 10 32 26 26 27 28 29 32 22 26 19 19 6 28 22 26 22 10
split_gain=0.99934 1.02851 1.1047 1.01021 1.14897 1.06048 1.04449 0.956986 2.60347 2.17224 4.20887 2.00108 1.83699 2.04708 1.98873 1.93904 1.83524 2.0503 1.87669 1.691 1.66479 5.10919 4.79788 3.19856 3.18731 2.65449 2.50512 2.95765 2.28782 2.34463
threshold=1.0000000180025095e-35 0.15587044507265094 0.19090909510850909 0.0024216035380959515 0.0071364908944815406 0.23606811463832858 0.35857143998146063 1.0000000180025095e-35 0.84660634398460399 0.3717105239629746 0.29740898311138159 0.20398256927728656 0.80217391252517711 0.023818388581275943 0.57912886142730724 0.57203909754753124 0.44456264376640325 0.69791212677955639 0.59586465358734142 0.032168369740247733 0.562859207391739 0.53957813978195202 0.13188406080007556 0.40370370447635656 3.5000000000000004 0.62750142812728893 0.28018692135810858 0.059072781354188926 0.69582608342170726 0.10063291341066362
decision_type=2 2 2 2 2 2 2 2 2 2 2 2 2 2 2 2 2 2 2 2 2 2 2 2 2 2 2 2 2 2
left_child=1 2 -1 6 5 -5 -2 19 11 10 -10 -9 13 -13 15 -14 17 -15 -18 -6 21 22 -21 28 -25 -23 27 -24 29 -22
right_child=3 -3 -4 4 7 -7 -8 8 9 -11 -12 12 14 16 -16 -17 18 -19 -20 20 23 25 26 24 -26 -27 -28 -29 -30 -31
leaf_value=-0.059606242918332553 -0.052222883548072391 0.050226007595999933 0.05079595969897225 -0.059498060000360453 -0.026207069555831526 0.050943531129216582 0.064664220453253096 0.033808362862599542 -0.10562592301328247 0.037887056386218046 0.035596405418660597 0.061356185110457123 -0.030369750940453029 -0.00074922732777041095 0.06947744412858789 -0.19167317592461702 0.050404963026074792 -0.093432131629547416 -0.072165379169601127 -0.050098844005557322 0.17728101023730994 0.00040927196272941735 -0.028914992918805504 0.0063879677767838504 -0.038323385251384158 0.066182814805117007 -0.01603560922058038 0.025737271546022747 0.060820363126811577 0.0073489385241355849
leaf_weight=0.54474392067640964 0.23262903690010617 1.9364987001099505 0.387950398522662 1.3786025890431108 6.618009045636426 0.25804282733588468 1.0711723828899264 4.4387145256478098 0.83970261740614605 9.0933877830393595 1.4194378703832624 1.4046453937917238 5.2477437817360615 58.108944918938505 0.48590474179945875 0.19316922430880357 2.8697792720122375 0.60289494932658172 0.35042624498237263 8.5625569806688855 0.2101051887148041 285.73379228433259 3.4625491036676967 35.14647218609025 4.4957885722396886 1.5422586078057055 36.719747204013402 8.684567133568633 4.2243487822124735 5.9896845339571883
leaf_count=14 796 5395 249 1489 8198 98 3398 648 22 13999 26 192 1431 3246 47 2 2144 107 429 73250 10 15326 354 2411 881 89 4987 1040 122 725
internal_value=2.80071e-05 0.0294504 -0.0136849 -0.000144492 -0.000261903 -0.0420852 0.0438088 -0.000121189 0.00469651 0.0269855 -0.0168947 0.00126328 -0.000822353 0.00166854 -0.0274411 -0.0360965 0.000314795 -0.00170096 0.0370667 -0.00114206 -0.00072187 -0.00195931 -0.0155739 0.0077979 0.0013173 0.000762381 -0.00952437 0.0101586 0.0324432 0.0131078
internal_weight=492.254 2.86919 0.932694 489.385 488.081 1.63665 1.3038 486.445 85.0548 11.3525 2.25914 73.7022 69.2635 63.3367 5.92682 5.44091 61.932 58.7118 3.22021 401.39 394.772 344.705 57.4294 50.0664 39.6423 287.276 48.8669 12.1471 10.4241 6.19979
internal_count=141125 5658 263 135467 131273 1587 4194 129686 22293 14047 48 8246 7598 6118 1480 1433 5926 3353 2573 107393 99195 95046 79631 4149 3292 15415 6381 1394 857 735
is_linear=0
shrinkage=0.05


Tree=196
num_leaves=31
num_cat=0
split_feature=28 30 27 28 4 19 13 23 6 38 20 4 6 28 27 9 6 10 11 4 12 19 29 9 26 12 10 12 7 10
split_gain=0.964028 1.22648 1.42379 1.62047 1.15367 1.23776 1.665 0.943264 0.939497 0.915611 0.969851 1.04489 0.882744 0.823765 1.83297 1.6642 1.42622 1.44834 1.6156 1.31595 1.2528 0.989947 0.949032 2.79729 2.63303 2.4503 2.87674 5.42868 3.81406 2.44262
threshold=0.97930938005447399 0.95465916395187389 0.84639626741409313 0.92109179496765148 0.6904762089252473 0.44722221791744238 1.0000000180025095e-35 3.5000000000000004 5.5000000000000009 1.0000000180025095e-35 0.15587044507265094 0.19090909510850909 3.5000000000000004 0.85002005100250255 0.69567963480949413 0.90381237864494335 3.5000000000000004 0.90999102592468273 0.81016731262207042 0.58571431040763866 0.1490740776062012 0.23904761672019961 0.18414442986249926 0.58961340785026561 0.052911534905433662 0.23861283808946612 0.7320508360862733 0.25866188108921057 0.64365079998970043 0.81754159927368175
decision_type=2 2 2 2 2 2 2 2 2 2 2 2 2 2 2 2 2 2 2 2 2 2 2 2 2 2 2 2 2 2
left_child=1 2 3 7 5 -3 -7 8 9 10 11 -1 -5 14 22 20 21 18 -18 -16 -15 -17 -11 -24 -25 -26 27 -27 -28 -30
right_child=-2 4 -4 12 -6 6 -8 -9 -10 13 -12 -13 -14 15 19 16 17 -19 -20 -21 -22 -23 23 24 25 26 28 -29 29 -31
leaf_value=-0.059128840262666453 0.051794960368835942 -0.16553555583090027 0.050753258045016826 0.050549760054703768 0.050668830700074309 -0.066980587803036229 0.050959247220354012 0.058436525889199821 0.055986464057132548 -0.001231604025516982 0.050221477530496876 0.050759828998036639 -0.1702642174440521 -0.064436071798937122 -0.065986724254940718 -0.041899866197361128 0.053444840890953332 0.050845381082378162 -0.10372999606926021 0.050522129664651055 0.05065570569627792 0.052753369460424929 0.059253922091142157 -0.0098766988112478967 0.021701231601446602 -0.15349173493680768 -0.047955776377069097 0.048388445799258037 0.04759275668380606 -0.019290620016540826
leaf_weight=0.52225431147962753 0.8976838025773749 0.21558562107384149 1.3832940814427264 0.05763447069330041 0.31442853786575131 1.21689636028168 0.39683543065621041 0.69011365330516028 0.7465543053986029 410.09932820816266 1.7892817780957555 0.36928589121089317 0.21081587620574282 0.91296080860047257 1.6611621518677555 0.2996050184592608 0.23132567714492303 0.50429702658584574 0.55758235058601713 0.28375975959352207 0.31908718375052558 3.5415701605452341 2.3171533474815069 23.468274922939599 22.957772630583349 0.36465486345696163 5.3432657820740115 3.8363543779560132 2.5200193498603767 2.9785557991926908
leaf_count=14 4255 2 2539 87 716 273 295 486 272 108426 5091 249 52 86 159 4 99 1311 100 222 177 3363 212 4608 6538 13 367 405 275 429
internal_value=2.76427e-05 -6.71742e-05 9.86106e-05 -4.53942e-05 -0.0378036 -0.0530105 -0.0379778 2.2399e-05 -6.06125e-05 -0.000146907 0.028993 -0.0136117 -0.122857 -0.000308913 -0.000547959 0.0175575 0.0300801 -0.0153368 -0.0576428 -0.0489883 -0.0346285 0.0453706 -0.00034915 0.00532441 0.00329146 0.0114238 -0.00426118 0.0308649 -0.0178719 0.0113623
internal_weight=491.007 490.11 487.966 486.583 2.14375 1.82932 1.61373 486.314 485.624 484.878 2.68082 0.89154 0.26845 482.197 475.83 6.36643 5.13438 1.29321 0.788908 1.94492 1.23205 3.84118 473.885 63.7861 61.4689 38.0006 15.0429 4.20101 10.8418 5.49858
internal_count=141125 136870 135584 133045 1286 570 568 132906 132420 132148 5354 263 139 126794 121654 5140 4877 1510 199 381 263 3367 121273 12847 12635 8027 1489 418 1071 704
is_linear=0
shrinkage=0.05


Tree=197
num_leaves=31
num_cat=0
split_feature=24 26 12 13 12 19 4 26 12 28 28 28 12 12 10 4 10 35 10 10 10 13 32 32 19 26 26 30 13 6
split_gain=0.927879 1.69481 1.63713 1.09833 1.31896 2.31737 1.394 0.98517 0.971061 1.07197 1.3885 1.04743 1.04145 1.13917 0.931336 1.80149 3.48364 5.23243 3.03954 2.44304 3.28641 2.48254 3.70878 2.79906 3.01301 2.54137 4.31185 2.13991 2.46401 2.0155
threshold=0.75000000000000011 0.093883547931909575 0.063508063554763808 3.5000000000000004 0.69905659556388866 0.81534090638160717 0.37980769574642187 0.12018518522381784 0.0745370388031006 0.39007256925106054 0.40790306031703955 0.42289757728576666 0.36055555939674383 0.56711712479591381 0.2362911254167557 0.29285715520381933 0.6911335587501527 1.0000000180025095e-35 0.41206791996955877 0.3483316451311112 0.34314574301242834 1.5000000000000002 0.80029985308647167 0.85130497813224804 0.78019323945045482 0.6006993055343629 0.61655250191688549 0.3482582569122315 1.5000000000000002 1.5000000000000002
decision_type=2 2 2 2 2 2 2 2 2 2 2 2 2 2 2 2 2 2 2 2 2 2 2 2 2 2 2 2 2 2
left_child=3 2 -2 4 14 6 -6 -3 -5 12 -11 -12 -10 -14 -1 16 17 18 19 20 21 22 25 24 -23 -16 -27 28 -20 -17
right_child=1 7 -4 8 5 -7 -8 -9 9 10 11 -13 13 -15 15 29 -18 -19 27 -21 -22 23 -24 -25 -26 26 -28 -29 -30 -31
leaf_value=0.013507548908181458 -0.037882440759193572 -0.062299480001692921 0.078550007282673584 0.10922926410642148 -0.062801343947181634 0.052716248504304231 0.025918135133292677 0.02826254639329337 -0.042147177882655901 0.081813122079735179 -0.0327043366421381 0.029890815622101094 0.028673182335399661 -0.039375702159754715 -0.052192202298566276 0.013731821261591984 0.020647127351076405 -0.037609392710862596 -0.039248583505331718 -0.038001693841340743 0.095550957976290207 -0.0014150022285548201 0.029173651915906401 -0.033790891443541589 0.059386002224180716 0.30172645611922877 -0.055188558372618463 0.040611755594361643 0.058578839913203729 -0.00034436767528446657
leaf_weight=11.995364314985634 0.37415989154760554 0.63478770390065598 1.5634662578813729 0.27423464965613575 2.6257783480523358 0.69989656157849811 0.53255350662584522 0.5699153661262244 1.2746639893266527 1.0198834543552946 0.85252908243273884 3.0930315857258392 2.3997490760557416 0.82694693499070115 6.4196663592156344 27.290226517309748 8.7209571627608948 15.721986654616556 2.2175115323552732 6.5276432007121903 0.81317207658867019 5.0505919612696726 2.2437469167343806 2.9015788384858743 3.4155626941283117 0.13956730061909173 0.21493847675446887 5.7134612637819373 0.90691360225173401 373.13571489911737
leaf_count=901 818 95 403 62 1587 118 47 420 437 74 69 809 1187 1159 810 4341 3126 68483 552 769 65 574 15 33 59 4 47 1517 203 52341
internal_value=2.97538e-05 0.0271125 0.0560666 -0.000144986 -0.000484199 -0.0296 -0.0478416 -0.0194568 0.0164756 0.0137887 0.0298083 0.0163657 -0.00388253 0.0112334 -0.000246918 -0.000604477 -0.00860839 -0.013488 -0.00311623 -0.0112552 -0.00301936 -0.00695127 -0.0265415 0.00858949 0.0231144 -0.0449955 0.0853272 0.0224177 -0.0108526 0.000614967
internal_weight=490.17 3.14233 1.93763 487.028 477.287 3.85823 3.15833 1.2047 9.74104 9.4668 4.96544 3.94556 4.50136 3.2267 473.429 461.433 61.0073 52.2863 36.5644 27.7265 21.1988 20.3857 9.01792 11.3677 8.46615 6.77417 0.354506 8.83789 3.12443 400.426
internal_count=141125 1736 1221 139389 135592 1752 1634 515 3797 3735 952 878 2783 2346 133840 132939 76257 73131 4648 2376 1607 1542 876 666 633 861 51 2272 755 56682
is_linear=0
shrinkage=0.05


Tree=198
num_leaves=31
num_cat=0
split_feature=23 28 28 27 28 25 4 6 24 26 12 26 11 7 7 8 7 20 10 4 10 25 28 22 4 28 28 10 11 32
split_gain=0.926641 0.915433 0.945372 1.25284 1.37786 1.17984 0.99744 0.885846 0.824722 1.5706 1.69547 0.91583 0.890433 2.27029 2.00642 4.59401 3.50155 4.29024 2.21784 1.96071 4.12185 2.06438 1.97277 2.16439 1.93646 2.76922 2.06735 2.47002 2.24383 2.40175
threshold=3.5000000000000004 0.97930938005447399 0.95374259352684032 0.84639626741409313 0.92109179496765148 1.0000000180025095e-35 0.6904762089252473 5.5000000000000009 0.75000000000000011 0.093883547931909575 0.063508063554763808 0.12018518522381784 0.10102041065692903 0.029857398010790352 0.72850123047828685 0.71611723303794872 0.48435972630977636 0.56696429848670971 0.78738203644752514 0.52777779102325451 0.77459675073623668 1.0000000180025095e-35 0.40790306031703955 0.72255688905715953 0.5634920895099641 0.41995696723461157 0.34312309324741369 0.92637759447097789 0.037749288603663451 0.86385703086853038
decision_type=2 2 2 2 2 2 2 2 2 2 2 2 2 2 2 2 2 2 2 2 2 2 2 2 2 2 2 2 2 2
left_child=1 2 3 4 7 6 -4 8 12 10 -10 -11 14 -14 15 16 17 -1 -16 20 21 22 23 -19 25 -20 -26 -28 29 -29
right_child=-2 -3 5 -5 -6 -7 -8 -9 9 11 -12 -13 13 -15 18 -17 -18 19 24 -21 -22 -23 -24 -25 26 -27 27 28 -30 -31
leaf_value=-0.033409026646377814 0.058099186591769506 0.051724084276296704 -0.062160472299360718 0.050694183217996493 -0.11037798592844666 0.050255955663079381 0.050830024683908952 0.055498792391110732 -0.047581613520423047 -0.061293860866643471 0.077328555303825319 0.027100216939535293 0.071990063938772705 0.00065147103785072411 0.051045688683795359 -0.038999362134265768 0.027429656639911912 -0.030993732328486075 -0.083584260133745883 -0.046067880298961118 0.061011600746708944 0.00057540399980629824 -0.055131628016710524 0.078094127606057828 -0.07382093246451342 0.012277731243834612 0.046888622378583766 0.052445886629288944 -0.083958531113825785 -0.059817632780356247
leaf_weight=12.397943161251531 0.68596351459927873 0.85212207453878264 1.6399119646666798 1.2158787783882861 0.283204619816387 0.35933790040871816 0.22172661044169206 0.71641038640154775 0.33143775351345484 0.61557841101603095 1.5063813649758229 0.55923393955890788 1.118628993135643 369.21540543840092 3.0595558672721372 9.9550374313421326 8.4568771983485913 1.2846369626349758 1.3736077333014676 2.3580176186223971 2.6826006050687274 54.500293700504699 3.384505059075309 0.70380973661667656 0.59350800348329347 1.6684169348809517 4.3969542262420873 1.4060023707788794 0.79707749164663244 0.72059263284609176
leaf_count=76433 637 4214 67 2301 137 1194 155 272 334 70 359 383 60 44116 154 2844 2280 222 12 82 294 3014 341 10 49 185 431 428 37 10
internal_value=2.67046e-05 -5.48631e-05 -0.000145366 3.58435e-06 -0.000123735 -0.0326921 -0.048703 -5.91955e-05 -0.000141587 0.0259375 0.0548019 -0.0192165 -0.000305243 0.000866956 -0.00426102 -0.00684803 -0.00311628 -0.00645759 0.0134076 -0.00131012 0.000377005 -0.00233971 -0.031909 0.00761786 0.00289697 -0.0310082 0.0159294 0.0232057 -0.0124113 0.0144056
internal_weight=489.061 488.375 487.523 485.302 484.086 2.22098 1.86164 483.803 483.086 3.01263 1.83782 1.17481 480.073 370.334 109.739 95.7237 85.7687 77.3118 14.0157 64.9139 62.5558 59.8732 5.37295 1.98845 10.9562 3.04202 7.91413 7.32063 2.92367 2.1266
internal_count=141125 140488 136274 134858 132557 1416 222 132420 132148 1146 693 453 131002 44176 86826 85520 82676 80396 1306 3963 3881 3587 573 232 1152 197 955 906 475 438
is_linear=0
shrinkage=0.05


Tree=199
num_leaves=31
num_cat=0
split_feature=38 32 32 29 20 4 10 6 24 9 28 11 11 13 10 10 10 9 13 28 28 12 12 32 10 28 12 20 13 4
split_gain=0.932673 0.906338 1.0898 0.956823 0.886075 0.963142 0.883517 0.84265 0.782283 1.38091 1.01268 0.96874 2.27341 2.72331 2.11795 2.83985 2.06862 3.67954 1.98668 1.87095 2.39546 2.22131 3.49664 2.56504 2.6035 2.3242 2.29467 2.45024 2.2698 2.72477
threshold=1.0000000180025095e-35 0.0024216035380959515 0.0071364908944815406 0.23606811463832858 0.15587044507265094 0.19090909510850909 0.7320508360862733 5.5000000000000009 0.75000000000000011 0.55469375848770153 0.43513584136962896 0.10102041065692903 0.26138716936111456 1.5000000000000002 0.95488464832305919 0.96039214730262767 0.79118219017982494 0.85683986544609081 1.0000000180025095e-35 0.22858179360628131 0.25991028547286993 0.44353370368480688 0.45199692249298101 0.53069072961807262 0.60397014021873485 0.26121033728122717 0.43534001708030706 0.74166667461395275 2.5000000000000004 0.31666667759418493
decision_type=2 2 2 2 2 2 2 2 2 2 2 2 2 2 2 2 2 2 2 2 2 2 2 2 2 2 2 2 2 2
left_child=4 6 3 -3 5 -1 -2 8 11 -10 -11 18 13 14 16 -16 17 -13 -4 -14 -21 25 -23 24 -24 -22 28 -28 29 -27
right_child=1 2 7 -5 -6 -7 -8 -9 9 10 -12 12 19 -15 15 -17 -18 -19 -20 20 21 22 23 -25 -26 26 27 -29 -30 -31
leaf_value=-0.058197807848098831 -0.034377641224495888 -0.058200686943318453 -0.01532223488471026 0.050851779625924326 0.050220669654201494 0.050703562928190629 0.066150307116818394 0.054949292311455428 -0.0046086799377379082 -0.048069957598141144 0.081664275109702242 0.048984136007802423 0.020825258800019328 -0.020305286988341581 -0.12865829021944492 0.046136153755232522 0.069730488685914249 -0.031531219840608707 -0.00023773310457964104 -0.028975109881405333 0.097396020868386252 0.077292866015288661 -0.020924651229039554 -0.038132619036790633 0.042816694369634103 -0.028093492287163457 -0.078867027868466499 0.054491094225508442 0.034891743539858661 -0.00025350165816427677
leaf_weight=0.483110330998897 0.28467504460240778 1.3365303062910232 30.517485443839178 0.23677437893638842 1.7484165547102746 0.35021100775338709 0.94116314951679669 0.69397701458728889 1.6697773060150205 0.17377904695604218 1.118963173972588 4.262403343982438 10.555741354459313 3.154255619752802 0.45662934356732954 0.47314373463814263 3.5625045638553274 2.1271092618226248 76.655221030314351 7.2531894781495785 0.60263486197800276 2.2574629723167154 2.3510507333412516 2.2834976987360278 5.0279557525354903 9.0438898144166142 1.7275690753413067 0.43021119343757153 4.4565419036043741 311.6609662641531
leaf_count=14 875 1489 25738 98 5395 249 3319 336 32 39 1245 1610 554 1420 23 132 305 167 56635 682 51 199 1052 135 633 7396 76 40 636 30550
internal_value=2.5513e-05 -0.000133933 -0.000242665 -0.0417888 0.0299983 -0.012431 0.0428048 -0.000107199 -0.000186498 0.0254278 0.0642245 -0.000344963 0.000862637 0.0206017 0.0324593 -0.0397087 0.0392016 0.0221801 -0.00453305 8.79736e-05 -0.000542682 6.41467e-05 0.0212665 0.00817695 0.0225078 -0.000706558 -0.000887177 -0.0522785 -0.000546143 -0.00103859
internal_weight=487.897 485.315 484.089 1.5733 2.58174 0.833321 1.22584 482.516 481.822 2.96252 1.29274 478.859 371.687 14.036 10.8818 0.929773 9.95202 6.38951 107.173 357.651 347.095 339.842 11.92 9.6625 7.37901 327.922 327.319 2.15778 325.161 320.705
internal_count=141125 135467 131273 1587 5658 263 4194 129686 129350 1316 1284 128034 45661 3657 2237 155 2082 1777 82373 42004 41450 40768 2019 1820 1685 38749 38698 116 38582 37946
is_linear=0
shrinkage=0.05


Tree=200
num_leaves=31
num_cat=0
split_feature=23 29 13 10 12 12 10 7 11 28 11 28 4 11 7 6 4 7 7 28 10 4 6 10 8 10 8 12 4 11
split_gain=0.880327 0.867009 0.819792 0.818194 3.08241 2.3841 2.32191 3.4276 2.20474 3.88154 3.46932 3.36884 2.11077 3.46686 1.9036 1.74009 3.51103 8.0349 3.48358 4.34849 3.44001 3.75129 3.22079 4.01063 4.88163 3.08391 4.23913 4.85624 2.82634 2.73542
threshold=3.5000000000000004 0.64495798945426952 5.5000000000000009 0.89022758603096019 0.18301435559988025 0.17445652186870578 0.87570226192474376 0.40778534114360815 0.41763564944267279 0.3773131668567658 0.77346038818359386 0.46082948148250585 0.78888890147209179 0.063508063554763808 0.82683658599853527 2.5000000000000004 0.44949495792388922 0.29061582684516912 0.30330087244510656 0.2102194428443909 0.5912291705608369 0.44949495792388922 1.5000000000000002 0.64967530965805065 0.60208335518836986 0.76631206274032604 0.5617378056049348 0.37377451360225683 0.81666666269302379 0.6885775923728944
decision_type=2 2 2 2 2 2 2 2 2 2 2 2 2 2 2 2 2 2 2 2 2 2 2 2 2 2 2 2 2 2
left_child=1 2 3 6 5 -5 15 -8 14 -10 -11 -12 -6 -14 -9 16 22 -18 20 -20 -17 -22 23 -1 -25 -19 -27 29 -21 -28
right_child=-2 -3 -4 4 12 -7 7 8 9 10 11 -13 13 -15 -16 18 17 25 19 28 21 -23 -24 24 -26 26 27 -29 -30 -31
leaf_value=-0.0043834608161331485 0.057808569404877101 0.050008843647781166 0.024514364067951218 0.0020588167254077258 0.049550014135592228 -0.054331686807899973 0.077270290318761647 -0.01073505919583187 -0.10626698751032236 0.035905415825056457 -0.10649716029162742 -0.023694063754112871 0.062479477373704156 -0.057280140881539203 0.066207818841546959 0.044373329497313631 0.069693016416036119 0.013496991905362285 0.087065463260740716 -0.0052382098503589766 0.040273127834366124 -0.054550949652850546 -0.018110037242601903 0.062347054140232921 0.0049919359461962597 0.084760511163248203 -0.017346593462008782 -0.08019379334400964 0.063087893698277359 0.0068477997975868246
leaf_weight=76.594673674520891 0.65823625900156812 0.86331258197969774 3.3478056128769813 109.81836669729819 5.7206157015025365 1.9069051006954385 0.89331546629546466 3.2877685035091426 1.5882334825582809 2.0661946178297486 1.4232550838496543 8.9705988409914408 1.0600661639473403 1.40556641438161 1.0640045106847535 1.2801535045709886 5.0704231216623148 55.74321568513551 1.3268188809197443 90.846996437599955 1.1896988066910115 8.4583181229281745 30.471095280268855 5.2683269396329733 12.541311547147414 1.3300487605592923 19.015352729875303 2.0957820865005479 1.5391707030212263 30.294464446371421
leaf_count=67814 637 10809 967 12456 721 117 153 234 9 216 9 814 64 43 37 366 583 3270 58 6022 458 1662 23933 2650 3788 114 849 62 82 2128
internal_value=2.45858e-05 -5.35991e-05 -0.000142598 -0.000313761 0.00326631 0.00109635 -0.00149847 -0.0183759 -0.0230195 -0.0326525 -0.0232692 -0.0350325 0.0328817 -0.00579107 0.0080774 -0.000549317 0.00180976 0.0081727 -0.00592448 -0.00280914 -0.0326397 -0.0428582 -0.00397606 0.000585994 0.0219583 0.00529717 -0.00337029 -0.00565055 -0.00409988 -0.00248229
internal_weight=487.14 486.482 485.619 482.271 119.912 111.725 362.359 19.2934 18.4001 14.0483 12.46 10.3939 8.18625 2.46563 4.35177 343.066 238.425 113.549 104.641 93.713 10.9282 9.64802 124.875 94.4043 17.8096 108.479 52.7356 51.4056 92.3862 49.3098
internal_count=141125 140488 129679 128712 13401 12573 115311 1472 1319 1048 1039 823 828 107 271 113839 105191 7006 8648 6162 2486 2120 98185 74252 6438 6423 3153 3039 6104 2977
is_linear=0
shrinkage=0.05


Tree=201
num_leaves=31
num_cat=0
split_feature=23 10 20 26 27 27 9 21 9 10 26 9 10 7 10 30 9 19 4 28 28 10 10 26 7 11 9 10 10 7
split_gain=0.851241 2.55509 2.12338 3.96874 1.61055 2.16813 2.09781 1.82963 1.94955 3.47534 2.58285 2.40447 2.35518 1.84755 1.67062 1.9059 1.51005 1.46654 1.74602 2.48593 2.31928 1.76395 3.03325 1.67273 3.69962 1.78059 1.93687 1.56018 3.00822 5.08689
threshold=1.0000000180025095e-35 0.84660634398460399 0.3717105239629746 0.29740898311138159 0.10811302810907365 0.1101520247757435 0.40484943985939031 16.500000000000004 0.48336385190486914 0.27334994077682501 0.38115416467189794 0.51020723581314098 0.30068494379520422 0.085410334169864668 0.2362911254167557 0.22167439758777621 0.53335472941398632 0.83666664361953746 0.31666667759418493 0.34460306167602545 0.34783461689949041 0.77015754580497753 0.77836257219314586 0.2286924943327904 1.0000000180025095e-35 0.20227272808551791 0.76799523830413829 0.77015754580497753 0.81302964687347423 0.5617378056049348
decision_type=2 2 2 2 2 2 2 2 2 2 2 2 2 2 2 2 2 2 2 2 2 2 2 2 2 2 2 2 2 2
left_child=17 4 3 -3 7 -6 -7 8 10 -10 -2 -11 -13 16 -8 -16 -14 18 19 21 -21 -1 -23 -22 -25 26 -26 -20 -29 -30
right_child=1 2 -4 -5 5 6 14 -9 9 11 -12 12 13 -15 15 -17 -18 -19 27 20 23 22 -24 24 25 -27 -28 28 29 -31
leaf_value=-0.035065979085048424 0.038136906882479088 -0.10533537715201254 0.037652407688618363 0.03413380062953926 -0.075296918114131556 -0.065359921694843615 0.030750364643395235 -0.1208782425193286 -0.059596682365439191 -0.045724389228607734 -0.028062091439438216 0.11023070811387901 0.039543967932195091 0.036526022932770123 -0.079717776578815971 -0.0017841531085100529 -0.055786284418091393 0.055685314247918463 0.0046741781247246024 0.093192881924682641 -0.016763529924578496 0.12044270996183995 -0.055954569651157277 0.063159668136830119 -0.048960101215768645 -0.037765946662545839 0.029178671200971274 -0.014135108957675301 0.025061617488380924 -0.0022779262151609472
leaf_weight=11.541573139475073 9.817541143518616 0.8075661615148414 8.9659332142437034 1.3846627114980945 1.0311354091172678 1.2770040496907302 3.949386347354447 0.25319060921174141 2.0737253207262238 1.4019752547901587 1.7336422071166442 0.74403148273995601 0.61724605132621935 3.5777754509763326 0.79823779710568388 45.561304559789278 1.2703342784334379 1.1401697389665049 117.53170766278981 0.62310325138969602 12.5558204797253 0.50281105838075824 0.47292386966364575 2.5120176352356776 1.0131132713286204 2.8850865553977201 3.6512806394093786 44.250850276755955 18.753084909825702 183.48387712467593
leaf_count=57674 1000 22 18070 28 41 29 125 34 90 114 266 22 70 832 11 8933 200 755 19761 777 10739 14 33 142 4599 1968 1243 2341 1148 10044
internal_value=2.4473e-05 0.00456117 0.0268671 -0.0172434 0.00120258 -0.00350805 -0.00207308 0.0127366 0.0143296 -0.0022151 0.0282015 0.0134186 0.0267721 0.0154103 -0.000466657 -0.00312605 -0.0246129 -0.000940364 -0.00110186 -0.0116448 -0.00196956 -0.0296085 0.0349456 -0.00459127 0.0105986 -0.00689062 0.0122068 -6.62232e-05 -0.00232657 0.000257223
internal_weight=486.182 85.2647 11.1582 2.19223 74.1065 52.6171 51.5859 21.4895 21.2363 9.68509 11.5512 7.61136 6.20939 5.46536 50.3089 46.3595 1.88758 400.917 399.777 35.7577 23.2404 12.5173 0.975735 22.6173 10.0615 7.54948 4.66439 364.02 246.488 202.237
internal_count=141125 29887 18120 50 11767 9139 9098 2628 2594 1328 1266 1238 1124 1102 9069 8944 270 111238 110483 77189 19468 57721 47 18691 7952 7810 5842 33294 13533 11192
is_linear=0
shrinkage=0.05


Tree=202
num_leaves=31
num_cat=0
split_feature=38 28 30 27 28 25 4 10 35 4 10 10 38 9 10 9 9 28 4 28 38 5 21 30 19 11 10 10 11 10
split_gain=0.909149 0.845217 1.02653 1.263 1.22502 1.01395 0.913271 0.798325 2.52532 2.66886 2.59287 3.33162 2.92307 2.4141 2.03183 2.88985 2.95169 1.80989 1.80026 2.00466 2.25188 1.86267 1.71619 2.5022 1.67827 3.77863 2.42916 1.93621 3.73817 1.52892
threshold=1.0000000180025095e-35 0.97930938005447399 0.95465916395187389 0.84639626741409313 0.92109179496765148 1.0000000180025095e-35 0.6904762089252473 0.89022758603096019 1.0000000180025095e-35 0.58571431040763866 0.90366768836975109 0.92031747102737438 1.5000000000000002 0.95394170284271251 0.87570226192474376 0.90002635121345531 0.80558601021766674 0.18214384466409686 0.81666666269302379 0.44887380301952368 1.5000000000000002 0.88194444775581371 12.500000000000002 0.66684478521347057 0.1695402339100838 0.21807064861059192 0.90054944157600414 0.92907443642616283 0.89827585220336925 0.89512962102890026
decision_type=2 2 2 2 2 2 2 2 2 2 2 2 2 2 2 2 2 2 2 2 2 2 2 2 2 2 2 2 2 2
left_child=-1 2 3 4 7 6 -4 14 10 24 -9 12 -12 -13 -2 16 -16 -11 19 21 -21 -17 23 29 25 -10 -27 -28 -29 -19
right_child=1 -3 5 -5 -6 -7 -8 8 9 17 11 13 -14 -15 15 18 -18 22 -20 20 -22 -23 -24 -25 -26 26 27 28 -30 -31
leaf_value=0.030460647507332506 -0.00041542701374866443 0.051709711464964503 -0.061671119500418141 0.050712367234283628 -0.10189797936687797 0.050271863985360113 0.050818527668096782 0.067931054470448268 -0.077915702139680923 -0.13028916337117505 0.054631823908371749 -0.076730342781890046 -0.075421584674194506 -0.001716131464151357 -0.042682954820260056 -0.026462207302897629 0.065881224420303627 0.041331245219581814 0.060219770869178194 -0.17864898759328054 -0.013705894410222033 -0.089895225878733234 -0.07929439783017761 0.043510490447773831 0.059006710200027124 -0.041719333841591377 0.063017523444679188 0.044835734498294547 -0.066458311317960095 0.0015281273941720364
leaf_weight=2.440956946444202 341.89001255932362 0.78498295300232612 1.6100987614481703 1.2216365632048098 0.29588378341941179 0.29927957097970637 0.20320405592065061 0.99892829137388872 0.93216815307823608 0.25084323306509659 0.49952825219225205 1.1389958897198109 3.1984523188184539 18.377951188074803 0.9418824438143959 2.4661704971804292 1.8673840602859852 2.4946639954214325 0.58993863116484213 0.2110629640519609 10.56009294812611 2.1805776655528462 0.61040209770726406 3.9796426785615031 3.3146911889562025 1.0877422925550471 3.8385434444498969 2.5646633267315342 1.0689728544384705 73.368718409419671
leaf_count=5658 110453 4255 57 2443 138 1039 148 180 28 5 116 159 226 2089 86 29 105 182 49 87 929 13 485 4956 847 20 93 27 41 6182
internal_value=2.29019e-05 -0.000130971 -0.000215388 -6.23099e-05 -0.000191879 -0.0349926 -0.0490652 -0.000128979 0.00344616 0.0071726 -0.0109449 -0.0143389 -0.0578538 -0.00609391 -0.00129581 -0.0172915 0.0294822 0.00380769 -0.0255 -0.0287799 -0.016938 -0.0562294 0.00422579 0.0048643 0.0283772 0.0176812 0.0280916 0.0382542 0.0120943 0.002837
internal_weight=485.288 482.847 482.062 479.95 478.728 2.11258 1.8133 478.432 117.725 93.5111 24.2139 23.2149 3.69798 19.5169 360.707 18.8171 2.80927 80.7043 16.0078 15.4179 10.7712 4.64675 80.4534 79.843 12.8068 9.49209 8.55992 7.47218 3.63364 75.8634
internal_count=141125 135467 131212 129968 127525 1244 205 127387 15636 12866 2770 2590 342 2248 111751 1298 191 11810 1107 1058 1016 42 11805 11320 1056 209 181 161 68 6364
is_linear=0
shrinkage=0.05


Tree=203
num_leaves=31
num_cat=0
split_feature=13 8 26 8 26 26 9 12 12 19 22 25 7 7 8 26 4 20 8 25 9 20 9 22 6 7 4 7 8 30
split_gain=0.839545 3.02811 2.2673 1.48494 2.08273 2.19036 1.9355 1.67508 1.49491 1.36733 2.47208 1.17222 1.14129 1.49253 1.14099 1.58703 1.31378 2.50667 2.69721 2.19076 1.70901 1.58463 1.79352 1.70847 1.69906 6.14478 3.53365 3.0308 7.81951 2.53367
threshold=2.5000000000000004 0.65450927615165722 0.27308239042758947 0.19098278135061267 0.2145502641797066 0.15610665082931521 0.50190633535385143 1.0000000180025095e-35 0.56562754511833202 0.61721614003181469 0.55413547158241283 1.0000000180025095e-35 0.63733074069023143 0.72318005561828624 1.0000000180025095e-35 0.034632682800292976 0.31666667759418493 0.24264705926179889 0.82891985774040233 1.0000000180025095e-35 0.56805637478828441 0.93933823704719555 0.77798241376876842 0.93957647681236278 1.5000000000000002 0.3364779949188233 0.41428571939468389 0.53907206654548656 0.68090909719467174 0.75012490153312694
decision_type=2 2 2 2 2 2 2 2 2 2 2 2 2 2 2 2 2 2 2 2 2 2 2 2 2 2 2 2 2 2
left_child=14 2 3 4 5 7 -7 -2 -9 10 -4 -5 -3 -14 15 -1 17 -16 19 -19 -18 24 23 -23 25 -22 27 29 -29 -26
right_child=1 12 9 11 -6 6 -8 8 -10 -11 -12 -13 13 -15 16 -17 20 18 -20 -21 21 22 -24 -25 26 -27 -28 28 -30 -31
leaf_value=0.075712022919791566 -0.1254815574027616 0.099210242707107127 -0.02435227444792519 -0.011871338222592311 0.059054499040494035 0.0023789326526482001 -0.11318443239790972 0.036439111028835555 -0.011844953767230351 -0.072772555055559018 0.060368285236663682 0.044857677216839115 -0.023184406541220504 0.064858123712689508 -0.032698993538189024 -0.0051314552189994029 0.037090135984786367 -0.034415444902404217 0.054673729388518055 -0.0019626240989996332 0.053188112712549453 0.050723206451268855 0.050110644108171488 -0.074663308656102323 -0.036209632449944823 -0.0022658459058930388 0.00023966147798886958 0.076007378135086665 -0.025986237526680202 0.097613242680173296
leaf_weight=1.1677174241503956 0.24044954891178871 0.99379111227608463 5.5993011735845348 1.1345043176170282 1.3524569943001541 0.6395250947189195 0.83589385318555287 2.8097998425982951 3.7325596979899274 1.0487961411417925 1.0175152970623456 4.6145687992684543 0.73737014109065091 1.3864982226805294 8.4456021949699771 1.264389531994311 3.1521726957671481 5.8472097664671301 1.9267594822958916 47.00520414042694 6.7486932396277579 0.45859643742733058 3.1103892645587621 0.66651851798087591 14.957379372463038 19.229881978736557 335.03055189687802 2.6354513057740387 6.5488437381573021 0.36226214731141304
leaf_count=52 11 501 3542 2344 275 199 147 823 706 51 46 2879 296 181 61905 385 4565 1978 744 6385 1066 300 13787 176 8405 2550 25363 218 1198 47
internal_value=2.46345e-05 0.00873977 0.00247812 0.0135623 0.00153813 -0.00788137 -0.0630931 0.00412847 0.00889199 -0.0197314 -0.0113242 0.0336629 0.054985 0.0342913 -0.000472228 0.0336836 -0.00065435 -0.00734376 -0.0034346 -0.00555297 0.000422096 0.000125535 0.030542 -0.0235558 -0.00020864 0.0121399 -0.0011009 -0.0194298 0.00328103 -0.0330451
internal_weight=484.701 26.143 23.0254 15.3598 9.61069 8.25823 1.47542 6.78281 6.54236 7.66561 6.61682 5.74907 3.11766 2.12387 458.558 2.43211 456.126 63.2248 54.7792 52.8524 392.901 389.749 4.2355 1.12511 385.513 25.9786 359.534 24.5039 9.1843 15.3196
internal_count=141125 12001 11023 7384 2161 1886 346 1540 1529 3639 3588 5223 978 477 129124 437 128687 71012 9107 8363 57675 53110 14263 476 38847 3616 35231 9868 1416 8452
is_linear=0
shrinkage=0.05


Tree=204
num_leaves=31
num_cat=0
split_feature=38 32 32 19 20 4 7 6 24 26 12 11 11 13 7 20 28 28 11 10 5 7 20 25 4 10 5 10 10 10
split_gain=0.856255 0.821566 0.961493 0.906234 0.808047 0.888025 0.795879 0.770004 0.701467 1.43473 1.52461 0.861765 2.13207 2.51124 2.04202 2.46368 2.0571 2.0591 3.05761 2.91635 2.79923 1.90718 3.57653 2.35833 2.3262 2.09296 1.88686 1.83545 2.42275 1.97154
threshold=1.0000000180025095e-35 0.0024216035380959515 0.0071364908944815406 0.35857143998146063 0.15587044507265094 0.19090909510850909 0.39433813095092779 5.5000000000000009 0.75000000000000011 0.093883547931909575 0.063508063554763808 0.10102041065692903 0.26138716936111456 1.5000000000000002 0.17274536192417148 0.89181286096572887 0.22858179360628131 0.25991028547286993 0.29679679870605474 0.6776927411556245 0.73214286565780651 0.72850123047828685 0.59166666865348827 1.0000000180025095e-35 0.58571431040763866 0.78738203644752514 0.73214286565780651 0.95488464832305919 0.96039214730262767 0.79118219017982494
decision_type=2 2 2 2 2 2 2 2 2 2 2 2 2 2 2 2 2 2 2 2 2 2 2 2 2 2 2 2 2 2
left_child=4 3 6 -2 5 -1 -3 8 11 10 -10 21 13 27 -14 16 -16 18 -18 20 -20 22 -4 -24 26 -23 -25 29 -29 -13
right_child=1 2 7 -5 -6 -7 -8 -9 9 -11 -12 12 14 -15 15 -17 17 -19 19 -21 -22 25 23 24 -26 -27 -28 28 -30 -31
leaf_value=-0.05749241837006204 -0.052064667218207794 -0.059913333075778501 -0.024381914779430379 0.06322647883988998 0.050221726622873865 0.050725427833365561 0.026943208414170153 0.054046941241409241 -0.043249308839265345 -0.02019180087378903 0.074883951291754944 0.021358147032949516 -0.049949432234558278 -0.019452830410143482 0.022141112800868567 0.040103930309499089 0.10027713452431904 -0.00017999899360802578 -0.055491371951091273 -0.068660356283263002 0.038795774174012365 0.050054421334767819 -0.030758868863166668 0.0020909095355100232 -0.037356130612002672 0.0027341073064152677 0.047711174360596159 -0.11597849515134405 0.045462347759818333 0.068376488091098905
leaf_weight=0.44989209529012386 0.2084478242750254 1.1603567211286634 22.174511374248141 0.93495152411560412 1.6031929363271045 0.32761421598843299 0.34132554167808837 0.65568048391287348 0.33744853046664447 1.1077063113152688 1.4327029945125103 6.282498385808136 2.0289543249746194 3.105508501364965 10.110934817279484 3.855766827822662 0.43838740175124158 332.5518559481352 1.3875486122669827 3.3598880065146659 1.8192963915171276 2.9992506039561695 6.2045231787196817 57.664811189169995 3.6259254407632389 10.578085660043142 2.3592783877102184 0.4661325615707036 0.4634457314532483 3.4559641305932018
leaf_count=14 796 1460 78561 3398 5395 249 127 336 451 489 376 1777 1209 1420 496 10261 107 29453 406 40 32 138 468 1499 265 1101 341 23 132 305
internal_value=2.3647e-05 -0.000124368 -0.000225215 0.0422083 0.0299358 -0.0118932 -0.0401712 -9.98429e-05 -0.000174146 0.0244367 0.0523639 -0.000323276 0.000815631 0.0201173 6.79162e-05 0.000354977 -8.33319e-05 -0.000745106 -0.0275722 -0.0361073 -0.00200071 -0.00430626 -0.00688713 -0.00133361 0.00153473 0.0131872 0.00388404 0.0316363 -0.0354914 0.0380439
internal_weight=483.492 481.111 479.968 1.1434 2.3807 0.777506 1.50168 478.466 477.81 2.87786 1.77015 474.933 369.326 13.7735 355.553 353.524 349.668 339.557 7.00512 6.56673 3.20685 105.606 92.029 69.8545 63.65 13.5773 60.0241 10.668 0.929578 9.73846
internal_count=141125 135467 131273 4194 5658 263 1587 129686 129350 1316 827 128034 45661 3657 42004 40795 30534 30038 585 478 438 82373 81134 2573 2105 1239 1840 2237 155 2082
is_linear=0
shrinkage=0.05


Tree=205
num_leaves=31
num_cat=0
split_feature=38 23 28 30 27 28 25 4 20 4 32 32 10 32 10 29 32 26 32 26 19 29 10 10 13 21 19 9 35 10
split_gain=0.81329 0.792982 0.781324 0.946212 1.17385 1.05542 0.890907 0.816824 0.769183 0.840953 0.750753 2.80748 1.75514 1.90705 2.99854 1.53203 2.72772 2.33714 2.90575 2.22848 6.15934 2.41872 3.12637 3.07508 2.4295 2.93677 3.17576 2.54076 2.25445 2.52148
threshold=1.0000000180025095e-35 3.5000000000000004 0.97930938005447399 0.95465916395187389 0.84639626741409313 0.92109179496765148 1.0000000180025095e-35 0.6904762089252473 0.15587044507265094 0.19090909510850909 0.033347966149449355 0.027881701476871971 0.79431909322738659 0.013172354083508255 0.74464204907417308 0.18414442986249926 0.07502345368266107 0.17083594202995303 0.11773832887411119 0.53416875004768383 0.11651583760976793 0.039886362850666053 0.65345367789268505 0.6838774085044862 1.5000000000000002 1.5000000000000002 0.096006143838167204 0.90381237864494335 1.0000000180025095e-35 0.83910790085792553
decision_type=2 2 2 2 2 2 2 2 2 2 2 2 2 2 2 2 2 2 2 2 2 2 2 2 2 2 2 2 2 2
left_child=8 2 3 4 5 10 7 -5 9 -1 11 12 13 14 -2 19 -17 18 -18 20 -12 -21 -23 -24 25 -25 -27 -28 29 -29
right_child=1 -3 -4 6 -6 -7 -8 -9 -10 -11 15 -13 -14 -15 -16 16 17 -19 -20 21 -22 22 23 24 -26 26 27 28 -30 -31
leaf_value=-0.057121128755068501 -0.055563695635437164 0.057647768604006583 0.051685771672160291 -0.057941305483382305 0.050698918604772214 -0.092417101585672748 0.050268044571997322 0.050779751632440889 0.050211294449828373 0.050692175657244126 -0.050139094186356516 -0.067099041440878679 -0.029398649168109189 0.035981915438207293 0.067690073044431934 0.042883324264270474 -0.037151035253283053 0.021378941364101831 0.003162767427928865 -2.7053982086841117e-05 -0.0038246531605803783 0.052970666897190377 -0.066050266391911014 0.064054194738743894 0.069635506852342002 -0.093397125342668461 -0.018030720701515967 0.055566750527769881 0.050705810658647425 -0.072609093014513668
leaf_weight=0.43066195491701309 1.7371109841678829 0.5933602591539956 0.72474702576800965 1.6297865064698265 1.1335711340907426 0.31035318595240724 0.27408453471798555 0.19324329708251742 1.525313157977507 0.31183555294410326 7.7302251801520461 1.9704556071737886 3.6420728825596598 3.8727493367596253 0.68925150363429555 4.9818996784160836 5.063129012247372 14.942352119807763 38.144252477930422 270.03745836541202 100.60211928798162 4.7880135166924473 1.3201386067667069 1.9162370728445228 1.7115531121380616 0.89139092911500384 5.8792325220128969 0.64792159327771315 3.7582101856824028 0.94085492633166723
leaf_count=14 4181 468 4214 57 2368 136 1011 147 5395 249 72837 1897 457 4861 74 833 526 5423 10924 15276 9086 111 28 38 32 17 164 17 241 43
internal_value=2.26478e-05 -0.000118449 -0.000189928 -0.000268449 -0.000121025 -0.000242158 -0.0337804 -0.0464167 0.0298948 -0.0118415 -0.000181967 -0.0125762 -0.0017692 0.0142058 -0.0205513 0.000136657 0.00737559 0.00433351 -0.00156129 -0.00100522 -0.00712949 0.00126774 0.0172671 0.00724991 0.0133956 0.00653664 -0.00255898 0.0046538 0.0295964 -0.0203375
internal_weight=482.394 480.126 479.532 478.808 476.711 475.577 2.09711 1.82303 2.26781 0.742498 475.267 11.9116 9.94118 6.29911 2.42636 463.355 63.1316 58.1497 43.2074 400.223 108.332 291.891 21.8536 17.0655 15.7454 14.0338 12.1176 11.2262 5.34699 1.58878
internal_count=141125 135467 134999 130785 129570 127202 1215 204 5658 263 127066 11470 9573 9116 4255 115596 17706 16873 11450 97890 81923 15967 691 580 552 520 482 465 301 60
is_linear=0
shrinkage=0.05


Tree=206
num_leaves=31
num_cat=0
split_feature=13 8 26 28 8 32 30 8 10 19 13 32 32 12 8 26 26 19 29 12 10 7 29 26 32 7 32 32 27 4
split_gain=0.774893 2.75907 2.10474 1.4002 1.37064 1.84669 1.60801 1.36057 2.06202 1.98026 1.82298 1.56214 2.07217 1.25624 1.08943 1.474 1.22816 4.66587 2.23695 2.34459 2.52093 2.73479 2.56979 2.59311 2.3708 2.40117 2.28113 2.14191 3.68778 2.46427
threshold=2.5000000000000004 0.65450927615165722 0.27308239042758947 0.13997971266508105 0.2149859964847565 0.57149016857147228 0.25640980899333959 0.19098278135061267 0.25677657127380377 0.68585526943206798 3.5000000000000004 0.87928041815757763 0.62327381968498241 0.71010184288024913 1.0000000180025095e-35 0.034632682800292976 0.33023196458816534 0.12060606107115747 0.039886362850666053 0.30368906259536749 0.54446640610694896 0.72850123047828685 0.15063025802373889 0.74731057882308971 0.022232520394027237 0.38548950850963598 0.15298207104206088 0.75047892332077037 0.30557601153850561 0.64583334326744091
decision_type=2 2 2 2 2 2 2 2 2 2 2 2 2 2 2 2 2 2 2 2 2 2 2 2 2 2 2 2 2 2
left_child=14 2 7 -4 6 -6 -5 8 9 10 -2 12 -10 -12 15 -1 17 -16 -18 20 -20 -22 23 27 -21 26 -26 28 -23 -29
right_child=1 -3 3 4 5 -7 -8 -9 11 -11 13 -13 -14 -15 16 -17 18 -19 19 24 21 22 -24 -25 25 -27 -28 29 -30 -31
leaf_value=0.07452496488318483 -0.043172051621196243 0.052970843161574521 0.043410101253578318 -0.019864841953342566 -0.060302534452774163 0.042960790340590221 0.071334454776930026 0.032771483446549697 -0.080509316128856798 0.053961525351865547 0.041962577431037693 -0.095564512328104645 0.02216392612321447 -0.046280325115119002 -0.050251445951524622 -0.004239564082141171 -0.00061262142565959453 -0.0027106514485180431 0.054312349095196534 -0.099242343861827495 -0.0097595937399093113 0.058147743769512733 0.054438726841081635 0.060432180194360731 0.045712660364259708 0.059977860622944773 -0.033827079191281272 0.050116071924017083 -0.031676506533839952 -0.066271480474770939
leaf_weight=1.1342233107407076 1.7015473789651929 3.0672962555800032 0.79924583585488918 2.3566173417166287 3.2658498720029461 0.49912214156938706 0.60803769846825151 5.593353978914819 0.73513955483576943 2.3618109918170376 1.9804589308187135 0.74492287151224434 1.4822655625685 0.5064639689408067 5.3689193046748178 1.2470735742408576 269.99258819095485 133.31770855689319 2.4688484068828975 0.32285481572762265 19.780328916633152 2.2974311701254901 3.7894476270776059 1.7330312016711102 1.8604206331146982 5.3361030099113123 1.7486809552647171 0.57325024710735339 2.2733459634473547 2.2009025587904034
leaf_count=52 157 978 264 1058 2271 22 24 5223 1111 543 229 9 41 71 59665 385 31170 34064 116 35 1373 127 1424 73 130 222 99 29 79 81
internal_value=2.23421e-05 0.00846901 0.00243846 -0.0191584 -0.0265893 -0.0466129 -0.00116027 0.0132024 0.00169591 0.0173509 -0.00329319 -0.0329204 -0.0118755 0.0239918 -0.000454328 0.0332764 -0.000631616 -0.00455108 0.00109744 0.0114998 0.00559608 0.00191212 0.0198544 0.00541769 0.0338689 0.0386732 0.00717409 -0.00756294 0.0134723 -0.0422212
internal_weight=481.147 25.7021 22.6348 7.52887 6.72963 3.76497 2.96466 15.106 9.51261 6.55028 4.18847 2.96233 2.21741 2.48692 455.445 2.3813 453.064 138.687 314.377 44.3846 35.1166 32.6477 12.8674 9.07796 9.26806 8.9452 3.6091 7.34493 4.57078 2.77415
internal_count=141125 12001 11023 3639 3375 2293 1082 7384 2161 1000 457 1161 1152 300 129124 437 128687 93729 34958 3788 3302 3186 1813 389 486 451 229 316 206 110
is_linear=0
shrinkage=0.05


Tree=207
num_leaves=31
num_cat=0
split_feature=23 28 30 27 28 26 26 13 10 28 27 9 6 10 22 4 22 19 9 30 28 27 5 12 26 26 10 13 30 10
split_gain=0.769208 0.739978 0.844589 1.12296 0.905737 0.811754 1.10068 1.49464 0.909079 0.76624 1.59379 1.3497 1.35845 1.28978 1.40151 1.14669 1.03491 0.945987 0.872693 0.867461 0.908324 4.17373 2.73269 2.69388 1.93701 4.18558 1.58033 1.28315 1.24023 3.85885
threshold=3.5000000000000004 0.97930938005447399 0.95465916395187389 0.84639626741409313 0.92109179496765148 0.04095610789954663 0.038585608825087554 1.0000000180025095e-35 0.93582704663276683 0.85002005100250255 0.69567963480949413 0.90381237864494335 3.5000000000000004 0.90999102592468273 0.9260777235031129 0.58571431040763866 0.95393458008766185 0.23904761672019961 0.9506518840789796 0.81823909282684337 0.78581902384758007 0.564741611480713 0.77500000596046459 0.32392686605453497 0.18221344053745273 0.034632682800292976 0.87939393520355236 1.5000000000000002 0.71910980343818676 0.83910790085792553
decision_type=2 2 2 2 2 2 2 2 2 2 2 2 2 2 2 2 2 2 2 2 2 2 2 2 2 2 2 2 2 2
left_child=1 2 3 4 9 6 7 8 -4 10 19 16 17 14 -14 18 -11 -13 -12 20 21 28 24 -24 25 -22 -26 -25 -1 -30
right_child=-2 -3 5 -5 -6 -7 -8 -9 -10 11 15 12 13 -15 -16 -17 -18 -19 -20 -21 22 -23 23 27 26 -27 -28 -29 29 -31
leaf_value=2.7516745453690284e-05 0.057068984864794482 0.051614754761429432 -0.075515032876434393 0.050661975527788075 -0.083496544198514155 0.050502805616458014 -0.14724327206690013 0.051246510978180573 0.050566707492619593 -0.05760821962303906 -0.018217405848871958 -0.040939519390463842 -0.095443105883179336 0.050772886128013797 0.053402398832174285 0.050499088639959881 0.05058984788353918 0.052713235824863827 -0.092261364985975994 0.053380452485001867 -0.050954513296947071 0.059503428631175262 0.051405845866017097 -0.069523639726161296 -0.11715018933832633 0.055317626603400928 0.050498133126685135 0.059477374131882511 -0.051753060388395146 0.052361665843534792
leaf_weight=449.72650983359654 0.59018117972300288 0.6921085278991076 1.0222017382548068 1.0920193707606802 0.32534575968747859 0.26249754970194761 0.22442593394953281 0.42632878965741827 0.16621455847780442 0.87877470989042084 0.68031364857597398 0.29371083341538939 0.57168460088723783 0.46372211337438785 0.21862953802701668 0.26540593876416085 0.29526394462300232 3.290122697057086 0.95876992854391574 0.75745830269079206 3.4023005189119413 2.9422301954364221 2.2722772258021 0.91344096776811035 1.0110816520900696 1.2732635799875422 0.16326727928390017 0.24432695361974766 3.5538000189626464 1.1872957281375418
leaf_count=121057 637 4214 50 2461 137 549 3 282 372 101 94 4 97 1393 110 238 211 3656 110 348 491 860 1988 131 85 469 128 115 350 384
internal_value=2.20701e-05 -4.81338e-05 -0.0001228 1.66123e-05 -9.96522e-05 -0.0317496 -0.0434892 -0.0290689 -0.057881 -4.25741e-05 -0.000269768 0.0176945 0.0293652 -0.015425 -0.054267 -0.0459169 -0.030397 0.045038 -0.0615289 -8.37909e-05 -0.000170566 0.000143627 -0.0156572 0.0197766 -0.0364334 -0.0220142 -0.0938424 -0.0423002 -0.000240669 -0.02568
internal_weight=480.165 479.575 478.883 476.781 475.689 2.10167 1.83917 1.61475 1.18842 475.364 469.352 6.01191 4.83787 1.25404 0.790314 1.90449 1.17404 3.58383 1.63908 467.447 466.69 457.41 9.27996 3.43005 5.84991 4.67556 1.17435 1.15777 454.468 4.7411
internal_count=141125 140488 136274 135018 132557 1256 707 704 422 132420 126848 5572 5260 1600 207 442 312 3660 204 126406 126058 122651 3407 2234 1173 960 213 246 121791 734
is_linear=0
shrinkage=0.05


Tree=208
num_leaves=31
num_cat=0
split_feature=38 32 32 19 7 20 5 23 11 13 7 21 37 37 32 7 9 11 28 28 7 28 28 11 11 32 21 11 5 7
split_gain=0.778074 0.76433 0.834714 0.798773 0.743141 0.710121 0.789706 0.702756 0.646792 2.18294 5.11125 2.50937 2.06336 2.00072 1.73779 1.71036 7.04427 3.62109 5.58709 5.33831 5.36114 5.35646 4.48896 8.00136 3.54078 4.21692 3.32768 3.62191 2.57918 2.58438
threshold=1.0000000180025095e-35 0.0024216035380959515 0.0071364908944815406 0.35857143998146063 0.39433813095092779 0.15587044507265094 0.46428571641445165 3.5000000000000004 0.078461539000272765 1.0000000180025095e-35 0.77913278341293346 8.5000000000000018 1.0000000180025095e-35 1.0000000180025095e-35 0.14934465289115909 0.55684757232666027 0.93958669900894176 0.58898946642875682 0.41995696723461157 0.46082948148250585 0.93440860509872448 0.29019308090209966 0.4052733331918717 0.32200460135936743 0.50641027092933666 0.86385703086853038 6.5000000000000009 0.16869919002056125 0.81666666269302379 0.73746865987777721
decision_type=2 2 2 2 2 2 2 2 2 2 2 2 2 2 2 2 2 2 2 2 2 2 2 2 2 2 2 2 2 2
left_child=5 3 4 -2 -3 6 -1 8 9 10 11 14 15 -12 -4 16 -10 19 -19 20 21 -17 -23 -24 25 -25 27 -21 29 -20
right_child=1 2 7 -5 -6 -7 -8 -9 12 -11 13 -13 -14 -15 -16 17 -18 18 28 26 -22 22 23 24 -26 -27 -28 -29 -30 -31
leaf_value=-0.056711548160370134 -0.051860174717691936 -0.05807176925051058 0.0035235512939911654 0.061680443966949064 0.027090691731153811 0.050202005372482851 0.050660873244438957 0.057056772833737404 0.0030048287363390025 0.00082040144809827388 0.058030070478054009 0.040910578410548203 0.04683893810425592 -0.079533762382992229 -0.032466875642357743 0.0075266327617723606 0.064374240678662209 0.019348082172101433 0.0084920563806877587 -0.093424093149330451 0.06976341511831563 -0.056909012439228614 0.087243466100478964 -0.061733406024993435 -0.070979247214841654 0.043215263201110202 -0.055612175478095049 0.034377669851730429 0.0010730182948458561 -0.018952131634801084
leaf_weight=0.40367651078849975 0.18750905367687554 1.1019078939334566 4.0204916531311126 0.89081741162226535 0.33374932244987565 1.4393591099869807 0.29741271788952872 0.53734605077988717 106.00307302456895 76.048395508249087 2.8234276226939978 1.4638384842692165 2.4206663257609753 0.29161119817217684 20.232317937423431 7.6881990764377397 4.8917585163944741 34.691784370887035 11.20467856295363 0.59129107339685916 1.4401044321566576 15.259457764896071 1.6459611404316072 1.6770331802545118 3.5193927291911677 2.229791197925806 1.422710027622087 8.8798045931507641 129.35846352123554 36.594865430452046
leaf_count=14 796 1460 11332 3398 127 5395 249 436 17898 56403 308 114 6886 132 13686 90 472 353 885 64 25 362 60 131 71 14 372 1188 15556 2848
internal_value=2.39255e-05 -0.000110919 -0.0002061 0.041937 -0.0382739 0.0301025 -0.0111625 -9.10266e-05 -0.000155757 -0.00362115 -0.0153365 -0.0226634 0.00082782 0.0451522 -0.0265006 0.00052442 0.00571194 -0.00172094 0.000998932 -0.014712 -0.0246097 -0.0288542 -0.0403497 -0.0124967 -0.0346033 -0.00183473 0.0156884 0.0263989 -0.00259427 -0.0125189
internal_weight=479.591 477.45 476.372 1.07833 1.43566 2.14045 0.701089 474.936 474.399 104.88 28.8317 25.7166 369.519 3.11504 24.2528 367.098 110.895 256.204 211.85 44.3537 33.4599 32.0198 24.3316 9.07218 7.42622 3.90682 10.8938 9.4711 177.158 47.7995
internal_count=141125 135467 131273 4194 1587 5658 263 129686 129250 81975 25572 25132 47275 440 25018 40389 18370 22019 19642 2377 753 728 638 276 216 145 1624 1252 19289 3733
is_linear=0
shrinkage=0.05


Tree=209
num_leaves=31
num_cat=0
split_feature=38 6 32 32 10 23 10 20 26 30 30 30 12 10 10 13 10 11 10 26 23 5 26 30 30 30 10 12 27 10
split_gain=0.739103 0.724823 0.715561 0.76974 0.712488 0.691055 1.97175 1.85289 1.90678 1.37044 4.72334 2.58345 2.97964 2.39122 2.41034 2.23435 3.3308 2.29074 3.24329 2.25503 2.20951 2.72075 2.03915 2.62709 2.00392 1.91404 2.70394 1.89042 1.85411 1.50541
threshold=1.0000000180025095e-35 5.5000000000000009 0.0024216035380959515 0.0071364908944815406 0.7320508360862733 1.0000000180025095e-35 0.84660634398460399 0.3717105239629746 0.31319215893745428 0.23536372184753421 0.24305506795644763 0.22033851593732837 0.63373982906341564 0.30068494379520422 0.41206791996955877 1.5000000000000002 0.33498349785804754 0.26138716936111456 0.33137255907058721 0.6006993055343629 1.5000000000000002 0.22500000149011615 0.026432231068611148 0.37647016346454626 0.30188639461994177 0.31413565576076513 0.39801980555057531 0.29679679870605474 0.14177966862916949 0.27334994077682501
decision_type=2 2 2 2 2 2 2 2 2 2 2 2 2 2 2 2 2 2 2 2 2 2 2 2 2 2 2 2 2 2
left_child=-1 2 4 -4 -2 -5 9 8 -8 11 -11 12 13 27 -15 16 -12 18 28 20 21 24 -20 -24 -18 -26 -27 -7 -17 -29
right_child=1 -3 3 5 -6 6 7 -9 -10 10 15 -13 -14 14 -16 17 19 -19 22 -21 -22 -23 23 -25 25 26 -28 29 -30 -31
leaf_value=0.03006502136543901 -0.033713746047232922 0.053732893016795839 -0.037239478129666097 -0.0010239052972124628 0.064160327374190501 0.0071026387209702866 -0.067445148424306545 0.036044268213794459 0.028151664784169351 -0.083984485113052121 -0.042531913336854528 0.057098008658021351 -0.03843024877529444 -0.058883220683185647 0.017976499685402905 0.006248004643620745 -0.056659490526096562 0.058907376829322747 -0.04898375000761878 0.042744774140074077 0.03101465304022475 -0.019790912858963339 -0.039680111011109388 0.051716091224401475 0.12715685432384005 -0.05764641434193684 0.054096470855746807 0.036133163544594914 0.058503193652139296 0.1048092379810163
leaf_weight=2.0386826356079828 0.2426521598945317 0.62434872293670096 1.4035394859902215 392.43350486092004 0.79564941403077682 5.2821536681731285 0.98647301580058266 7.8522308508727292 1.1069412395590914 1.7497622653827409 5.6821616348461239 2.758077288108324 3.2180856390950785 1.8886162638082158 2.2179907220488531 3.6456757385676593 0.61681685638178452 2.5227278790589471 3.0008851856255205 2.7177236533461828 3.6029628306678196 17.455934485595208 1.4887413677861334 1.6662356771121265 0.54490947027079562 0.73450778506230596 2.0588852616783697 3.8803419116302393 3.1766713179968065 1.004545261559542
leaf_count=5658 875 414 1585 107281 3243 75 24 13789 24 62 83 164 105 62 546 43 22 1286 448 131 985 3470 176 222 8 12 135 108 80 9
internal_value=2.36185e-05 -0.00010495 -0.000175606 -0.000266297 0.0412871 -0.000156654 0.00405233 0.0249011 -0.0168961 0.00112832 -0.003266 0.0121228 0.00503117 0.0148298 -0.0173711 -0.000378572 -0.00765705 0.0153109 0.0068366 -0.000511278 -0.00521096 -0.0113069 -0.0194769 0.0085889 0.0261376 0.0414359 0.0247143 0.0278362 0.0305794 0.050256
internal_weight=478.398 476.36 475.735 474.697 1.0383 473.294 80.8601 9.94565 2.09341 70.9144 50.6646 20.2498 17.4917 14.2736 4.10661 48.9148 33.4139 15.5009 12.9782 27.7317 25.014 21.4111 6.15586 3.15498 3.95512 3.3383 2.79339 10.167 6.82235 4.88489
internal_count=141125 135467 135053 130935 4118 129350 22069 13837 48 8232 7163 1069 905 800 608 7101 4846 2255 969 4763 4632 3647 846 398 177 155 147 192 123 117
is_linear=0
shrinkage=0.05


Tree=210
num_leaves=31
num_cat=0
split_feature=23 6 38 20 4 30 30 27 25 38 8 5 20 10 10 10 10 10 10 10 4 10 10 6 10 10 6 10 21 21
split_gain=0.686188 0.681189 0.671232 0.699411 0.74491 0.672508 0.736125 1.04724 0.76145 0.737879 1.96088 3.11788 2.91585 2.72771 4.34922 4.06574 1.45959 1.37333 3.56502 2.145 1.65691 2.59564 1.53611 1.35427 3.72712 3.33338 4.70391 4.23452 1.90581 3.11711
threshold=3.5000000000000004 5.5000000000000009 1.0000000180025095e-35 0.15587044507265094 0.19090909510850909 0.98058021068573009 0.95465916395187389 0.84639626741409313 1.0000000180025095e-35 2.5000000000000004 0.95553359389305126 0.81666666269302379 0.53589746356010448 0.82426470518112194 0.88273492455482494 0.75582656264305126 0.78319624066352855 0.92403846979141246 0.93127068877220165 0.90366768836975109 0.58571431040763866 0.91331186890602123 0.92031747102737438 2.5000000000000004 0.91545844078063976 0.88273492455482494 3.5000000000000004 0.87138131260871898 2.5000000000000004 3.5000000000000004
decision_type=2 2 2 2 2 2 2 2 2 2 2 2 2 2 2 2 2 2 2 2 2 2 2 2 2 2 2 2 2 2
left_child=1 2 3 4 -1 6 7 9 -8 -4 -11 13 23 15 -15 -12 -17 19 -19 -16 -21 -22 -23 24 -13 26 27 -25 -27 -30
right_child=-2 -3 5 -5 -6 -7 8 -9 -10 10 11 12 -14 14 17 16 -18 18 -20 20 21 22 -24 25 -26 28 -28 -29 29 -31
leaf_value=-0.056553606766528819 0.056535993264505438 0.053208577208847058 -0.0013185855180633777 0.050189544547334979 0.050612930794062122 0.051692221669732169 -0.041626572754694856 0.050650721078462538 0.05025664816808887 0.032718935208724924 -0.042496319547650499 0.0080814111109682348 0.050458325456665946 -0.062847806260508551 -0.030009058701232768 0.10717224256613274 0.030062621370361149 -0.079322626207336072 0.00686466033962154 0.077166540505033465 -0.13335184092663935 0.064102644689260191 -0.045423634880031871 0.03512992413619058 -0.026765902520385937 0.020470386546903974 -0.093148102796405466 -0.060484677575322637 0.026858223099355222 -0.13693982512231867
leaf_weight=0.39539164863526721 0.53655323708880942 0.59986176204620179 368.34259358504096 1.3104062367528966 0.2748860371648334 0.6228656417770243 1.8014659201689931 1.0116710322708957 0.2577406767195497 5.4302859302479183 1.65913580573397 24.839041610743152 3.5806180924446371 5.2135071212469475 1.9434885030495914 0.94199101845151778 1.7609065910801289 1.9062305277766425 3.2376748885762936 1.4087500798268595 0.28608766473189451 1.0548796577058963 0.45960967254359264 3.4464429049985474 11.103104690962935 29.419452122849183 1.6848712689243255 1.7438944927707778 0.66881529084639513 0.5134190667886287
leaf_count=14 637 415 113395 5225 249 4036 218 2345 1059 3295 43 437 7393 158 67 22 64 118 235 38 42 60 34 63 359 953 24 33 72 22
internal_value=2.39626e-05 -3.96157e-05 -0.000106675 0.0289398 -0.0126038 -0.000227964 -0.000296231 -0.000165997 -0.030126 -0.00027523 0.00348141 0.00184246 0.00639947 -0.0158147 -0.0256386 0.0191162 0.0569362 -0.00679852 -0.0250747 0.011446 0.0365502 0.00477242 0.0308642 0.00425074 -0.00268348 0.010901 -0.0205591 0.0030045 0.017969 -0.0442758
internal_weight=477.456 476.919 476.319 1.98068 0.670278 474.339 473.716 471.656 2.05921 470.645 102.302 96.8719 76.9997 19.8723 15.5102 4.36203 2.7029 10.2967 5.14391 5.15282 3.20933 1.80058 1.51449 73.419 35.9421 37.4769 6.87521 5.19034 30.6017 1.18223
internal_count=141125 140488 140073 5488 263 134585 130549 129272 1277 126927 13532 10237 9356 881 752 129 86 594 353 241 174 136 94 1963 796 1167 120 96 1047 94
is_linear=0
shrinkage=0.05


Tree=211
num_leaves=31
num_cat=0
split_feature=28 32 20 10 10 9 20 10 20 7 8 4 26 32 29 12 32 4 38 11 26 32 29 10 20 12 11 20 7 8
split_gain=0.658652 0.711608 2.32464 2.59062 3.36641 3.48724 2.04957 2.10319 2.06332 1.79902 1.72822 1.64285 1.66559 1.61608 1.4281 2.09853 2.63412 2.93585 1.66705 1.54963 2.18071 2.02762 2.91157 1.35673 1.33015 1.32372 1.28552 1.45349 1.26823 2.47882
threshold=0.97930938005447399 0.17333914339542392 0.32291667163372045 0.77836257219314586 0.61938297748565685 0.84833145141601574 0.87867647409439098 0.93405798077583324 0.41421568393707281 0.37089946866035467 0.63762626051902782 0.240384615957737 0.43913836777210241 0.010336498264223339 0.32225275039672857 0.09175084158778192 0.29167555272579199 0.58571431040763866 1.5000000000000002 0.62331080436706554 0.027650357224047187 0.30340197682380682 0.59586465358734142 0.75905716419219982 0.70714285969734203 0.13397436589002612 0.57793521881103527 0.70714285969734203 0.5617378056049348 0.6885775923728944
decision_type=2 2 2 2 2 2 2 2 2 2 2 2 2 2 2 2 2 2 2 2 2 2 2 2 2 2 2 2 2 2
left_child=1 2 -1 4 5 11 7 8 -5 23 26 24 25 -11 -3 -16 -17 -18 -19 21 -21 -20 -23 -6 -4 -13 27 -7 29 -10
right_child=-2 14 3 6 9 10 -8 -9 28 13 -12 12 -14 -15 15 16 17 18 19 20 -22 22 -24 -25 -26 -27 -28 -29 -30 -31
leaf_value=-0.050681651386595354 0.051550194207816175 6.6532085826606678e-05 -0.042316990914482794 0.050358612536223923 -0.0086095111052963275 -0.060249519045248723 0.035003980966604092 0.038361799733375057 -0.033582296757466573 -0.042948591243112455 0.037282813372805979 0.041258586026640169 0.063381130388893869 0.040536451091426978 0.042004299555898773 0.041823195057908547 0.02955326088415916 -0.11799560836403888 -0.090783019830279241 -0.081789673643713215 0.050917453800226331 0.053435348438952972 -0.07267809577982802 0.062234785751933246 0.0089272988323899384 -0.045241143990438853 -0.11051736045601984 0.022492324686459828 -0.038016770298605548 0.034208549835129824
leaf_weight=2.6970079972643353 0.61946796519077807 405.32858808270612 2.099419912221494 0.86558538766986259 5.2008553949744956 2.540771037980448 1.8038737722108624 1.4060215543977381 3.8318775085936094 0.61824923644962737 0.54099627846153442 0.85726078338484535 1.9787158372164411 9.2909222472262609 5.0293846467466237 3.1914193967277233 2.8343451999498921 0.52421732651418995 0.50740565630258094 1.6739608592542938 0.37979877663747164 1.7019910493982027 0.62598914143018181 0.77674258690967679 3.1912717468949268 0.91369635180672049 0.90207389250281256 0.67091632742813079 12.004139075361307 2.0806959384135553
leaf_count=45898 4255 64619 1776 24 679 202 4715 1243 173 54 504 119 156 1115 10003 1326 998 162 34 209 114 294 337 58 261 269 11 110 1094 313
internal_value=2.66038e-05 -4.04396e-05 -0.00542963 -0.00306323 0.00659901 -0.0115677 -0.01606 -0.0206227 -0.0250382 0.0222595 -0.0467296 0.00653671 0.031855 0.0353277 0.000652968 0.0150865 0.00325172 -0.0116734 -0.0332589 -0.0241734 -0.0572483 -0.000216208 0.0195237 0.000596157 -0.0114071 -0.00336953 -0.0577779 -0.0429649 -0.0286807 -0.00972599
internal_weight=476.688 476.068 54.2711 51.5741 29.5819 13.6951 21.9922 20.1883 18.7823 15.8868 4.65476 9.04036 3.74967 9.90917 421.797 16.4685 11.4391 8.24771 5.41336 4.88915 2.05376 2.83539 2.32798 5.9776 5.29069 1.77096 4.11376 3.21169 17.9167 5.91257
internal_count=141125 136870 58774 12876 5314 3408 7562 2847 1604 1906 827 2581 544 1169 78096 13477 3474 2148 1150 988 323 665 631 737 2037 388 323 312 1580 486
is_linear=0
shrinkage=0.05


Tree=212
num_leaves=31
num_cat=0
split_feature=38 28 28 32 28 28 11 10 10 20 13 12 32 4 22 8 12 12 8 28 28 12 10 20 8 11 8 8 10 4
split_gain=0.667079 0.651116 0.82016 1.22153 0.940029 1.81732 5.70048 1.45953 2.11935 0.926275 0.911425 1.67985 0.884848 0.945796 0.833853 0.815812 1.53822 1.23752 1.76698 1.41022 1.56427 1.34886 1.09838 2.37762 2.80848 2.81165 2.18172 3.32186 4.6024 4.39863
threshold=1.0000000180025095e-35 0.11849624291062356 0.15557313710451129 0.24032847583293918 0.19115933030843738 0.19444938004016879 0.38585607707500463 0.64967530965805065 0.64747309684753429 0.59166666865348827 1.5000000000000002 0.65821567177772533 0.016376787796616558 0.64583334326744091 0.35909883677959448 0.091966174542903914 0.52041664719581615 0.45867486298084265 0.077935222536325469 0.50752922892570507 0.35527384281158453 0.0745370388031006 0.56440424919128429 0.24264705926179889 0.64400920271873485 0.57979625463485729 0.44562648236751562 0.46737588942050939 0.59299960732460033 0.31666667759418493
decision_type=2 2 2 2 2 2 2 2 2 2 2 2 2 2 2 2 2 2 2 2 2 2 2 2 2 2 2 2 2 2
left_child=-1 -2 3 -3 7 6 12 8 10 -9 11 14 -6 -14 -4 16 17 18 19 20 -7 -22 23 -17 25 -25 -24 -28 29 -29
right_child=1 2 4 -5 5 15 -8 9 -10 -11 -12 -13 13 -15 -16 22 -18 -19 -20 -21 21 -23 26 24 -26 -27 27 28 -30 -31
leaf_value=0.029622046650175544 -0.048789214891989646 -0.04357268539143181 -0.036952834758213052 0.045415784964637301 0.1054062423497843 -0.026378417704176971 0.41303921070446581 -0.086853656976532995 0.140505607393376 0.057475132082904813 -0.054810753362546372 0.083817142793001564 -0.05358261575030842 0.070250373838275426 0.070525603842750861 -0.032257394736983601 -0.015993607990193792 0.070390017171335792 0.057549042204541857 -0.056833045478677194 -0.0019900873784945775 0.061779886733038247 0.017959070117190074 -0.0038774024481471009 0.053240193767863112 -0.10694129727347253 -0.036946389836260939 -0.029667777883852098 -0.0003382505012872693 0.074548775237654061
leaf_weight=1.8964589128881915 0.68541317435665305 0.47609186573117712 1.3615787684320824 2.0297195454295434 0.25337827072144026 1.7078594037848214 0.10652188817039132 1.0326683700932333 0.22940878243207397 0.12457728249137279 1.0525888595302602 0.4842738382576498 0.39175195743700897 0.25427572801709175 0.20803515199804667 7.9136420602226272 3.4307901066185869 1.2099035567443932 1.9331150687485203 0.85689430934144173 1.535257472736703 1.8031683384906498 17.158324282987451 50.162673889533835 2.1396526212556628 0.67058774377801356 6.074898765926263 1.3761972202428285 363.35623509561083 3.8308426156963833
leaf_count=5658 1638 2962 5561 766 145 281 2 630 14 5 2408 161 922 3 3 44422 303 52 122 19 32 42 12935 6028 441 17 1683 2532 50607 731
internal_value=2.69565e-05 -9.14899e-05 -2.09478e-05 0.0285084 -0.000172839 4.65379e-05 0.067179 -0.0229334 -0.00614887 -0.0713167 -0.0169791 0.00240912 0.0262168 -0.0048421 -0.0227077 -9.86389e-05 0.012514 0.0233256 0.0160589 0.00247218 0.0125426 0.0324537 -0.000446272 -0.00669396 -0.00287503 -0.00523701 0.000524641 -0.000273851 0.000330609 0.0470048
internal_weight=475.747 473.85 473.165 2.50581 470.659 466.166 1.00593 4.49313 3.33589 1.15725 3.10648 2.05389 0.899406 0.646028 1.56961 465.16 12.477 9.0462 7.83629 5.90318 5.04629 3.33843 452.683 60.8866 52.9729 50.8333 391.796 374.638 368.563 5.20704
internal_count=141125 135467 133829 3728 130101 121319 1072 8782 8147 635 8133 5725 1070 925 5564 120247 851 548 496 374 355 74 119396 50908 6486 6045 68488 55553 53870 3263
is_linear=0
shrinkage=0.05


Tree=213
num_leaves=31
num_cat=0
split_feature=13 24 12 19 7 7 28 25 30 4 12 19 26 22 8 19 21 7 4 19 22 22 19 25 32 26 25 22 22 30
split_gain=0.655311 1.0237 1.01786 2.00558 1.78029 0.919845 1.35055 1.42251 1.25867 0.897904 0.856297 1.55837 0.827243 4.23898 2.32562 1.57487 2.14872 4.95792 2.86049 2.54945 3.0335 1.89572 3.02738 4.31087 3.22646 2.6108 3.71859 2.97007 3.99478 3.34994
threshold=3.5000000000000004 0.75000000000000011 0.69905659556388866 0.81534090638160717 0.27195686101913458 0.15655637532472613 0.58827573060989391 0.75000000000000011 0.27745617926120764 0.34848485887050634 0.40967366099357611 0.60434782505035411 0.017316341400146488 0.95393458008766185 0.048199767246842391 0.78019323945045482 5.5000000000000009 0.6792857050895692 0.52777779102325451 0.48913043737411505 0.51449581980705272 0.52409988641738903 0.20344828069210055 1.0000000180025095e-35 0.03603861294686795 0.36018018424510961 1.0000000180025095e-35 0.32793442904949194 0.28271847963333135 0.35419483482837683
decision_type=2 2 2 2 2 2 2 2 2 2 2 2 2 2 2 2 2 2 2 2 2 2 2 2 2 2 2 2 2 2
left_child=1 2 12 4 -4 6 7 10 -9 -7 -2 -12 14 15 -1 16 21 18 19 -18 -21 25 -23 24 -24 26 -14 28 29 -28
right_child=5 -3 3 -5 -6 9 -8 8 -10 -11 11 -13 13 -15 -16 -17 17 -19 -20 20 -22 22 23 -25 -26 -27 27 -29 -30 -31
leaf_value=0.082738054423670326 -0.048456795977304679 0.031639610067462152 -0.059435496227873863 0.052613902807874369 0.056657314647274963 0.046801761077206468 -0.080797970982477721 0.054928885968211542 -0.040243657723961129 -0.022415833763063997 -0.017702027956672844 0.082810876815355233 -0.044305510602022646 0.059581198231699696 -0.0095599444842347503 0.024964434653385492 -0.039324295568805762 0.041385152678621577 -0.051022353162148738 0.054090080836562415 -0.010373814156598878 0.075762072591193691 -0.062608869701386849 0.02173641571305689 -0.0020703666688232079 0.00089742579813803427 -0.018919678249341966 0.010471564223306319 -0.062277420290606615 0.046658447724904711
leaf_weight=0.69666303158737619 1.1162446638954846 2.50482755802659 2.5631219081824383 0.64924879345198849 0.3790719823555263 2.6719799078127839 0.45869947086612217 1.9469654871791138 0.42284898337675247 0.56815459347126296 1.6778660959280389 0.50070373720518535 7.5654245424957471 3.0041272716625818 33.537268792189025 6.2129226437391472 5.8269676943018665 3.5855080337714744 6.1737043752145828 2.1929832813075327 10.87433895102731 1.7034771221824474 2.5684137820062487 23.74654774353985 15.381931397434526 305.24958452285773 9.5504950652239184 15.364245574079176 4.1860406470786975 2.4462168441150416
leaf_count=33 501 1685 1532 118 102 1591 4 163 12 242 1076 259 30008 1361 13595 6001 611 3286 674 247 888 170 86 4401 1609 31376 31102 3764 2670 1958
internal_value=2.42728e-05 -0.000238899 -0.000411191 -0.0269261 -0.0444781 0.0131208 0.00172098 0.00840304 0.0379471 0.0346645 -0.0128467 0.00539899 -0.000204116 0.000397308 -0.00768167 -2.33822e-05 -0.0003962 -0.0136089 -0.0214747 -0.01182 0.000444641 0.000580142 0.0104278 0.00775869 -0.0107325 -0.000660976 -0.0128234 -0.00527352 -0.0202222 -0.00554782
internal_weight=475.327 465.963 463.458 3.59144 2.94219 9.36346 6.12333 5.66463 2.36981 3.24013 3.29481 2.17857 459.867 425.633 34.2339 422.629 416.416 28.6535 25.068 18.8943 13.0673 387.762 43.4004 41.6969 17.9503 344.362 39.1124 31.547 16.1828 11.9967
internal_count=141125 137277 135592 1752 1634 3848 2015 2011 175 1833 1836 1335 133840 120212 13628 118851 112850 5706 2420 1746 1135 107144 6266 6096 1695 100878 69502 39494 35730 33060
is_linear=0
shrinkage=0.05


Tree=214
num_leaves=31
num_cat=0
split_feature=6 32 32 29 23 10 20 22 22 10 7 32 29 29 11 11 7 10 11 22 12 25 12 7 8 7 13 7 28 28
split_gain=0.636871 0.634859 0.659075 0.759982 0.669645 1.79276 1.6707 1.54284 1.47333 1.33629 2.43788 1.65561 1.24141 2.26734 1.17994 2.67979 2.19796 2.53502 1.66119 1.49553 2.3056 1.91912 2.0514 1.90946 2.54523 3.62165 2.25442 2.21767 2.32512 2.07945
threshold=5.5000000000000009 0.0024216035380959515 0.0071364908944815406 0.23606811463832858 1.0000000180025095e-35 0.84660634398460399 0.3717105239629746 0.30571895837783819 0.20398256927728656 0.81872946023941051 0.60208335518836986 0.023818388581275943 0.013937451411038639 0.039886362850666053 0.2124435901641846 0.2524509876966477 0.82683658599853527 0.94392031431198131 0.20227272808551791 0.59491634368896495 0.71010184288024913 1.0000000180025095e-35 0.70659971237182628 0.67028987407684337 0.71611723303794872 0.48435972630977636 1.0000000180025095e-35 0.6885775923728944 0.35915474593639379 0.27724428474903112
decision_type=2 2 2 2 2 2 2 2 2 2 2 2 2 2 2 2 2 2 2 2 2 2 2 2 2 2 2 2 2 2
left_child=1 -1 3 -3 14 8 7 -7 12 11 -11 -10 -6 -14 16 -16 17 18 19 23 21 22 -21 24 25 -4 -27 -25 -29 -28
right_child=-2 2 4 -5 5 6 -8 -9 9 10 -12 -13 13 -15 15 -17 -18 -19 -20 20 -22 -23 -24 27 -26 26 29 28 -30 -31
leaf_value=0.039711204758840685 0.052768436585153539 -0.0506540265725842 -0.021107568065196657 0.050844100136263649 0.080168436733383974 0.020724584165455483 0.03535362967874104 -0.066399999495535086 0.056882951209812682 0.047825125691230874 -0.050584535157151167 8.1683809016629225e-05 -0.064350467000625508 0.037025837226210355 0.035903756117377866 -0.00028647302865584108 0.032730143811717904 -0.075872934160291672 -0.066009122541029877 -0.018616012967064315 -0.070912536089824188 0.027693695360857258 0.13080142934847477 0.10221807713779635 -0.049123343339020874 -0.028652999244268579 -0.054505334949257744 -0.075246398412028889 0.0097352569375110144 0.062156841046512881
leaf_weight=1.0023223427915571 0.57163221851806056 1.1646002110410325 18.695637709609407 0.21913002750079602 0.95371584800523024 1.2364342821238081 7.5410633736773889 0.86266419535968442 1.3105563949757186 0.80092926451106849 2.9373141299729468 60.722266543549267 0.70142371362089795 2.581263153868349 5.1962060360528985 327.90576218147908 3.2213997979051774 1.4127373998999235 1.2074870203614398 4.8423030355479524 0.8833170455181979 8.0700189025592408 0.24115379620343436 0.58031983581531577 5.4095881704433841 1.3164708450676688 0.43508379141712827 0.89230817958013986 8.2155971779939119 3.1288335447916324
leaf_count=4148 415 1520 74470 118 325 38 14751 12 268 402 763 9059 159 386 1429 26737 154 84 254 483 78 664 3 62 2429 598 91 19 264 942
internal_value=2.41493e-05 -3.95009e-05 -0.000123792 -0.0345806 -2.26273e-05 0.00415671 0.0243718 -0.0150809 0.00137306 -0.000467832 -0.0295 0.00128171 0.0299533 0.0153644 -0.000872547 0.000278074 -0.00741839 -0.00975587 -0.0080235 -0.00669517 0.00728438 0.0125357 -0.0115278 -0.0117691 -0.0181922 -0.011095 0.0272608 0.00744792 0.00140954 0.0479147
internal_weight=474.26 473.688 472.686 1.38373 471.302 79.6476 9.64016 2.0991 70.0075 65.7711 3.73824 62.0328 4.2364 3.28269 391.654 333.102 58.5523 55.3309 53.9181 52.7106 14.0368 13.1535 5.08346 38.6738 28.9856 23.576 4.88039 9.68823 9.10791 3.56392
internal_count=141125 140710 136562 1638 134924 26163 14801 50 11362 10492 1165 9327 870 545 108761 28166 80595 80441 80357 80103 1228 1150 486 78875 78530 76101 1631 345 283 1033
is_linear=0
shrinkage=0.05


Tree=215
num_leaves=31
num_cat=0
split_feature=38 20 4 28 30 27 28 26 26 13 10 4 28 27 6 30 4 23 30 28 27 5 7 26 26 10 7 7 10 30
split_gain=0.6331 0.640447 0.679949 0.613599 0.655222 0.970842 0.845133 0.710729 0.847777 1.33729 0.720197 0.672799 0.642478 1.43072 1.0489 1.01321 1.00214 0.92292 0.785347 0.905916 3.84523 2.48286 2.72037 1.53816 3.75433 1.27624 1.08332 1.32698 1.91127 1.04553
threshold=1.0000000180025095e-35 0.15587044507265094 0.19090909510850909 0.97930938005447399 0.95465916395187389 0.84639626741409313 0.92109179496765148 0.04095610789954663 0.038585608825087554 1.0000000180025095e-35 0.93582704663276683 0.78888890147209179 0.85002005100250255 0.69567963480949413 2.5000000000000004 0.90629673004150402 0.58571431040763866 1.0000000180025095e-35 0.81823909282684337 0.78581902384758007 0.564741611480713 0.77500000596046459 0.6264534890651704 0.18221344053745273 0.034632682800292976 0.87939393520355236 0.71583852171897899 0.47673159837722784 0.71010184288024913 0.71910980343818676
decision_type=2 2 2 2 2 2 2 2 2 2 2 2 2 2 2 2 2 2 2 2 2 2 2 2 2 2 2 2 2 2
left_child=1 2 -1 4 5 6 12 8 9 10 -6 -8 13 18 15 -14 -15 -16 19 20 29 23 -23 24 26 -25 27 28 -21 -2
right_child=3 -3 -4 -5 7 -7 11 -9 -10 -11 -12 -13 14 16 17 -17 -18 -19 -20 21 -22 22 -24 25 -26 -27 -28 -29 -30 -31
leaf_value=-0.055998425234256105 1.5826685856967561e-05 0.050188279377515611 0.05058566874415215 0.051530402763825492 -0.069382243113547223 0.050619262238049412 0.05079647118490313 0.050547051876426212 -0.127271124436375 0.051247010690320893 0.050532293950906637 -0.11897393833986546 0.053630081622891013 -0.05862979887388628 -0.018361926513499615 -0.030232354081642345 0.050502978019727598 0.050103517833399419 0.053311383571773632 -0.068414678092847625 0.059380256602953423 -0.076987692336834945 0.041528264000909483 -0.10574446384570627 0.055120455530894653 0.050529388968728453 0.052035298809497199 -0.083900357838303727 0.055703871079919379 -0.023746434776462017
leaf_weight=0.36437162011861701 443.22225151509701 1.225824195635141 0.25390384320053272 0.57493873368912218 0.98459429041758928 0.94412317212481767 0.075704481059800766 0.24924664157697396 0.23876301536802191 0.41065948483446835 0.14345603135552665 0.25469146038813051 2.1880181111228008 1.5987855010644114 2.3023697450480545 0.43113828389687103 0.24222779940828321 0.6260692660598578 0.68707350585100258 0.760641458822646 2.7215558088682874 0.59524560350473654 2.5951411986243329 1.0425129052600821 1.163865563663421 0.14936493370623782 0.24618448425462691 1.8576745599857529 0.5237130921887001 4.6780276292265617
leaf_count=14 117023 5395 249 4255 50 2443 55 567 3 256 368 83 1572 159 606 184 228 2956 297 83 705 142 2078 63 332 109 53 136 87 574
internal_value=2.25351e-05 0.0292618 -0.0122281 -9.18216e-05 -0.000154845 -3.22311e-05 -0.000134422 -0.028523 -0.0396106 -0.0260082 -0.0541325 -0.080074 -7.79418e-05 -0.000281009 0.0168364 0.0398255 -0.0442709 -0.00372474 -0.000105045 -0.000184907 0.000127679 -0.0159508 0.0194162 -0.0355949 -0.0223552 -0.0861604 -0.0489684 -0.0568823 -0.0178036 -0.000232355
internal_weight=473.352 1.8441 0.618275 471.508 470.933 468.906 467.962 2.02672 1.77747 1.53871 1.12805 0.330396 467.632 462.084 5.5476 2.61916 1.84101 2.92844 460.243 459.556 450.622 8.93434 3.19039 5.74396 4.55208 1.19188 3.38821 3.14203 1.28435 447.9
internal_count=141125 5658 263 135467 131212 129968 127525 1244 677 674 418 138 127387 122069 5318 1756 387 3562 121682 121385 118302 3083 2220 863 691 172 359 306 170 117597
is_linear=0
shrinkage=0.05


Tree=216
num_leaves=31
num_cat=0
split_feature=10 12 32 8 27 8 13 12 20 20 22 19 19 25 10 4 9 4 20 28 12 22 12 12 32 22 19 8 29 12
split_gain=0.615343 1.41389 2.07332 2.54383 4.34343 1.73988 1.59487 2.24923 1.542 2.76852 1.55894 2.14149 1.46436 1.41872 1.26689 2.51444 6.20333 4.13818 2.43525 1.89583 1.7639 1.72261 1.60653 2.15269 3.14282 2.19189 2.00955 1.58824 1.50473 1.4611
threshold=0.2362911254167557 0.56711712479591381 0.63166248798370372 0.13423423469066623 0.13541993498802188 0.17445652186870578 1.0000000180025095e-35 0.070598009973764433 0.89736840128898632 0.84807693958282482 0.60428115725517284 0.51086956262588512 0.41885964572429663 1.0000000180025095e-35 0.39801980555057531 1.0000000180025095e-35 0.56351020932197582 0.19090909510850909 0.70714285969734203 0.55344393849372875 0.59549137949943554 0.15165043622255328 0.56562754511833202 0.38379706442356115 0.78677597641944896 0.50167784094810497 0.59545454382896434 0.12632978707551959 0.12552521377801898 0.62622550129890453
decision_type=2 2 2 2 2 2 2 2 2 2 2 2 2 2 2 2 2 2 2 2 2 2 2 2 2 2 2 2 2 2
left_child=1 6 5 -4 -5 -3 7 -1 9 10 11 -8 -12 -14 18 16 -16 -17 28 22 -21 -18 23 24 25 26 -20 -22 -2 -24
right_child=14 2 3 4 -6 -7 8 -9 -10 -11 12 -13 13 -15 15 17 21 -19 19 20 27 -23 29 -25 -26 -27 -28 -29 -30 -31
leaf_value=0.066782369530492811 -0.044527671055847096 -0.063871682955994602 0.041910874024261108 -0.18271305251081374 0.052094383003377855 0.048688906776401503 -0.030082138706400703 -0.074780947100437298 0.053428924468116361 -0.052087712586909564 0.090841729947535643 0.077825047358999172 -0.053181381856920722 0.044649835086806096 -0.049230581222780963 -0.037934411382351485 -0.05503907476678415 0.00046182342516179573 -0.036004193383208587 -0.03186499647865787 -0.048130695141512456 0.052445187053316369 -0.067505400815375149 0.042906553210830624 0.061703731708279523 -0.036421118853835671 0.068545244079194351 0.045630737294933707 0.060699500676679868 0.0016828822842397569
leaf_weight=0.39992278087629773 5.7557353913725846 2.0924201719581101 2.333686989928538 0.38300080107001111 0.40542525162163656 0.41069289646111418 1.8555320982868564 0.94034346783155343 3.3495420631261368 1.3535928066921767 1.2918100572460391 0.61124734120676283 0.4706277622099152 1.7432232539940742 2.1590627630357613 7.1405534419809547 0.39320594435230294 406.62670097086993 0.75341550131270363 7.6057216817134741 0.6322408085688952 7.1713093690268579 1.1983911572606296 4.6086266374295519 1.6256958441954337 4.2645434090227354 1.1786279950792957 1.5812652864187837 0.36104821885237459 2.1005349756305804
leaf_count=13 10589 602 142 7 35 63 563 53 500 110 37 43 31 93 245 36846 87 88016 47 204 4 2376 33 87 21 90 28 83 5 72
internal_value=2.36072e-05 0.009186 -0.0115022 0.0156778 -0.0619701 -0.0454035 0.0188712 -0.0325398 0.0253256 0.0124764 0.0271092 -0.00334364 0.0485376 0.0238526 -0.000331511 0.000389817 0.0255222 -0.000200796 -0.00997837 -0.00319384 -0.0204326 0.0468581 0.00756732 0.015799 -0.000171908 -0.0164052 0.0277754 0.0188498 -0.0383166 -0.0234509
internal_weight=472.798 17.6411 5.62523 3.12211 0.788426 2.50311 12.0158 1.34027 10.6756 7.32603 5.97244 2.46678 3.50566 2.21385 455.157 423.491 9.72358 413.767 31.6658 25.5491 9.81923 7.56452 15.7298 12.4309 7.82228 6.19659 1.93204 2.21351 6.11678 3.29893
internal_count=141125 2292 849 184 42 665 1443 66 1377 877 767 606 161 124 138833 127570 2708 124862 11263 669 291 2463 378 273 186 165 75 87 10594 105
is_linear=0
shrinkage=0.05


Tree=217
num_leaves=31
num_cat=0
split_feature=38 6 32 32 32 10 7 7 29 19 4 4 29 6 22 8 11 11 8 10 10 13 7 19 21 20 22 22 7 26
split_gain=0.629824 0.601574 0.59709 0.689553 1.80095 1.60159 2.40049 1.80691 1.28294 1.86018 1.13485 1.21191 1.11336 2.65632 2.28514 2.08506 2.37025 3.64916 2.90644 2.01753 2.73587 2.17368 3.07615 2.02429 1.96419 3.29209 2.13455 1.95608 1.94258 1.92652
threshold=1.0000000180025095e-35 5.5000000000000009 0.0024216035380959515 0.032168369740247733 0.027881701476871971 0.66961652040481578 0.72318005561828624 0.40192307531833654 0.13397436589002612 0.66025641560554515 0.73214286565780651 0.64583334326744091 0.18414442986249926 3.5000000000000004 0.90392306447029125 0.43534001708030706 0.30151516199111944 0.29679679870605474 0.46737588942050939 0.75905716419219982 0.85880398750305187 1.0000000180025095e-35 0.58434957265853893 0.41421568393707281 4.5000000000000009 0.77350428700447094 0.39408509433269506 0.96110200881958019 0.15831244736909869 0.31835016608238226
decision_type=2 2 2 2 2 2 2 2 2 2 2 2 2 2 2 2 2 2 2 2 2 2 2 2 2 2 2 2 2 2
left_child=-1 2 -2 4 5 7 10 8 9 -4 11 -7 -5 14 15 -14 17 18 -17 -18 21 22 -21 -24 -23 26 -26 28 -16 -15
right_child=1 -3 3 12 -6 6 -8 -9 -10 -11 -12 -13 13 29 27 16 19 -19 -20 20 -22 24 23 -25 25 -27 -28 -29 -30 -31
leaf_value=0.029992973562742799 0.039126763973181378 0.052214966704413571 -0.038459739702218818 -0.00093271045018442902 -0.059221757230152133 -0.039077577568518082 0.050638303374982131 0.079183935979898867 0.062512839663931952 0.080677449499200526 -0.10662642247140393 0.053036862580251601 0.050499378358414206 -0.020626415531977083 -0.12266672065395055 -0.082930737396462492 0.038236135983918909 -0.2472686151506816 0.0064357570718663161 0.017244923007591523 0.030444048775535422 0.039865773908875177 0.058435163476165952 -0.076716669093882583 0.062252373310462239 0.050932500916490521 -0.10362606298625061 0.013649192519980197 -0.019274769081456436 0.050890515984655674
leaf_weight=1.7464594140783436 0.96562765844009746 0.54910102609392097 1.8461660977864078 393.74713086475458 1.7475949482795829 3.1346804727600106 0.91802028669917479 0.97848227472604765 0.64877235802123312 0.39833471062593151 0.53647076004563121 0.40297569106405706 4.125156940874148 11.302993502931711 0.49348434351850112 1.0766098341591703 9.4827214424658468 0.16227302737388516 5.872436539058981 1.9855641061731164 8.8767790972051426 3.1762865786149632 0.30862474889727343 2.7085897819270031 0.23778750150813754 0.91585632012538543 1.051738553738687 5.4027453324415546 5.7218451139742683 1.0272470306626917
leaf_count=5658 4118 414 7694 98541 1674 684 528 89 22 5 23 45 436 5871 9 50 1254 11 817 245 7088 326 10 173 23 999 69 2444 1182 623
internal_value=2.24295e-05 -8.89841e-05 -0.000150188 -0.000231179 -0.0128317 -0.0036855 -0.0224028 0.0204482 0.00058417 -0.0173163 -0.0388611 -0.0285848 6.0972e-05 0.00618122 0.0111635 0.0168357 0.0129627 -0.0128831 -0.00740972 0.019357 0.0100624 -0.00736017 -0.0310864 -0.0628923 0.0146957 -0.0215554 -0.0730382 -0.00835579 -0.0274839 -0.0146683
internal_weight=471.549 469.802 469.253 468.287 10.6115 8.8639 4.99215 3.87176 2.89327 2.2445 4.07413 3.53766 457.676 63.9287 51.5985 39.9804 35.8553 7.11132 6.94905 28.7439 19.2612 10.3844 5.00278 3.01721 5.38167 2.20538 1.28953 11.6181 6.21533 12.3302
internal_count=141125 135467 135053 130935 10764 9090 1280 7810 7721 7699 752 729 120171 21630 15136 11501 11065 878 867 10187 8933 1845 428 183 1417 1091 92 3635 1191 6494
is_linear=0
shrinkage=0.05


Tree=218
num_leaves=31
num_cat=0
split_feature=13 24 12 28 27 27 27 27 4 7 9 25 30 4 9 28 30 19 27 21 12 13 9 12 9 12 30 6 12 8
split_gain=0.605578 0.960468 0.872223 2.78127 1.26434 1.92344 1.55588 0.98246 1.30566 0.823987 1.47807 0.980486 1.27003 0.834615 0.8161 0.83192 0.792989 0.990638 0.727114 1.55797 0.695387 0.952731 0.724765 0.648449 2.50386 1.98005 3.16237 1.86151 1.62807 1.71397
threshold=3.5000000000000004 0.75000000000000011 0.63373982906341564 0.56061241030693065 0.10527437552809717 0.092569649219512953 0.085733730345964446 0.071360800415277495 0.44949495792388922 0.15655637532472613 0.54698312282562267 0.75000000000000011 0.27745617926120764 0.34848485887050634 0.55882021784782421 0.42566111683845526 0.2523654848337174 0.56385868787765514 0.060190873220562942 4.5000000000000009 0.61167800426483165 1.5000000000000002 0.87668499350547802 0.56562754511833202 0.56644102931022655 0.53923079371452343 0.61052587628364574 2.5000000000000004 0.53001201152801525 0.46470099687576299
decision_type=2 2 2 2 2 2 2 2 2 2 2 2 2 2 2 2 2 2 2 2 2 2 2 2 2 2 2 2 2 2
left_child=1 2 20 4 5 6 7 8 -4 10 11 18 -13 -11 -3 -16 -6 -18 -2 -20 23 22 -22 25 -25 28 27 -27 -1 -30
right_child=9 14 3 -5 16 -7 -8 -9 -10 13 -12 12 -14 -15 15 -17 17 -19 19 -21 21 -23 -24 24 -26 26 -28 -29 29 -31
leaf_value=-3.227569648159123e-05 -0.022746462550483862 0.0037332281974875275 -0.050434991855036873 0.058149881850686064 -0.081119368849878734 0.061530101400260884 -0.09354573059998883 0.054229941169553778 0.015508410307896634 0.045489115264953271 -0.061317480829145878 0.054641947676082769 -0.047595228518777566 -0.021712416187693515 -0.047049954914250659 0.078211232805326436 -0.049483919049695332 0.046971024543938665 -0.052071286424112184 0.092051319102592816 -0.028856980193742901 0.066839113294088454 0.066279792416528802 -0.046207310628235854 0.013733980165384609 0.057465285317350137 -0.14489405361726199 -0.057849797276776971 -0.015279621206398218 -0.1006225743509325
leaf_weight=434.17610530333695 2.0861884236001047 1.2911709536856499 1.7178794141782407 1.1139816013528614 1.3215000453710675 0.77207571156031907 0.68048591290789762 0.49636037047184789 1.3331587672037128 2.5875969841290503 0.80129268125165243 1.7893774156000293 0.36587386038445391 0.56245690746436583 0.15280415438974149 1.0001543538091935 1.224487880908782 0.34014489649416635 0.31447435536028923 0.4644685742459842 0.74799366022125358 0.91581331917495834 0.27334585573044023 3.3830705716081857 3.5919742426776793 3.4285000934278282 0.23080740631121432 0.38975767453302967 2.4734700077442535 0.7719081621726217
leaf_count=124584 1170 33 3183 131 19 94 81 273 67 1591 497 160 7 242 43 1609 111 41 133 48 465 600 29 1616 1334 2062 10 83 780 29
internal_value=2.4582e-05 -0.000225358 -0.000391679 -0.0158039 -0.0262505 -0.0110399 -0.0242923 -0.0110076 -0.0216209 0.0128904 0.00174424 0.0118094 0.0372862 0.03349 0.0310352 0.0616101 -0.0526014 -0.028515 -0.00735518 0.0338662 -8.36945e-05 0.029809 -0.00339508 -0.000212822 -0.015339 2.61655e-05 0.0348302 0.0456942 -0.000296004 -0.0355783
internal_weight=470.799 461.827 459.383 9.00007 7.88609 4.99996 4.22788 3.5474 3.05104 8.97173 5.82168 5.02038 2.15525 3.15005 2.44413 1.15296 2.88613 1.56463 2.86513 0.778943 450.383 1.93715 1.02134 448.446 6.97504 441.471 4.04907 3.81826 437.421 3.24538
internal_count=141125 137277 135592 4000 3869 3698 3604 3523 3250 3848 2015 1518 167 1833 1685 1652 171 152 1351 181 131592 1094 494 130498 2950 127548 2155 2145 125393 809
is_linear=0
shrinkage=0.05


Tree=219
num_leaves=31
num_cat=0
split_feature=23 10 8 8 25 9 26 27 27 20 20 10 4 9 4 20 28 13 22 29 8 37 28 9 20 28 9 28 28 11
split_gain=0.603603 0.593634 1.26509 3.74964 2.57247 2.28173 1.66701 1.49399 2.89072 1.28824 1.22122 1.20874 2.27657 5.62737 3.83989 2.23414 1.69283 1.70517 1.5797 1.40945 1.39397 1.3444 1.32304 1.77213 1.31196 1.29673 2.96813 2.9499 3.91871 3.92138
threshold=3.5000000000000004 0.2362911254167557 0.1651515141129494 0.13423423469066623 0.75000000000000011 0.50514346361160289 0.027907580137252811 0.047188490629196174 0.060814762488007552 0.85357144474983226 0.77350428700447094 0.39801980555057531 1.0000000180025095e-35 0.56351020932197582 0.19090909510850909 0.70714285969734203 0.55344393849372875 2.5000000000000004 0.15165043622255328 0.12552521377801898 0.12158167362213136 1.0000000180025095e-35 0.82640874385833751 0.88144743442535411 0.83771929144859325 0.2975697815418244 0.93338736891746532 0.30848959088325506 0.32447789609432226 0.52086955308914196
decision_type=2 2 2 2 2 2 2 2 2 2 2 2 2 2 2 2 2 2 2 2 2 2 2 2 2 2 2 2 2 2
left_child=1 2 3 4 6 -6 -1 -8 -9 10 -5 15 13 -13 24 19 -17 -18 -15 -3 -19 25 -23 -24 -14 26 -16 -27 29 -29
right_child=-2 11 -4 9 5 -7 7 8 -10 -11 -12 12 14 18 21 16 17 20 -20 -21 -22 22 23 -25 -26 27 -28 28 -30 -31
leaf_value=0.052636631315688298 0.055789340207647899 -0.043878526453031086 0.042669110520899729 -0.069283235051896527 0.054613960352650197 -0.025865628946695213 -0.035126954120621175 0.072981839823098929 -0.051966102026436881 -0.083732352703753676 0.051056771849871591 -0.047516602192630784 -0.044473373315180351 -0.05425795222547302 0.010250138739928947 0.0069168627858405638 -0.031214417634237886 -0.04437546803420403 0.050552952119385534 0.059644390783215089 0.044439522206649928 0.05189875265569352 -0.075027936693591202 0.050090081202095252 0.02733983996392746 -0.028997699172777149 -0.060854723772480412 -0.013001540968714404 -0.0011105393671619369 0.051668280454831517
leaf_weight=1.0108659564211864 0.4847422678831198 5.5156482279271613 2.412407195675768 0.40131632267275485 4.5987563381277141 1.0893264724218168 3.7962610225422395 1.0772213128948349 0.81170174320141075 1.4489131980371894 0.4441346226085443 2.106282829976406 6.2242483007712499 0.37900293548409525 45.284075262708939 15.310629927516858 7.4471715969339112 0.61760468501597676 6.9875154068031406 0.34963080444140349 1.5519796050029979 2.4192664756428708 0.57629289259057237 0.55609159335290315 0.70837299295817491 9.1072614534014047 1.5168178474232252 3.53270115440864 335.52617046143132 6.9669932434371731
leaf_count=265 637 10589 298 119 215 28 1035 115 91 42 15 245 36699 87 23099 373 125 5 2346 5 149 2949 152 6535 139 1981 23 2752 49905 107
internal_value=2.37378e-05 -3.38046e-05 0.00911363 0.0035988 0.0144761 0.0392013 -0.00652712 -0.0170468 0.0192896 -0.055113 -0.00606589 -0.000379163 0.000318848 0.0245537 -0.0002378 -0.00994262 -0.0034097 -0.0198504 0.0451605 -0.0377075 0.019157 0.000393043 0.0310204 -0.013585 -0.0371355 0.000122408 0.00794563 -0.000908568 -0.000169274 0.0299096
internal_weight=470.259 469.775 17.0909 14.6785 12.3841 5.68808 6.69605 5.68518 1.88892 2.29436 0.845451 452.684 421.891 9.4728 412.418 30.7927 24.9274 9.61676 7.36652 5.86528 2.16958 405.486 3.55165 1.13238 6.93262 401.934 46.8009 355.133 346.026 10.4997
internal_count=141125 140488 2223 1925 1749 243 1506 1241 206 176 134 138265 127019 2678 124341 11246 652 279 2433 10594 154 87503 9636 6687 36838 77867 23122 54745 52764 2859
is_linear=0
shrinkage=0.05


Tree=220
num_leaves=31
num_cat=0
split_feature=38 29 29 32 19 22 27 21 20 7 27 27 26 21 19 7 22 29 29 32 25 11 22 22 22 29 38 7 26 26
split_gain=0.607511 0.576996 0.70928 0.578421 2.19577 1.50618 1.58533 1.65796 2.14037 1.94632 1.56494 1.39716 1.74413 1.68353 2.62889 2.46952 3.12029 1.93647 1.92172 1.84132 1.88064 2.14526 1.79939 1.71597 1.69826 1.37658 1.72644 1.45608 1.62731 1.41526
threshold=1.0000000180025095e-35 0.64495798945426952 0.63693180680274974 0.17333914339542392 0.14495798945426944 0.28018692135810858 0.11113855987787248 12.500000000000002 0.82843136787414562 0.022474748082458976 0.034394783899188049 0.1833474859595299 0.40065789222717291 4.5000000000000009 0.43874999880790716 0.75277778506279003 0.73024791479110729 0.28496241569519049 0.33188405632972723 0.10227719694375993 1.0000000180025095e-35 0.55684757232666027 0.79637822508811962 0.9260777235031129 0.82875940203666698 0.32225275039672857 1.5000000000000002 0.58898946642875682 0.14721362292766574 0.1465040594339371
decision_type=2 2 2 2 2 2 2 2 2 2 2 2 2 2 2 2 2 2 2 2 2 2 2 2 2 2 2 2 2 2
left_child=-1 2 3 4 -2 10 -7 8 9 -8 -6 -11 13 15 -15 16 18 -17 19 20 21 -13 -16 -19 -24 -5 -27 -28 29 -29
right_child=1 -3 -4 25 5 6 7 -9 -10 11 -12 12 -14 14 22 17 -18 23 -20 -21 -22 -23 24 -25 -26 26 27 28 -30 -31
leaf_value=0.029864021259101786 -0.050909304901729791 0.050009220792594622 -0.079465526406607201 -3.3751235424693299e-05 -0.03035231291116583 -0.055520312889882198 0.095816042530282225 -0.050591135831705075 0.024595095047718587 -0.038223748677431883 0.046347927253843388 -0.054841259911104771 0.038007264667409169 -0.0597835907681332 0.013949345925102975 0.052558508156832863 0.057823570496378755 -0.062969303161479181 -0.065535915161019448 -0.02072023789041956 0.042616641650981994 0.022085620824712368 -0.098511489712184153 0.0049425757726874308 0.050386385795534373 -0.058242013095787318 0.043401257999335141 0.0025973745783741406 0.05055969284593026 -0.11745977659593423
leaf_weight=1.6993468467899209 2.4883078407301573 0.57410475851975107 0.28167610299715207 400.12424082803409 0.87305726288832319 1.5159996626389318 0.46002329857947089 1.7944516813331564 6.617772379264351 3.3881860974652218 2.791135916737403 1.4183984921182982 2.2480121858970952 3.4958822801054321 3.6510593906277791 0.6097103334905104 2.7361307377213953 3.0859622318384936 1.0538864556438046 4.5406745917935032 4.1364088563714176 2.5101267301943153 0.76385783855221212 1.331497902425326 0.25557052100339206 0.7547798628511363 4.360714463498879 7.6670944799152476 1.8745705876353893 0.25358995024726017
leaf_count=5658 45989 10929 153 61438 301 571 37 495 3791 720 437 241 101 161 234 49 315 365 75 315 313 31 27 237 163 60 1834 3071 2989 25
internal_value=2.26811e-05 -8.57548e-05 -0.000147328 -9.9466e-05 -0.0050831 -0.00276908 -0.00524664 -0.00351832 -0.00152154 -0.00636481 0.0280728 -0.00769924 -0.00445075 -0.00767646 -0.0269934 -0.000312845 0.00908732 -0.0309706 -0.000675023 0.00474764 0.0190864 -0.00568892 -0.00244977 -0.0424995 -0.0611828 0.000522128 0.0154389 0.0193675 0.00866801 -0.0012464
internal_weight=469.356 467.657 467.083 466.801 51.7661 49.2778 45.6136 44.0976 42.3032 35.6854 3.66419 35.2254 31.8372 29.5892 8.16637 21.4228 16.3956 5.02717 13.6595 12.6056 8.06493 3.92853 4.67049 4.41746 1.01943 415.035 14.9107 14.156 9.79526 7.92068
internal_count=141125 135467 124538 124385 54968 8979 8241 7670 7175 3384 738 3347 2627 2526 585 1941 1290 651 975 900 585 272 424 602 190 69417 7979 7919 6085 3096
is_linear=0
shrinkage=0.05


Tree=221
num_leaves=31
num_cat=0
split_feature=28 30 27 28 26 26 5 22 28 27 9 6 32 26 19 12 30 30 28 27 5 7 26 26 11 11 26 32 19 11
split_gain=0.563693 0.590105 0.906121 0.682434 0.657024 0.641215 1.09743 0.841256 0.61659 1.21111 1.04555 1.17272 0.957791 0.898684 0.83211 0.792987 0.770575 0.743007 0.844278 3.51686 2.20561 2.48753 1.28845 3.39353 1.1694 1.11436 0.95072 0.932544 1.9882 1.9735
threshold=0.97930938005447399 0.95465916395187389 0.84639626741409313 0.92109179496765148 0.04095610789954663 0.038585608825087554 0.81666666269302379 0.96110200881958019 0.85002005100250255 0.69567963480949413 0.90381237864494335 3.5000000000000004 0.20691987127065661 0.088117647916078581 0.23904761672019961 0.1490740776062012 0.8871569335460664 0.81823909282684337 0.78581902384758007 0.564741611480713 0.77500000596046459 0.6264534890651704 0.18221344053745273 0.034632682800292976 0.36899313330650335 0.57979625463485729 0.026432231068611148 0.17333914339542392 0.14495798945426944 0.5604878067970277
decision_type=2 2 2 2 2 2 2 2 2 2 2 2 2 2 2 2 2 2 2 2 2 2 2 2 2 2 2 2 2 2
left_child=1 2 3 8 5 6 7 -3 9 17 15 14 16 -11 -12 -10 -13 18 19 27 22 -22 23 24 -20 -26 -27 28 -1 -30
right_child=-2 4 -4 -5 -6 -7 -8 -9 10 13 11 12 -14 -15 -16 -17 -18 -19 20 -21 21 -23 -24 -25 25 26 -28 -29 29 -31
leaf_value=-0.04910929231252132 0.051477428774147287 -0.068093602907593101 0.050600586417921117 -0.070872056344126008 0.050532104409222706 -0.11255605617842351 0.051292291560713556 0.050355893636378712 -0.05009703687696189 -0.054166748170006523 -0.037724932425587054 -0.068901737013352629 0.052560252823767806 0.050430769652948938 0.052696828197595358 0.050535795127728357 0.050166860573477794 0.053133365299945258 -0.082151424201522549 0.058763414833837728 -0.072668067108692919 0.040797101942340097 -0.079936566747466853 0.054612847630634467 0.054931161723372063 -0.05606949668019548 0.053924033421003895 0.00061943600472046903 0.0029471322400260944 -0.021841961449405423
leaf_weight=2.65730339770107 0.53166781170329969 0.95814332136069313 0.88585212821817449 0.33957299238681926 0.23837896017357696 0.24726868693687709 0.3537246674131892 0.17770105103409151 0.84076331578398711 1.597501036554603 0.27996943797916207 0.65100656628965203 0.37279937364110083 0.23564614493079705 2.7895864721704129 0.25517555015539983 0.17172497603678494 0.65704355679917981 1.3691705965211425 2.5511125908797103 0.60037411432495025 2.4716085955114977 1.2024364006574613 1.0995913980405019 0.37986012768669741 1.3723348404564601 0.22927393949066743 404.42215968333767 27.114792067884991 11.406433541742443
leaf_count=46011 4255 20 2539 139 567 3 320 376 119 212 4 175 789 239 3730 205 657 361 209 877 157 2106 217 483 126 140 24 70534 4693 838
internal_value=2.27689e-05 -3.56947e-05 7.99115e-05 -1.63194e-05 -0.0273072 -0.0379905 -0.0256126 -0.0495624 3.54543e-05 -0.000161295 0.0168942 0.0280872 -0.0139236 -0.040721 0.0444496 -0.026666 -0.0440491 1.21104e-06 -7.51994e-05 0.000224699 -0.0154799 0.018622 -0.0340127 -0.0216043 -0.0466167 -0.0220627 -0.0403237 -0.000110441 -0.0072787 -0.00439311
internal_weight=468.46 467.928 465.953 465.067 1.97522 1.73684 1.48957 1.13584 464.728 459.367 5.36103 4.26509 1.19553 1.83315 3.06956 1.09594 0.822732 457.533 456.876 448.152 8.72465 3.07198 5.65267 4.45023 3.35064 1.98147 1.60161 445.601 41.1785 38.5212
internal_count=141125 136870 135584 133045 1286 719 716 396 132906 127227 5679 5355 1621 451 3734 324 832 126776 126415 122953 3462 2263 1199 982 499 290 164 122076 51542 5531
is_linear=0
shrinkage=0.05


Tree=222
num_leaves=31
num_cat=0
split_feature=13 19 13 6 23 38 5 29 12 11 28 11 7 7 9 7 7 11 11 12 28 9 32 32 6 11 28 4 32 36
split_gain=0.57849 0.656738 1.1912 0.565755 0.55105 0.54458 1.97006 2.64461 2.44483 1.93974 3.76526 3.26574 2.5999 2.30995 2.9931 2.31389 2.61348 2.28849 2.23629 4.96062 3.87985 2.34744 2.14813 2.81111 2.22918 2.03318 2.01049 3.23471 1.87053 3.28426
threshold=5.5000000000000009 0.60434782505035411 7.5000000000000009 5.5000000000000009 3.5000000000000004 2.5000000000000004 0.81666666269302379 0.28708791732788091 0.096006143838167204 0.84292763471603405 0.4528805017471314 0.82480818033218395 0.92724865674972545 0.90121948719024669 0.96901482343673717 0.86754387617111217 0.86425063014030468 0.8169856369495393 0.73746865987777721 0.045983087271451957 0.39460837841033941 0.92462962865829479 0.80029985308647167 0.62327381968498241 3.5000000000000004 0.66260164976120006 0.48960733413696295 0.5634920895099641 0.66682392358779918 1.0000000180025095e-35
decision_type=2 2 2 2 2 2 2 2 2 2 2 2 2 2 2 2 2 2 2 2 2 2 2 2 2 2 2 2 2 2
left_child=3 2 -2 4 5 9 8 -8 -7 11 -11 12 13 14 15 16 17 18 28 21 -21 -20 23 24 -22 -15 -12 -28 -1 -30
right_child=1 -3 -4 -5 -6 6 7 -9 -10 10 26 -13 -14 25 -16 -17 -18 -19 19 20 22 -23 -24 -25 -26 -27 27 -29 29 -31
leaf_value=0.00071231316142346748 0.038137665906422168 0.069193029227015881 -0.03631537541064541 0.051657209747907884 0.055475306611696563 -0.01504961843590254 0.0048957913393475206 0.050266203579582308 0.034031148053738573 -0.065663180255703002 0.055557389203985758 0.061920723339353105 0.043492709368709428 0.010147556185769069 0.035485001574302878 0.067065011033483585 -0.11395482961279094 -0.070635624528635504 -0.027263652206648521 0.041161722478776946 0.021758245234752498 0.10738471285569713 0.057170307601283034 -0.080836180436431149 -0.052052936559797362 -0.10422820457215354 -0.040288156002212361 -0.0030119427215694124 0.046043158600936419 -0.010551260698295744
leaf_weight=206.4172408012646 1.4315487428975755 0.59400223825650744 0.85995277326946951 0.52708356643779453 0.44442282575255276 21.85160654036736 75.588017833259073 3.3543917254755788 2.8705728648237701 2.8938506068370762 1.2541976320208039 2.1368767009444118 3.3820889677299411 0.63499492693881521 5.7427983055549694 1.2449348747104512 0.51342179966377344 1.1767942164806289 0.38783416106161839 4.5660117229854205 2.6691871209604869 1.9572193567310021 0.83347788231912989 1.8030426056211579 1.658507896314404 1.00115360833297 6.8488717179643563 38.735428305697496 2.6583663623241582 71.819583532331308
leaf_count=106896 334 415 271 415 584 2199 2473 14668 852 17 20 100 264 55 1934 111 25 65 29 26 365 93 7 55 90 14 1736 4917 509 1586
internal_value=2.3319e-05 0.0223418 0.010197 -0.000115184 -0.000173939 -0.00022724 0.00296636 0.00682365 -0.00935069 -0.001146 -0.0103139 0.000321925 -0.000104795 -0.000588106 -0.000268636 -0.000958331 -0.00124398 -0.00104845 -0.000770639 0.0188243 0.00534167 0.085116 -0.0181434 -0.0283823 -0.0065285 -0.0598386 -0.00689427 -0.00861256 -0.00173856 -0.00853122
internal_weight=467.857 2.8855 2.2915 464.972 464.445 464 103.665 78.9424 24.7222 360.336 49.7323 310.604 308.467 305.085 303.448 297.706 296.461 295.947 294.77 13.8753 11.5302 2.34505 6.96422 6.13074 4.3277 1.63615 46.8385 45.5843 280.895 74.4779
internal_count=141125 1020 605 140105 139690 139106 20192 17141 3051 118914 6690 112224 112124 111860 111791 109857 109746 109721 109656 665 543 122 517 510 455 69 6673 6653 108991 2095
is_linear=0
shrinkage=0.05


Tree=223
num_leaves=31
num_cat=0
split_feature=38 20 4 28 28 9 38 10 28 28 11 10 10 6 13 12 11 19 19 4 26 27 10 10 13 11 10 32 38 0
split_gain=0.565498 0.574157 0.595366 0.558247 0.793987 1.43739 0.903154 0.809492 0.79313 1.44039 3.4294 1.35018 1.84321 0.908999 0.803651 1.50184 0.727064 0.683077 0.649559 0.853314 0.623247 1.8346 1.72227 2.41072 1.92797 2.16649 1.81978 1.70935 2.00549 1.99432
threshold=1.0000000180025095e-35 0.15587044507265094 0.19090909510850909 0.11849624291062356 0.15557313710451129 0.70233154296875011 1.5000000000000002 0.27334994077682501 0.19115933030843738 0.19444938004016879 0.38585607707500463 0.64967530965805065 0.64747309684753429 3.5000000000000004 1.5000000000000002 0.65821567177772533 0.26975052058696752 0.70710784196853649 0.66025641560554515 0.64583334326744091 0.129171296954155 0.38359667360782629 0.82807883620262157 0.87939393520355236 1.0000000180025095e-35 0.75277778506279003 0.84273937344551098 0.50982001423835765 1.5000000000000002 1.0000000180025095e-35
decision_type=2 2 2 2 2 2 2 2 2 2 2 2 2 2 2 2 2 2 2 2 2 2 2 2 2 2 2 2 2 2
left_child=1 2 -1 -2 5 7 -7 16 11 10 18 12 14 -13 15 17 -5 -6 19 -10 -11 -22 -23 24 25 -24 -26 28 -25 -29
right_child=3 -3 -4 4 8 6 -8 -9 9 20 -12 13 -14 -15 -16 -17 -18 -19 -20 -21 21 22 23 27 26 -27 -28 29 -30 -31
leaf_value=-0.055323702547438326 -0.04880513767755866 0.050195266246026451 0.050525355975315503 -0.010005159631851883 -0.034851910664350207 0.11104103348040782 0.021294996618488653 -0.052182361594177308 -0.053433764100489611 -0.0038615764743997385 0.28452683246969301 -0.086891607052716147 0.12933673883271687 0.036770706482393799 -0.052804906608586943 0.080394481653938227 0.096571235958891402 0.066723433275389751 0.090277177667958244 0.067356429776685059 -1.2084230426535015e-05 0.034873895224681144 0.017089008197704477 -0.084076296096840253 -0.031950244734954114 -0.075687145593888228 0.056404162799125163 0.060721690695257492 0.054612906103665898 -0.040880086729984791
leaf_weight=0.32738236105069418 0.58708545550507452 1.0962795929608544 0.22356599444174208 0.44564557204921518 1.2937241670169894 0.60899592853274931 0.51943621453392552 0.56824911692729074 0.37053344913147046 88.625186297518667 0.14526951313018799 0.97179030871302507 0.23737756792252174 0.1754294621932786 0.96780231874072331 0.47379768581049564 0.24968485534191132 0.18979473155923177 0.24710018932819366 0.2415146081475541 349.46927780275655 7.3632666050689322 0.90365868452135911 0.28049523930531028 1.1404236982016303 2.0722123602899956 1.1918197277555007 0.69763443141710024 3.6861930572322308 1.5697345884764218
leaf_count=14 1638 5395 249 126 5562 27 45 3529 1066 46754 2 629 14 6 2408 161 1 2 1 3 66566 1300 148 16 140 61 481 152 4410 219
internal_value=2.4131e-05 0.0292684 -0.0123719 -7.93995e-05 -1.7842e-05 0.0287147 0.0697294 -0.0079132 -0.000166504 3.4388e-05 0.0598448 -0.0215158 -0.00466004 -0.0679815 -0.0155341 0.00289463 0.0282652 -0.0218568 0.0218543 -0.00576987 -9.70663e-05 0.000808616 0.0159794 0.00392569 -0.020838 -0.0475146 0.0132005 0.0250112 0.0448058 -0.00961879
internal_weight=466.94 1.64723 0.550948 465.293 464.706 2.39201 1.12843 1.26358 462.314 458.004 1.00442 4.30972 3.1625 1.14722 2.92512 1.95732 0.69533 1.48352 0.859148 0.612048 457 368.375 18.9054 11.5422 5.30811 2.97587 2.33224 6.23406 3.96669 2.26737
internal_count=141125 5658 263 135467 133829 3728 72 3656 130101 121319 1072 8782 8147 635 8133 5725 127 5564 1070 1069 120247 73493 6927 5627 830 209 621 4797 4426 371
is_linear=0
shrinkage=0.05


Tree=224
num_leaves=31
num_cat=0
split_feature=13 8 26 11 28 28 8 26 26 9 12 21 25 28 8 32 30 28 26 26 19 19 28 12 11 9 12 7 9 7
split_gain=0.557377 2.45513 1.7091 1.17184 1.79227 1.18313 1.16988 1.56433 1.68559 1.42086 1.28017 1.20184 1.09698 1.07626 1.26315 1.7267 1.3571 1.0439 0.911625 0.81676 2.95149 1.80868 1.93564 1.73033 4.56267 6.05644 3.63092 3.02851 2.79071 2.03877
threshold=2.5000000000000004 0.65450927615165722 0.27308239042758947 0.66260164976120006 0.35002481937408453 0.35002481937408453 0.19098278135061267 0.2145502641797066 0.15610665082931521 0.50190633535385143 0.059714796021580703 7.5000000000000009 1.0000000180025095e-35 0.13997971266508105 0.2149859964847565 0.57149016857147228 0.25640980899333959 0.63266423344612133 0.23112535476684573 0.23557158559560779 0.12060606107115747 0.35857143998146063 0.35213622450828558 0.32392686605453497 0.38165266811847692 0.83416277170181286 0.31311275064945226 0.23294574022293094 0.70473358035087597 0.28708791732788091
decision_type=2 2 2 2 2 2 2 2 2 2 2 2 2 2 2 2 2 2 2 2 2 2 2 2 2 2 2 2 2 2
left_child=19 2 6 5 -5 -3 7 8 10 -10 -2 -12 17 -4 16 -16 -15 -8 -9 20 -1 23 -23 26 25 28 -21 -28 -25 -26
right_child=1 3 13 4 -6 -7 12 18 9 -11 11 -13 -14 14 15 -17 -18 -19 -20 21 -22 22 -24 24 29 -27 27 -29 -30 -31
leaf_value=-0.050129386885986907 -0.099964995060236719 0.11472200827250129 0.037526544784689031 -0.058961396819170481 0.058426096758755312 0.01902181804762143 -0.051033769751159024 0.076218246547639479 0.0028202590952365685 -0.10075824909647065 -0.0029772249557342518 0.055229212668921682 0.042456574587980321 -0.018268226620775329 -0.059096815321536628 0.040299825840424151 0.068699632322734808 0.054285050718289263 -0.022392403172365443 -0.0009105837180073224 -0.0026309662045989734 -0.033957471227133815 0.021780749593792753 -0.0076592542358422423 0.096322983084489444 -0.04025966700800037 0.10433809822474216 -0.064799642459131224 0.05588136464544128 0.017340085104297707
leaf_weight=3.3715903985794275 0.28676774286396334 0.95844111169571922 0.75810291944799146 0.49005243927240349 0.96637910575736896 0.48709115687051963 0.68746895748972636 0.95009299015509874 0.56012259576891643 0.80973796531088738 4.5709892061104256 1.1003134780985417 4.0563208825105903 2.051808945768244 3.0650841919805321 0.50957320010638785 0.57408468246649125 0.35770168995804852 0.31112286272400524 260.31959649371493 109.15627072591451 1.7247136264923053 16.076524727695869 3.7210679310173864 0.83856204580661042 9.0231891719195101 0.2875150228319393 3.3293540337654122 3.2262968101367733 31.832944341545954
leaf_count=46520 37 6 264 3 140 829 2316 95 199 147 1025 478 2879 1058 2271 22 24 28 180 32118 30889 129 3548 12345 126 813 373 447 1039 777
internal_value=2.34928e-05 0.00751876 0.00146683 0.050582 0.0189282 0.0824746 0.0117222 0.000457949 -0.00839449 -0.058406 0.003104 0.00831565 0.0306873 -0.0187099 -0.0255855 -0.0449277 0.000745078 -0.0149892 0.0518925 -0.000375062 -0.00405413 0.000878033 0.0163804 -4.82289e-06 0.00866076 -0.013242 -0.00160184 -0.0513544 0.0218485 0.0193673
internal_weight=466.459 23.5513 20.6493 2.90196 1.45643 1.44553 13.6906 8.58915 7.32793 1.36986 5.95807 5.6713 5.10149 6.95865 6.20055 3.57466 2.62589 1.04517 1.26122 442.908 112.528 330.38 17.8012 312.579 48.6421 15.9706 263.936 3.61687 6.94736 32.6715
internal_count=141125 12001 11023 978 143 835 7384 2161 1886 346 1540 1503 5223 3639 3375 2293 1082 2344 275 129124 77409 51715 3677 48038 15100 14197 32938 820 13384 903
is_linear=0
shrinkage=0.05


Tree=225
num_leaves=31
num_cat=0
split_feature=10 30 30 25 9 30 13 20 12 12 10 20 10 20 19 28 12 12 12 32 32 8 12 8 8 23 12 30 30 10
split_gain=0.555098 1.40394 3.1715 2.62327 2.1129 2.06312 1.40192 1.42194 1.10027 1.29477 1.23383 1.35359 0.996415 2.19849 2.05595 1.54427 1.51638 1.435 1.92485 2.94247 1.79624 1.61556 1.2793 2.15732 1.27237 1.21355 1.31808 1.34629 1.81721 1.06038
threshold=0.2362911254167557 0.28397677838802343 0.23536372184753421 0.75000000000000011 0.50514346361160289 0.2448975816369057 1.5000000000000002 0.77350428700447094 0.51925924420356762 0.45867486298084265 0.21164613962173465 0.89736840128898632 0.39801980555057531 0.70714285969734203 0.93933823704719555 0.55344393849372875 0.59549137949943554 0.56562754511833202 0.38379706442356115 0.78677597641944896 0.30002750456333166 0.19803921878337863 0.62622550129890453 0.12632978707551959 0.12632978707551959 1.5000000000000002 0.53001201152801525 0.81015542149543773 0.81823909282684337 0.28743545711040502
decision_type=2 2 2 2 2 2 2 2 2 2 2 2 2 2 2 2 2 2 2 2 2 2 2 2 2 2 2 2 2 2
left_child=1 2 3 8 -5 -4 -7 -8 9 10 11 -1 13 -2 25 17 -17 18 19 20 21 -15 -19 -24 -18 -14 27 -27 -29 -20
right_child=12 -3 5 4 -6 6 7 -9 -10 -11 -12 -13 14 15 -16 16 24 22 29 -21 -22 -23 23 -25 -26 26 -28 28 -30 -31
leaf_value=-0.041263168429452386 -0.037423946610190544 0.050275163447314489 -0.12174607367656563 0.054439442469633142 -0.022228499258308075 -0.077505981131840998 -0.059536717581085009 0.054997619772604533 -0.034140150744820706 0.065000418416800293 0.04350449299547187 0.053289545324734844 -0.00028331449555203854 -0.03695851975452346 0.042224907896700963 -0.029186281791088505 -0.041528093529500459 -0.065510229251681859 0.064692953348456067 0.059804239191720288 -0.033599080492641743 0.063760168346348983 -0.043662441445582477 0.060825079851033408 0.04395208627332766 0.043519438005742463 -0.050779967651677874 -0.091423804713555545 0.050183269335431692 0.016398110558860101
leaf_weight=2.026573729341183 5.5753486881412782 1.8321556845112343 0.67885356439546685 4.5528373632405419 1.1196532825633765 0.66859406495495921 0.42638004452237488 0.7435630840700469 2.3895861465953203 0.81322850878132147 0.94455105190354505 0.4654462554026394 410.31544698731068 0.62820269270014417 2.9071751147748719 7.3912000615564448 0.6154634635895494 1.1314130015598487 2.2847311827135854 1.6025515854635157 4.3206165278243134 1.0871919037308542 1.1582943277026063 0.86135446196931287 1.4874581257936368 4.0924314327894526 0.54215851511617064 0.47426822693159909 0.4337621412378212 2.261693035477947
leaf_count=409 10594 113 31 237 30 34 58 45 791 189 116 239 113633 28 9214 204 4 33 42 21 100 37 16 56 83 2703 55 77 1888 45
internal_value=2.13925e-05 0.00898308 0.00388145 0.0143372 0.0393065 -0.0472548 -0.01975 0.0132561 -0.00699581 0.00826697 -0.0051584 -0.0236031 -0.00031103 -0.00905067 0.000323534 -0.00267975 -0.0185277 0.00713124 0.014909 -0.000422497 -0.0164126 0.0268755 -0.022945 0.000900154 0.0189345 3.061e-05 0.0232702 0.0312988 -0.0237787 0.0406679
internal_weight=465.832 16.6614 14.8293 12.3119 5.67249 2.51739 1.83854 1.16994 6.63939 4.2498 3.43657 2.49202 449.171 30.4055 418.765 24.8302 9.49412 15.336 12.185 7.63856 6.03601 1.71539 3.15106 2.01965 2.10292 415.858 5.54262 5.00046 0.90803 4.54642
internal_count=141125 2292 2179 2011 267 168 137 103 1744 953 764 648 138833 11263 127570 669 291 378 273 186 165 65 105 72 87 118356 4723 4668 1965 87
is_linear=0
shrinkage=0.05


Tree=226
num_leaves=31
num_cat=0
split_feature=24 26 23 13 26 19 28 28 12 28 30 29 28 11 3 22 19 19 6 7 12 12 12 19 22 19 12 9 19 9
split_gain=0.547472 1.24436 1.37137 0.654637 0.740943 4.82185 2.2335 1.95207 1.73659 1.85178 4.5599 1.94849 2.2505 3.39958 1.49525 1.56215 3.16441 2.33295 1.496 3.37417 1.90264 2.44505 2.82102 1.81096 2.20693 1.70238 1.55803 1.4414 1.92795 1.38193
threshold=0.75000000000000011 0.093883547931909575 1.5000000000000002 3.5000000000000004 0.38115416467189794 0.12060606107115747 0.62750142812728893 0.62196046113967907 0.12632978707551959 0.63266423344612133 0.49526011943817144 0.14365079998970035 0.61367303133010875 0.5604878067970277 1.0000000180025095e-35 0.70396453142166149 0.45804196596145635 0.70294117927551281 2.5000000000000004 0.71583852171897899 0.16472868621349337 0.29478609561920172 0.37638889253139501 0.48913043737411505 0.51449581980705272 0.46410256624221807 0.41967740654945379 0.48026694357395178 0.37797619402408605 0.86368605494499218
decision_type=2 2 2 2 2 2 2 2 2 2 2 2 2 2 2 2 2 2 2 2 2 2 2 2 2 2 2 2 2 2
left_child=3 2 -2 4 5 -1 7 27 9 11 -11 12 13 -7 15 17 -17 18 19 23 -20 -22 -23 29 -25 -24 -26 -6 -29 -10
right_child=1 -3 -4 -5 6 8 -8 -9 14 10 -12 -13 -14 -15 -16 16 -18 -19 20 -21 21 22 25 24 26 -27 -28 28 -30 -31
leaf_value=-0.050169822914388998 0.07106358617236945 -0.02281084842101801 -0.048072269229060161 0.014001724397243896 -0.045186872137780915 0.0087217885935538305 0.03443499235785985 -0.09021165167476751 -0.041040955619741741 -0.068023906199161668 0.0031654297955568097 0.032385019417289017 0.070247690123845463 -0.062785254328683079 0.052864664867482473 0.038064806155598596 -0.0047116940421340634 0.033272886976382691 0.029576720965950279 0.057842301852197568 -0.050818169050147244 0.038237249739777018 -0.061668487128717246 0.038165001752000494 -0.031312480847984082 0.03455399610134658 0.026371400813044749 0.00051949245734334525 0.040136726801134739 -0.010018965890191842
leaf_weight=5.286512966205918 1.3332546336241642 0.93835451989434648 0.29499673660393444 8.0784878132881186 1.7040878122770653 10.337815700138892 4.924894402633071 0.59203608296593202 6.9633174908758573 2.4549623703878778 26.862821519613135 10.277641239292278 1.15395606511447 1.9805861549539248 1.0712496398118663 4.8463289843348312 40.065632332052701 2.5037042883377572 1.2535844294543483 1.7515253697274591 8.526869653407628 2.044358316830766 2.0434318451589211 3.0460906337757461 4.0352825545705855 0.59307880973210547 1.6489338483734171 297.67232513873932 3.102919882774585 7.4103178106233827
leaf_count=70069 1030 515 191 3797 1832 1737 1092 96 4350 474 18374 2623 53 112 330 198 4469 1071 98 94 349 136 78 202 180 46 67 26734 375 353
internal_value=2.12375e-05 0.0230499 0.0494793 -0.000106632 -0.000357591 -0.00328931 0.00103364 0.00049087 -0.00153002 0.00561081 -0.0027957 0.0159881 0.00347938 -0.00277531 -0.00584587 -0.00657101 -9.57969e-05 -0.0135249 -0.016505 -0.00906556 -0.0292915 -0.0348789 -0.00584325 -0.0141379 0.00382393 -0.0400234 -0.014579 0.0006684 0.0009282 -0.0250476
internal_weight=464.799 2.56661 1.62825 462.233 454.154 146.158 307.996 303.071 140.871 53.0678 29.3178 23.75 13.4724 12.3184 87.8037 86.7325 44.912 41.8205 39.3168 24.8555 14.4613 13.2077 4.68087 23.1039 8.73031 2.63651 5.68422 302.479 300.775 14.3736
internal_count=141125 1736 1221 139389 135592 105463 30129 29037 35394 23373 18848 4525 1902 1849 12021 11691 4667 7024 5953 5246 707 609 260 5152 449 124 247 28941 27109 4703
is_linear=0
shrinkage=0.05


Tree=227
num_leaves=31
num_cat=0
split_feature=38 6 28 30 27 28 26 28 27 9 6 10 22 4 22 32 30 28 27 7 21 5 26 7 27 21 32 32 25 10
split_gain=0.556552 0.532728 0.527992 0.56008 0.841109 0.604049 0.602871 0.564431 1.10823 0.994357 1.09786 0.874072 1.01983 0.807339 0.728537 0.727508 0.67926 0.802643 3.26662 2.01066 2.20937 1.81461 1.57794 1.45415 1.15885 0.953094 0.87785 0.857624 1.6247 1.7816
threshold=1.0000000180025095e-35 5.5000000000000009 0.97930938005447399 0.95465916395187389 0.84639626741409313 0.92109179496765148 0.04095610789954663 0.85002005100250255 0.69567963480949413 0.90381237864494335 3.5000000000000004 0.90999102592468273 0.93364781141281139 0.58571431040763866 0.95393458008766185 0.28889925777912145 0.81823909282684337 0.78581902384758007 0.564741611480713 0.64785373210906994 3.5000000000000004 0.77500000596046459 0.18221344053745273 0.39433813095092779 0.66966992616653453 8.5000000000000018 0.095461118966341033 0.17333914339542392 1.0000000180025095e-35 0.85270008444786083
decision_type=2 2 2 2 2 2 2 2 2 2 2 2 2 2 2 2 2 2 2 2 2 2 2 2 2 2 2 2 2 2
left_child=-1 2 3 4 5 7 -5 8 16 14 15 12 -12 -10 -9 -11 17 18 27 20 -19 22 -21 -22 26 -23 -25 28 -2 -30
right_child=1 -3 -4 6 -6 -7 -8 9 13 10 11 -13 -14 -15 -16 -17 -18 19 -20 21 23 25 -24 24 -26 -27 -28 -29 29 -31
leaf_value=0.029965866189145943 -0.025318744508266041 0.051356729388010308 0.051492449506233308 -0.037548598324287315 0.050594989043718411 -0.066201082585134921 0.050488853841038475 -0.048556076349872197 -0.051981914205512007 0.052763871926740161 -0.076463110734411602 0.050759678741253193 0.053429781010590399 0.050458654088727045 0.050482098783887167 -0.032568467757880394 0.052942012470766991 0.058892883087091112 0.058539814048545816 0.022645687001590354 0.050766130976535907 0.052298831710296839 -0.074690316847451019 0.050761252297522555 0.057442291308945376 -0.043200067237420911 -0.072209413446130521 0.0004527033622755186 -0.0046857771715609307 0.045896247724725732
leaf_weight=1.5463927190121456 9.4711656508925426 0.5028307418924659 0.49467337983150983 1.6742746163927211 0.81740131696278595 0.34609015480236749 0.2200130555211216 0.82973230213246896 1.5778481997585903 2.5799197182932407 0.58475327388259735 0.36418380865325162 0.20376903583746753 0.21903093819673802 0.23922674027926405 0.27655026579122921 0.60164210365291992 0.51641145264147592 2.375978333700913 0.78480355885039921 0.32224409548507571 1.9706273402935042 0.88693317218712764 0.15181000414304513 0.19848756776627841 0.30119596545046068 3.2982153688863036 399.74476775652329 28.626540771727381 1.8535494573734457
leaf_count=5658 19676 414 4158 669 2420 135 556 87 159 3321 97 1330 104 227 187 112 294 13 699 252 152 1615 98 97 42 384 387 66884 30352 546
internal_value=1.9974e-05 -8.02525e-05 -0.000136292 -0.000191688 -7.975e-05 -0.000170126 -0.0273234 -0.000120227 -0.000306094 0.0164566 0.0278813 -0.0133068 -0.0428963 -0.0394949 -0.0263919 0.0445024 -0.000149994 -0.000220898 7.05552e-05 -0.0155035 -0.0383945 0.010543 -0.0289955 -0.0510471 -0.0600394 0.0396377 -0.0667984 -0.000245394 -0.00723043 -0.00160979
internal_weight=463.581 462.035 461.532 461.037 459.143 458.325 1.89429 457.979 452.901 5.07814 4.00918 1.15271 0.788522 1.79688 1.06896 2.85647 451.104 450.503 442.072 8.43073 4.48717 3.94356 1.67174 3.97076 3.64851 2.27182 3.45003 439.696 39.9513 30.4801
internal_count=141125 135467 135053 130895 129670 127250 1225 127115 121877 5238 4964 1531 201 386 274 3433 121491 121197 118157 3040 691 2349 350 678 526 1999 484 117458 50574 30898
is_linear=0
shrinkage=0.05


Tree=228
num_leaves=31
num_cat=0
split_feature=38 20 4 32 19 32 32 22 32 19 29 9 22 32 13 26 19 28 21 22 26 5 8 21 26 32 28 8 27 12
split_gain=0.512341 0.531918 0.552369 0.51972 0.620921 0.563583 1.40217 1.20515 3.07148 1.21714 0.930875 2.12048 1.91666 1.90995 1.70712 1.67252 5.09686 1.96917 2.23188 1.87055 2.30048 1.80938 2.49362 2.46382 1.77947 1.67885 1.76137 1.78318 1.79852 1.65671
threshold=1.0000000180025095e-35 0.15587044507265094 0.19090909510850909 0.0024216035380959515 0.35857143998146063 0.032168369740247733 0.027881701476871971 0.59491634368896495 0.013172354083508255 0.19139194488525393 0.18414442986249926 0.58961340785026561 0.90392306447029125 0.07502345368266107 1.5000000000000002 0.53416875004768383 0.11651583760976793 0.60127702355384838 4.5000000000000009 0.21073190867900851 0.55230990052223217 0.6904762089252473 0.75255101919174205 3.5000000000000004 0.62554347515106212 0.06362339481711389 0.61367303133010875 0.25866188108921057 0.59379971027374279 0.12060606107115747
decision_type=2 2 2 2 2 2 2 2 2 2 2 2 2 2 2 2 2 2 2 2 2 2 2 2 2 2 2 2 2 2
left_child=1 2 -1 4 -2 6 7 8 -5 -10 15 -12 13 -13 -14 16 -7 18 -17 -19 -21 22 25 -24 -22 -18 -27 -28 -29 -16
right_child=3 -3 -4 5 -6 10 -8 -9 9 -11 11 12 14 -15 29 17 21 19 -20 20 24 -23 23 -25 -26 26 27 28 -30 -31
leaf_value=-0.055196683979633343 -0.051643667586524333 0.050187768338829389 0.050488545216183095 -0.049481345723304093 0.056685719646149005 -0.050151112193513793 -0.053146580159542857 -0.021658518129418741 -0.051155558620976017 0.05682579311044289 0.057512446092747582 0.041022431628778729 -0.020712394803684347 0.0056924851842388366 -0.060228300740582011 0.00031668438804196414 -0.049633259464818086 0.13324719967314841 0.049240179791060573 0.16706496714714456 -0.037196248164828069 -0.015810060790452881 0.056538573847735231 -0.012237879875202404 0.050501526092547488 -0.0036802802885824446 -0.066049469537745931 0.043103595472853251 -0.039030345215729421 0.05290672128566426
leaf_weight=0.30524887284263869 0.16051896022327028 1.0042526590659688 0.2077999826578889 1.2278384332289514 0.75182125033461489 6.2277796554335501 1.7070719361599902 4.3421913439415221 0.29158332669248954 2.4853058947628597 1.9229776370848402 4.2051955185488614 10.870244122783332 42.354552912400322 0.40704750075747043 283.11451743111866 1.8221836269985932 0.46687671239487771 2.3505388742560163 0.25483557584811967 1.1028709770107528 22.540971168207761 3.6766821006312957 2.0162808316690644 1.2164267087355254 58.100890919218728 0.50293988082557817 4.9865623306832276 0.76934901912318299 1.5781779871831529
leaf_count=14 796 5395 249 3417 3398 73222 1681 864 4588 233 212 827 4046 16055 26 15676 638 37 73 20 88 583 168 721 101 6882 5 266 88 756
internal_value=2.09661e-05 0.0290278 -0.012391 -7.44111e-05 0.037626 -0.000149096 -0.0118572 -0.00341289 0.0163702 0.0454874 0.000112205 0.00583709 0.00416462 0.00888342 -0.0129259 -0.000790158 -0.00634001 0.00114587 0.000719524 0.0411682 0.0244676 -0.00345018 0.000426057 0.03218 0.00879954 -0.00230541 -0.000965443 0.0242364 0.0321254 0.0297097
internal_weight=462.972 1.5173 0.513049 461.454 0.91234 460.542 10.054 8.34692 4.00473 2.77689 450.488 61.3382 59.4152 46.5597 12.8555 389.15 100.644 288.506 285.465 3.04101 2.57413 94.4159 71.8749 5.69296 2.3193 66.1819 64.3597 6.25885 5.75591 1.98523
internal_count=141125 5658 263 135467 4194 131273 10783 9102 8238 4821 120490 21922 21710 16882 4828 98568 82573 15995 15749 246 209 9351 8768 889 189 7879 7241 359 354 782
is_linear=0
shrinkage=0.05


Tree=229
num_leaves=31
num_cat=0
split_feature=24 26 23 26 13 10 11 11 13 10 20 5 32 10 11 13 32 8 10 9 6 12 12 8 8 12 32 11 12 11
split_gain=0.520295 1.17746 1.2283 0.626749 0.587855 0.720683 2.56543 4.01717 2.33758 2.19839 2.28868 1.94284 1.96105 1.98638 2.93855 3.74955 1.95249 1.92224 1.74675 1.71577 2.0394 1.66714 3.06306 1.5111 1.4252 2.22949 1.87943 1.73756 1.42742 3.72272
threshold=0.75000000000000011 0.093883547931909575 1.5000000000000002 0.12018518522381784 3.5000000000000004 0.70051544904708873 0.64785373210906994 0.64365079998970043 2.5000000000000004 0.71503761410713207 0.93933823704719555 0.81666666269302379 0.17698764055967334 0.6838774085044862 0.41763564944267279 2.5000000000000004 0.64289847016334545 0.88303694128990184 0.51000401377677929 0.93036890029907238 1.5000000000000002 0.037749288603663451 0.043961353600025184 0.75255101919174205 0.56594201922416698 0.067424245178699507 0.21733130514621737 0.68090909719467174 0.09175084158778192 0.59417229890823375
decision_type=2 2 2 2 2 2 2 2 2 2 2 2 2 2 2 2 2 2 2 2 2 2 2 2 2 2 2 2 2 2
left_child=4 2 -2 -3 5 6 7 11 9 19 -11 17 -13 14 16 -16 18 -1 -14 21 -21 -7 -23 -8 25 -24 -26 28 29 -28
right_child=1 3 -4 -5 -6 8 23 -9 -10 10 -12 12 13 -15 15 -17 -18 -19 -20 20 -22 22 24 -25 26 -27 27 -29 -30 -31
leaf_value=-0.0046902629654078619 0.070108916060271628 -0.058123912932734459 -0.043704654428616305 0.024444655717445127 0.013302519821475506 -0.053283311835265725 -0.055795102110364758 0.21414014191431574 0.041049741143504709 -0.00072082347243423268 0.050201933640929113 -0.032596478727865828 0.053844099153399209 -0.017006860664401893 0.073787220815231536 -0.049681254442569538 0.092830367083308052 0.067025136677020869 -0.026425636921332641 -0.035556746804690356 0.078894222754832807 0.18910818547481018 0.20105922970812765 -0.015228592263934715 0.054350374860689402 0.027146230974407295 -0.032713509333206575 0.084813103244310725 -0.053294860302810582 0.22719138214208823
leaf_weight=99.965440121563006 1.2842350347182212 0.52225118535716308 0.29072548469775927 0.41046150842521456 8.0343295441662104 0.89624860160438302 3.0135498820927724 0.21622272833519574 3.5877683171584058 305.52482510304981 2.2225390958119524 1.8326384178108117 0.8659923749582944 2.5026608953630776 4.7098544274522283 0.70723926017672045 0.53408037419649179 0.94319534801979799 3.1178541133758699 0.47795938894341761 2.0966013254401332 0.25493863443261844 0.19461212073838252 9.6357352310369606 1.0214624588297736 3.4713726867694277 0.63993756091440523 0.34064050568122173 2.4076573964503041 0.17557571709039621
leaf_count=90130 1030 95 191 420 3797 188 259 22 372 27588 12432 307 99 158 279 48 66 739 197 116 156 34 35 807 83 817 139 9 500 12
internal_value=2.05061e-05 0.0227337 0.0490998 -0.0217877 -0.000103478 -0.00034211 -0.00351689 -0.00117369 0.000915227 0.00046486 -0.000353061 -0.00157789 0.0156904 0.0228052 0.032834 0.0576676 0.00305808 -0.00401994 -0.00897693 0.0214812 0.0576467 0.0115784 0.0184126 -0.0248931 0.0131386 0.0363786 -0.00544208 -0.0225798 -0.0339297 0.0232426
internal_weight=461.899 2.50767 1.57496 0.932713 459.391 451.357 128.044 115.395 323.312 319.724 307.747 115.179 14.2703 12.4377 9.93502 5.41709 4.51793 100.909 3.98385 11.977 2.57456 9.40245 8.5062 12.6493 8.25126 3.66598 4.58527 3.56381 3.22317 0.815513
internal_count=141125 1736 1221 515 139389 135592 93111 92045 42481 42109 40020 92023 1154 847 689 327 362 90869 296 2089 272 1817 1629 1066 1595 852 743 660 651 151
is_linear=0
shrinkage=0.05


Tree=230
num_leaves=31
num_cat=0
split_feature=10 30 30 25 21 9 26 27 8 26 26 10 19 4 9 4 22 22 8 7 11 8 10 26 11 29 7 8 7 7
split_gain=0.515954 1.30014 2.8696 2.45201 2.00799 1.99662 1.47448 1.31867 2.46877 1.1884 1.01962 0.853744 2.0341 1.83034 5.11431 3.30036 1.50671 1.47478 1.28128 1.8563 1.83929 1.36986 3.15327 2.72886 2.61941 2.00589 1.87597 1.48373 2.1607 1.37705
threshold=0.2362911254167557 0.28397677838802343 0.23536372184753421 0.75000000000000011 6.5000000000000009 0.50514346361160289 0.027907580137252811 0.047188490629196174 0.084523811936378493 0.18063922226428988 0.23345498740673068 0.39801980555057531 0.54772728681564342 1.0000000180025095e-35 0.56351020932197582 0.19090909510850909 0.51449581980705272 0.15165043622255328 0.44562648236751562 0.23769168555736545 0.23606811463832858 0.46737588942050939 0.65345367789268505 0.14933950453996661 0.36055555939674383 0.095619048923254027 0.19098278135061267 0.47140522301197058 0.21010186523199084 0.22611077129840854
decision_type=2 2 2 2 2 2 2 2 2 2 2 2 2 2 2 2 2 2 2 2 2 2 2 2 2 2 2 2 2 2
left_child=1 2 3 6 10 -5 -1 -8 9 -9 -4 12 -2 14 -13 -15 -14 -16 19 20 -17 22 23 -20 25 -25 -23 -28 -29 -30
right_child=11 -3 4 5 -6 -7 7 8 -10 -11 -12 13 16 15 17 18 -18 -19 21 -21 -22 26 -24 24 -26 -27 27 28 29 -31
leaf_value=0.049249636243327566 -0.031008852362655472 0.049031619708966828 -0.082955822110898206 0.054023474618185643 0.047815286451094674 -0.020392561912089352 -0.034593421531393186 0.018915489599068379 -0.048024803888396445 0.12566432205947056 0.013497522893414243 -0.047650795239464104 0.046302925541056666 -0.035845079279558809 -0.05468177552392272 0.0094247413682169556 -0.0044811239965856283 0.048283515622351558 -0.066468229285481337 0.019542057162173023 -0.041535325157234203 0.052375345337314416 -0.063041075577187869 -0.060001674229587867 0.069771634653827824 0.059311887091243201 0.048430729973123983 -0.083773414383585279 0.041056880376547533 -0.00046837997058221654
leaf_weight=0.991242079520818 7.4964835012760913 1.785297667944177 1.67094762378565 4.3385384470748249 0.46902382950065646 1.1377441640070172 3.6246970872452948 0.56882441676134454 0.81763823099572608 0.48134732927428558 0.32773688532142831 2.0105127467795665 1.5717620361065225 6.3944635613670462 0.36708756154075661 4.6712343483295653 20.641816225685034 6.606732544809347 1.0227261470026849 18.603497819201948 2.8515105681144632 1.7040859520848233 2.8335904119003317 1.0395015275444168 1.7156687402748501 0.53282424709323084 1.5612394663930889 0.77575978747699892 2.0075845129385916 360.8039702583028
leaf_count=305 10724 113 87 237 32 30 1157 57 217 8 49 245 87 36846 87 17450 452 2376 688 8780 1944 859 559 837 248 12 412 372 463 55392
internal_value=1.9208e-05 0.00878066 0.00379999 0.0139289 -0.0452909 0.0385629 -0.00687743 -0.0170068 0.0171221 0.0678439 -0.0671398 -0.000299853 -0.00848799 0.000285632 0.0226083 -0.000207716 -0.000887806 0.0428636 0.000361813 0.0110669 -0.00989177 -0.000386013 -0.0220701 0.00486165 0.0270487 -0.0195691 3.62756e-05 -0.000207982 -0.000416836 -0.000238604
internal_weight=461.425 16.213 14.4277 11.96 2.46771 5.47628 6.48375 5.49251 1.86781 1.05017 1.99868 445.212 29.7101 415.502 8.98433 406.518 22.2136 6.97382 400.123 26.1262 7.52274 373.997 7.14431 4.31072 3.28799 1.57233 366.853 365.149 363.587 362.812
internal_count=141125 2292 2179 2011 168 267 1744 1439 282 65 136 138833 11263 127570 2708 124862 539 2463 88016 28174 19394 59842 2344 1785 1097 849 57498 56639 56227 55855
is_linear=0
shrinkage=0.05


Tree=231
num_leaves=31
num_cat=0
split_feature=28 32 20 10 10 26 4 7 5 7 22 20 10 20 20 32 10 29 22 26 29 10 6 12 7 7 11 30 26 28
split_gain=0.50652 0.513807 1.65523 1.86015 2.77221 2.08853 2.02299 1.82513 2.17769 1.47214 1.52335 1.40336 1.6001 1.52293 1.29329 1.19926 2.18028 1.25161 1.08578 1.05661 1.05126 1.60431 1.88464 2.12433 3.29538 1.3455 1.96783 1.93677 1.32561 1.45107
threshold=0.97930938005447399 0.17333914339542392 0.32291667163372045 0.77836257219314586 0.70051544904708873 0.34894689917564398 0.58571431040763866 0.30839161574840551 0.73214286565780651 0.60208335518836986 0.28018692135810858 0.87867647409439098 0.93405798077583324 0.41421568393707281 0.48684211075305944 0.17698764055967334 0.28743545711040502 0.12552521377801898 0.73024791479110729 0.025105042383074764 0.31311275064945226 0.90366768836975109 2.5000000000000004 0.35067567229270941 0.61620295047760021 0.76568627357482921 0.4220647811889649 0.58181771636009227 0.02334665693342686 0.89656019210815441
decision_type=2 2 2 2 2 2 2 2 2 2 2 2 2 2 2 2 2 2 2 2 2 2 2 2 2 2 2 2 2 2
left_child=1 2 -1 4 5 6 9 8 -6 10 -4 12 13 -5 -9 16 -3 -18 -12 -8 -17 22 23 -22 -25 26 27 -24 -27 -30
right_child=-2 15 3 11 7 -7 19 14 -10 -11 18 -13 -14 -15 -16 20 17 -19 -20 -21 21 -23 25 24 -26 28 -28 -29 29 -31
leaf_value=-0.050592747645802696 0.051469403630445068 0.20865949247788726 0.017061016492926732 0.044122377170708847 0.056251873401905461 0.017764925352172587 -0.055193142678679377 -0.050813466433216284 -0.053738924597189541 0.053484630250613688 -0.039548953988678866 0.032818150525964845 0.038511013233019739 -0.024955320276201724 0.049479190974822285 -0.00010584549424182927 -0.051526075499642367 0.061337688847637253 0.04652714975420983 0.067910721169067143 0.054975573253385437 0.050236506132595039 0.050631289703434793 0.051972288496355892 -0.083158755113798902 -0.071600798136595339 0.033960702326261888 -0.047974077189247892 0.05029075360178549 -0.086831704454082934
leaf_weight=1.9019144438857427 0.47785421735988975 0.18317637907421058 1.6025965441749619 0.83712582138833624 0.72329001215621125 6.667466069571673 0.21305024086177471 0.34061219901923312 1.1910429377348919 0.58751830099026925 8.5717123789017897 1.4629643369953544 1.1753136814622838 17.024686163142178 5.709931131974372 394.03407089726898 0.37629955033844431 0.70745182693099196 0.38272458567735235 0.95846899362004478 3.164666215552641 2.4601991066538167 0.64653480076049197 0.93878213685093193 0.86860388622699247 1.4016397223658716 2.7861739173040405 2.1674029757377866 0.60402572656494147 0.28348308847125736
leaf_count=45898 4255 22 606 24 142 1036 21 41 74 455 1820 4715 1243 1580 705 63677 799 242 291 123 2053 7832 321 537 149 317 845 492 729 81
internal_value=1.82389e-05 -3.52124e-05 -0.00485558 -0.00302226 0.00561237 -0.00477527 -0.0169777 0.0303704 -0.0121812 -0.0235478 -0.0278348 -0.0143729 -0.0179995 -0.0217179 0.0438333 0.00054412 0.0491154 0.0221492 -0.0358699 0.0455233 0.000393795 0.0132434 0.00616712 0.0302768 -0.0129698 -0.00902756 0.00417423 -0.0253184 -0.0413241 0.00649187
internal_weight=460.451 459.973 49.3504 47.4485 26.9484 18.9835 12.3161 7.96488 1.91433 11.1446 10.557 20.5001 19.0371 17.8618 6.05054 410.623 1.26693 1.08375 8.95444 1.17152 409.356 15.3215 12.8613 4.97205 1.80739 7.88926 5.60011 2.81394 2.28915 0.887509
internal_count=141125 136870 58774 12876 5314 4352 3316 962 216 3172 2717 7562 2847 1604 746 78096 1063 1041 2111 144 77033 13356 5524 2739 686 2785 1658 813 1127 810
is_linear=0
shrinkage=0.05


Tree=232
num_leaves=31
num_cat=0
split_feature=38 28 28 9 36 10 28 10 10 28 32 13 12 6 7 19 10 12 35 13 10 10 9 10 7 38 28 6 7 10
split_gain=0.506646 0.508037 0.702337 1.20744 0.775851 0.741951 0.671389 1.33592 1.57194 1.13813 1.2471 0.766206 1.33042 0.755954 0.667635 0.608737 0.556173 2.78571 2.54133 2.05485 1.96656 3.45175 2.46154 1.75835 2.35086 1.61424 1.58451 1.58236 2.86741 3.35468
threshold=1.0000000180025095e-35 0.11849624291062356 0.15557313710451129 0.70233154296875011 1.0000000180025095e-35 0.27334994077682501 0.19115933030843738 0.64967530965805065 0.64747309684753429 0.19444938004016879 0.38463008403778082 1.5000000000000002 0.65821567177772533 3.5000000000000004 0.17274536192417148 0.70710784196853649 0.89022758603096019 0.2674796879291535 1.0000000180025095e-35 1.5000000000000002 0.92031747102737438 0.90999102592468273 0.95394170284271251 0.87570226192474376 0.52565789222717296 1.5000000000000002 0.3631045669317246 2.5000000000000004 0.30330087244510656 0.5912291705608369
decision_type=2 2 2 2 2 2 2 2 2 2 2 2 2 2 2 2 2 2 2 2 2 2 2 2 2 2 2 2 2 2
left_child=-1 -2 3 5 -5 14 7 8 11 10 -8 12 15 -9 -3 -4 23 18 20 -20 21 -18 -22 27 26 -26 -25 -11 29 -29
right_child=1 2 6 4 -6 -7 9 13 -10 16 -12 -13 -14 -15 -16 -17 17 -19 19 -21 22 -23 -24 24 25 -27 -28 28 -30 -31
leaf_value=0.029896803781507959 -0.048741842809141102 -0.010967255821895172 -0.032199130500770633 0.10258098558547946 0.018866973588750224 -0.052171827890539701 0.022743743078298781 -0.084065638480091964 0.11865855946250706 0.002152276439860486 0.1553294245584087 -0.051599744218479252 0.077461015967744296 0.032962589654335371 0.092333568227118759 0.065567874728670206 0.010780008548823654 0.056109024399008167 0.0045173335776886817 0.056748530506941147 -0.083224979151848386 -0.077760705488597259 -0.0015719182074739662 -0.080201533974072203 -0.15279658561292281 -0.020294847532466007 0.053164551947776945 0.055009654639515584 -0.0026584844114982977 -0.041097626915286449
leaf_weight=1.4145179551069293 0.53558700765643052 0.4222456087918538 1.2401136685002709 0.6135674987126547 0.50421750640089158 0.52251489321588451 0.76892322031471749 0.95031908600503789 0.24412732751079591 217.01865256214023 0.23052970427670516 0.90085163244521016 0.46896649579230132 0.16143307206220925 0.24844365350600128 0.1826677321223541 1.8394001465439966 2.4091905560308069 87.016149047676663 1.9246970754620623 0.97249865790400036 2.7411771197239432 18.133827591043882 0.25619115710287843 0.23312443969189445 16.422350216276755 1.7042433491296831 1.0127432695271625 89.694695890608273 8.7777375989389821
leaf_count=5658 1638 120 5562 27 45 3529 1019 629 14 87952 53 2408 161 6 7 2 406 294 17654 289 172 241 2969 6 99 1321 155 320 6505 1864
internal_value=1.90016e-05 -7.32445e-05 -1.62835e-05 0.0274781 0.0648187 -0.00750227 -0.000155837 -0.0201786 -0.00301072 2.82772e-05 0.0533254 -0.013647 0.00442616 -0.0670724 0.0272985 -0.019647 -9.00549e-05 0.00290962 0.00177165 0.00564763 -0.0127821 -0.0422058 -0.005728 -0.00111976 -0.0160535 -0.0221495 0.0357362 -0.000241392 -0.00546298 -0.0311561
internal_weight=459.566 458.151 457.616 2.31099 1.11779 1.1932 455.305 4.14848 3.03673 451.156 0.999453 2.7926 1.89175 1.11175 0.670689 1.42278 450.157 115.037 112.628 88.9408 23.6869 4.58058 19.1063 335.12 18.6159 16.6555 1.96043 316.504 99.4852 9.79048
internal_count=141125 135467 133829 3728 72 3656 130101 8782 8147 121319 1072 8133 5725 635 127 5564 120247 22025 21731 17943 3788 647 3141 98222 1581 1420 161 96641 8689 2184
is_linear=0
shrinkage=0.05


Tree=233
num_leaves=31
num_cat=0
split_feature=6 23 10 20 26 26 22 10 7 19 22 32 8 28 27 12 32 19 29 22 20 10 9 30 20 12 23 25 9 30
split_gain=0.497786 0.486477 1.55084 1.43527 3.21326 1.1947 2.30362 1.73114 2.35274 1.60119 1.55476 1.259 1.25892 1.18407 1.35697 1.15896 1.14627 1.10359 2.10654 1.84091 1.38724 2.60134 1.78976 1.57774 2.45751 1.64578 1.5062 1.32566 1.26349 1.69161
threshold=5.5000000000000009 1.0000000180025095e-35 0.84660634398460399 0.3717105239629746 0.29740898311138159 0.6006993055343629 0.18776709586381915 0.80217391252517711 0.57294833660125744 0.23904761672019961 0.18616051226854327 0.43506978452205664 0.66352203488349926 0.2413873299956322 0.053338075056672103 0.16472868621349337 0.023818388581275943 0.43874999880790716 0.15063025802373889 0.51449581980705272 0.84807693958282482 0.30877573788166052 0.61112040281295787 0.35233125090599066 0.91106721758842479 0.14434523880481723 1.5000000000000002 1.0000000180025095e-35 0.59061542153358471 0.23762352019548419
decision_type=2 2 2 2 2 2 2 2 2 2 2 2 2 2 2 2 2 2 2 2 2 2 2 2 2 2 2 2 2 2
left_child=1 -1 5 4 -4 6 -3 8 9 -8 11 -7 -9 -12 -15 -14 -11 18 -18 27 22 28 -21 -23 26 -26 -25 -19 29 -22
right_child=-2 2 3 -5 -6 10 7 12 -10 16 13 -13 15 14 -16 -17 17 19 -20 20 21 23 -24 24 25 -27 -28 -29 -30 -31
leaf_value=-0.0007536253029040256 0.050968256616263322 0.066656700660968293 -0.096233840892083533 0.034518900101208352 0.033388775111685018 -0.047278286008822369 -0.047965006226548118 0.023114803413046586 0.048061873456773173 0.046870022931474464 -0.019010871176956812 0.045891663845948283 -0.0051902495777642809 0.18425347943531276 0.048264927389373893 -0.056925165623256196 -0.030627321313756312 -0.064840213203101613 0.029838264117720781 0.0041522165436999707 0.018448640780614797 -0.048562177662846678 0.058171250412673452 -0.068456312222483259 -0.031936673333423808 0.031218453082265264 0.050900416842978649 0.047351141022285291 0.059002237665292723 -0.014965228391762809
leaf_weight=383.84963653082013 0.47889807505725812 1.236294487140184 0.74434629660390639 6.7517550834836584 1.336675097219995 1.068047948014281 1.8127372789076606 0.98509730724253941 2.4789225036893177 1.2646019581752614 0.6087459988339109 0.54895081494396425 1.6582141582002803 0.19772617518901858 2.5399378241636441 3.1181936123412015 6.7138369623207819 0.28816042847029111 1.8338896782006484 6.9996098695737583 7.9349162140042662 4.3738356171634205 1.9634750079530929 1.9922643502941357 1.5344384437903498 3.1476086888851569 0.304751777282945 3.0522335941186611 1.0583235761787353 7.2474368374496407
leaf_count=111124 415 537 22 17784 28 72 1318 370 2581 154 92 36 990 1 295 449 407 9 58 223 486 75 544 179 719 1161 119 664 90 123
internal_value=1.83926e-05 -3.48072e-05 0.00365418 0.0233292 -0.0129751 0.00101957 -0.000899899 -0.00229743 0.000482209 -0.00180703 0.0246092 -0.0156483 -0.0283502 0.0440618 0.0580866 -0.0389645 -0.000123798 -0.00135052 -0.0176546 0.00214254 -0.00110408 -0.00665529 0.0159858 -0.025017 -0.010261 0.0105207 -0.0526209 0.0376729 0.0061803 0.00249822
internal_weight=459.124 458.645 74.795 8.83278 2.08102 65.9623 60.9988 59.7625 54.001 51.5221 4.96341 1.617 5.76151 3.34641 2.73766 4.77641 49.7094 48.4448 8.54773 39.8971 36.5567 27.5936 8.96308 11.3529 6.97906 4.68205 2.29702 3.34039 16.2407 15.1824
internal_count=141125 140710 29586 17834 50 11752 11256 10719 8910 6329 496 108 1809 388 296 1439 5011 4857 465 4392 3719 2952 767 2253 2178 1880 298 673 699 609
is_linear=0
shrinkage=0.05


Tree=234
num_leaves=31
num_cat=0
split_feature=28 8 7 7 9 7 28 7 9 9 12 13 13 12 8 28 9 11 2 8 11 11 12 32 9 22 8 11 12 32
split_gain=0.478572 0.472854 3.12568 3.09599 3.54577 4.75416 3.26697 3.0639 5.39743 2.79303 3.96019 3.22307 2.91623 2.59472 2.52485 11.5632 3.47376 2.75651 2.43316 2.36282 2.35513 3.15579 3.5691 3.20381 2.33999 3.1586 2.33007 2.43709 2.31823 5.60275
threshold=0.97930938005447399 0.58759590983390819 0.38138528168201452 0.31072796881198889 0.92157834768295299 0.77913278341293346 0.32729181647300726 0.54631218314170849 0.93958669900894176 0.93338736891746532 0.19478319585323337 1.0000000180025095e-35 1.0000000180025095e-35 0.080540537834167494 0.56330129504203807 0.28268112242221838 0.83416277170181286 0.36055555939674383 1.0000000180025095e-35 0.58434957265853893 0.58898946642875682 0.65301004052162182 0.053342817351222045 0.62327381968498241 0.87668499350547802 0.34391801059246069 0.53752347826957714 0.37089946866035467 0.2639319002628327 0.58267158269882213
decision_type=2 2 2 2 2 2 2 2 2 2 2 2 2 2 2 2 2 2 2 2 2 2 2 2 2 2 2 2 2 2
left_child=1 2 14 -3 5 20 -6 8 13 10 12 28 26 -8 16 -16 17 -1 -11 24 -5 22 23 -22 25 -13 27 -4 29 -12
right_child=-2 3 9 4 6 -7 7 -9 -10 18 11 19 -14 -15 15 -17 -18 -19 -20 -21 21 -23 -24 -25 -26 -27 -28 -29 -30 -31
leaf_value=-0.0014751390013725413 0.0514125734115276 0.038354471571960778 0.059293734712812712 -0.020956035850676704 0.036271966445142377 0.02244917824522694 0.032281855431283604 -0.00080585104230314992 0.070493455243832992 -0.11565619123605564 -0.0076356878257743763 -0.03663951912032979 -0.00078065099236829087 -0.033928532691297912 0.67858944757686246 0.024167235880818191 -0.022435019172494654 0.04213146796236427 0.0044386434564584994 0.18426707795071362 0.019678027987461669 -0.028409608942722459 0.00077900814702401946 0.13585718516891274 0.023466499932571824 0.037868596322023412 0.10601957416400359 -0.017398457555168022 -0.035822526409026889 0.38564543355361675
leaf_weight=66.398768079050114 0.45251783546791458 4.8998213634813501 4.7722140351252147 50.394991648067844 6.5527813538683395 9.6322936306059983 2.7457370584506844 215.71364974192147 4.2243218127914588 0.7585359913209675 0.45846433396764297 4.2951314196388983 2.9026946104086164 3.209189664637961 0.068564779838196865 4.3442058839345918 20.623136054122369 3.833273749702129 0.94993369582334708 0.20492695790198823 1.476876342883773 7.4248151569991014 12.996734316773653 0.99197885588364432 16.984999857289949 2.1267263846912101 1.9033742413357684 1.3230720712435866 5.4450185041396253 0.11285088182194158
leaf_count=75835 4255 1792 1003 12535 58 921 335 26359 1079 18 187 1594 779 393 24 1741 6409 1577 267 34 159 423 742 19 1250 460 187 66 622 2
internal_value=1.87217e-05 -3.20826e-05 0.00242038 -0.00108506 -0.00169783 -0.0105746 0.00146869 0.000459104 0.0272654 0.0137419 0.0163817 0.00690121 0.0421481 -0.00339981 -0.00259911 0.0343355 -0.004393 0.000904915 -0.0488817 0.0152256 -0.0149151 -0.00161561 0.0112478 0.0663585 0.0137457 -0.0119647 0.0577269 0.0426466 -0.0257689 0.0700484
internal_weight=458.222 457.769 137.506 320.263 315.363 82.9177 232.446 225.893 10.1792 42.2379 40.5295 29.6281 10.9014 5.95493 95.2679 4.41277 90.8552 70.232 1.70847 23.6118 73.2854 22.8904 15.4656 2.46886 23.4069 6.42186 7.99866 6.09529 6.01633 0.571315
internal_count=141125 136870 92055 44815 43023 14799 28224 28166 1807 6469 6184 4149 2035 728 85586 1765 83821 77412 285 3338 13878 1343 920 178 3304 2054 1256 1069 811 189
is_linear=0
shrinkage=0.05


Tree=235
num_leaves=31
num_cat=0
split_feature=24 9 28 10 11 7 11 10 7 32 19 12 11 8 11 28 12 9 9 7 9 11 7 10 12 28 4 6 8 7
split_gain=0.475212 0.957849 0.678891 0.474518 2.48213 5.27275 3.57634 2.1852 5.45373 2.76259 3.65516 3.30001 2.74237 2.86631 2.71874 5.59548 3.86699 3.02492 3.16396 2.7177 6.90621 2.7584 5.04472 4.89724 4.53551 3.32023 3.13369 3.09458 3.01571 4.23733
threshold=0.75000000000000011 0.55469375848770153 0.42566111683845526 0.70051544904708873 0.64785373210906994 0.63211598992347728 0.64365079998970043 0.76631206274032604 0.77207791805267345 0.22680241614580157 0.26794873178005224 0.4803846031427384 0.77346038818359386 0.55684757232666027 0.56330129504203807 0.32729181647300726 0.2674796879291535 0.89789974689483654 0.90381237864494335 0.55684757232666027 0.93036890029907238 0.6264534890651704 0.77913278341293346 0.84273937344551098 0.31909090280532842 0.33246183395385748 0.73214286565780651 2.5000000000000004 0.6885775923728944 0.75277778506279003
decision_type=2 2 2 2 2 2 2 2 2 2 2 2 2 2 2 2 2 2 2 2 2 2 2 2 2 2 2 2 2 2
left_child=3 -2 -3 4 5 6 -1 8 9 10 -5 12 13 -11 16 -16 17 -15 -19 20 -9 22 23 -21 26 -23 -25 28 -27 -30
right_child=1 2 -4 7 -6 -7 -8 19 -10 11 -12 -13 -14 14 15 -17 -18 18 -20 21 -22 25 -24 24 -26 27 -28 -29 29 -31
leaf_value=-0.0024447985707488091 -0.0051417571140438111 -0.046987590070355141 0.074142881447255324 -0.050417479429912093 -0.023797391486767336 0.06432874494750189 0.21971035874328884 0.0023159170292595789 0.047874757795368685 0.028165422800468229 0.042241908026176195 -0.073577950323330296 0.11135829809139441 -0.026610254955243613 0.038859549034846327 -0.018179417471067674 -0.063117886533558723 0.12206772282953296 0.001898726224266878 -0.04049934905925108 0.061198934448503467 0.058254514097417547 0.013623022141581887 -0.0015847894932071581 0.08122160304117966 -0.041509524347076901 -0.047803532801431799 0.0050604694276010958 0.029227764190390561 -0.010031733643739977
leaf_weight=117.33030381020671 1.3765145164870767 0.13273992096219422 0.89968078009223973 1.2419785966690122 12.526949142122247 3.0649550778471157 0.18144176273199164 32.267500766996818 8.0984765586508711 6.8932618514136257 7.4399678183326614 1.5549223310517835 0.55224383297172508 5.0391172169129295 7.1881054162222453 10.699992952557293 4.4307000567914656 0.80773747736748225 1.7018104504768414 18.577445036222343 5.8883783343335372 2.4193780471305208 13.649996283700601 16.867822873213306 1.4005318837262155 6.33916803214015 4.6863208568138353 97.998691071071335 7.7903272164330692 58.363902169784524
leaf_count=94866 47 44 1645 1560 1066 779 17 3934 821 1120 712 95 19 2136 61 671 472 37 198 1269 1134 17 1892 1762 191 297 301 16090 661 7211
internal_value=1.43417e-05 0.0221634 0.058569 -0.000102923 -0.00261397 -0.000413178 -0.00210178 0.000935385 0.00994644 0.00348665 0.0289867 -0.00220931 0.000764796 -0.000896613 -0.00760399 0.00474097 -0.026038 -0.0042739 0.040577 -0.000947999 0.011403 -0.00301409 -0.0127473 -0.0214142 -0.00596834 9.21046e-05 -0.0116337 -0.000733252 -0.00856537 -0.00540853
internal_weight=457.41 2.40894 1.03242 455.001 133.104 120.577 117.512 321.898 55.6483 47.5498 8.68195 38.8679 37.313 36.7607 29.8675 17.8881 11.9794 7.54867 2.50955 266.249 38.1559 228.094 55.1821 41.5321 22.9547 172.911 21.5541 170.492 72.4934 66.1542
internal_count=141125 1736 1689 139389 96728 95662 94883 42661 7902 7081 2272 4809 4714 4695 3575 732 2843 2371 235 34759 5068 29691 5415 3523 2254 24276 2063 24259 8169 7872
is_linear=0
shrinkage=0.05


Tree=236
num_leaves=31
num_cat=0
split_feature=10 30 30 27 21 8 12 21 28 28 30 30 10 10 17 29 20 28 12 21 12 32 12 10 12 12 8 23 21 7
split_gain=0.479393 1.21082 2.55912 1.83084 1.81314 1.71987 1.29402 1.36681 1.0627 1.4976 0.962436 0.878765 0.784077 1.89771 1.63484 1.41296 1.31856 1.15363 1.80956 1.70924 1.62364 1.4855 2.74242 3.17423 1.2568 1.06948 2.05023 1.0223 1.74063 2.84181
threshold=0.2362911254167557 0.28397677838802343 0.23536372184753421 0.089292041957378401 6.5000000000000009 0.1123737394809723 0.71010184288024913 16.500000000000004 0.52978479862213146 0.3400742113590241 0.2448975816369057 0.07080888003110887 0.39801980555057531 0.35859166085720068 1.0000000180025095e-35 0.10791925340890886 0.70714285969734203 0.54566261172294628 0.57947367429733287 5.5000000000000009 0.56562754511833202 0.79425507783889782 0.26568628847599035 0.34314574301242834 0.39811320602893835 0.64126753807067882 0.12632978707551959 1.5000000000000002 4.5000000000000009 0.72318005561828624
decision_type=2 2 2 2 2 2 2 2 2 2 2 2 2 2 2 2 2 2 2 2 2 2 2 2 2 2 2 2 2 2
left_child=1 2 3 5 10 6 7 8 9 11 -4 -1 13 16 27 -15 -2 20 19 -19 21 22 23 -18 -21 -22 -27 28 -14 -30
right_child=12 -3 4 -5 -6 -7 -8 -9 -10 -11 -12 -13 14 15 -16 -17 17 18 -20 24 25 -23 -24 -25 -26 26 -28 -29 29 -31
leaf_value=0.022009173164847667 -0.032222305402394499 0.047864175550345021 -0.11216764546403211 0.054889636546663047 0.047242577922561403 -0.063795198213878967 -0.041713136090998304 -0.095564269928535686 -0.062173218698820414 0.044870431787719073 -0.03862870688379999 -0.035179663609661932 0.00083097854567567686 -0.054125835405463167 0.040700436156075992 0.041813534634018379 -0.054627323081391232 -0.042792215935906937 0.023327258635238463 0.077315534060597407 -0.065101310032163268 0.057467240619215147 0.033788181515741214 0.043158658025447751 -0.017536659495654285 -0.044904378012035777 0.061211465280919933 0.022196915871954041 -0.015563344314362427 0.022670830456929372
leaf_weight=1.5602227426788853 3.4502457780013236 1.7438337771854993 0.6682504977761704 2.1718588711300972 0.45639180476791796 0.85165764831981583 1.0361802221914329 0.25658463089348504 0.35795156452513754 4.2158197653370735 1.3312493185985657 1.1795588149352623 363.59149358788818 3.1309422732124399 2.4851540267427472 0.437387769059569 2.5229525160684738 4.6444747266505129 2.3998279708539485 0.56797602988990525 1.0037193463504075 2.0198019394811118 5.1146977729949867 1.236695799132576 0.90677246197446948 1.1044925768073879 0.77426703966921184 5.1329657053902329 34.360118827587939 5.6605932288957765
leaf_count=341 5616 113 28 107 32 319 284 30 23 490 108 417 101737 5081 9084 53 68 47 76 55 30 25 110 17 28 14 43 4813 4751 7185
internal_value=1.34109e-05 0.00856242 0.00369681 0.0134904 -0.0426808 0.00398384 0.0106911 0.017864 0.0218435 0.0261672 -0.0632061 -0.00261235 -0.00029377 -0.00819433 0.000269415 -0.0423661 -0.0034582 0.000993038 -0.0134703 -0.0279015 0.00993674 0.0187661 0.00995773 -0.0224617 0.0189942 -0.0234333 -0.00117233 2.35959e-05 -0.000258395 -0.0101554
internal_weight=456.374 15.8296 14.0857 11.6298 2.45589 9.45798 8.60632 7.57014 7.31355 6.9556 1.9995 2.73978 440.545 29.3143 411.23 3.56833 25.7459 22.2957 8.51905 6.11922 13.7766 10.8941 8.87435 3.75965 1.47475 2.88248 1.87876 408.745 403.612 40.0207
internal_count=141125 2292 2179 2011 168 1904 1585 1301 1271 1248 136 758 138833 11263 127570 5134 6129 513 206 130 307 220 195 85 83 87 57 118486 113673 11936
is_linear=0
shrinkage=0.05


Tree=237
num_leaves=31
num_cat=0
split_feature=6 38 28 28 5 38 28 28 6 28 12 8 8 4 28 19 4 6 4 28 12 4 38 19 12 12 4 34 13 12
split_gain=0.473866 0.472665 0.470406 0.671557 1.10557 0.569509 0.569062 1.33615 1.40634 0.680165 3.60557 1.60642 1.307 1.2232 1.19332 1.08704 0.839731 0.733007 0.882861 0.732633 1.1098 0.788334 0.724401 1.39367 0.683638 1.12323 0.818278 0.661571 0.598381 0.943502
threshold=5.5000000000000009 1.0000000180025095e-35 0.11849624291062356 0.15557313710451129 0.63333335518836986 1.5000000000000002 0.18037326633930209 0.17197486758232119 2.5000000000000004 0.22223906964063647 0.12060606107115747 0.44058823585510259 0.40192307531833654 0.44949495792388922 0.22539816051721576 0.48913043737411505 0.64583334326744091 1.5000000000000002 0.44949495792388922 0.22858179360628131 0.36055555939674383 0.44949495792388922 1.5000000000000002 0.66025641560554515 0.3364779949188233 0.32392686605453497 0.64583334326744091 1.0000000180025095e-35 3.5000000000000004 0.56562754511833202
decision_type=2 2 2 2 2 2 2 2 2 2 2 2 2 2 2 2 2 2 2 2 2 2 2 2 2 2 2 2 2 2
left_child=1 -1 -3 4 -4 -6 7 8 -5 10 13 12 22 15 -11 -8 17 18 -14 20 -16 -22 23 -12 25 -24 27 -26 29 -21
right_child=-2 2 3 6 5 -7 9 -9 -10 14 11 -13 16 -15 19 -17 -18 -19 -20 28 21 -23 24 -25 26 -27 -28 -29 -30 -31
leaf_value=0.029258110659843614 0.050637964686105819 -0.048590399828777671 -0.0073302184090044999 -0.021878056974053966 0.093989519869042415 0.021898700416454375 -0.050826058514365162 -0.080925017357748402 0.083789432204397635 -0.06075991186140324 -0.036864248684666291 0.063780341168558172 -0.05093316875452817 0.091174659252437104 -0.043213475444933376 0.065798292726742785 0.06423420960219943 -0.067561470184249003 0.075655171602163521 -0.00018150752809824555 -0.049773687768545044 0.095117342182027442 0.018412140534781313 0.067567835004011423 -0.033684732398470682 0.15865235457499249 0.0687085294832354 0.057920804148114929 0.014733076013311362 -0.014513759822583717
leaf_weight=1.3726055272181827 0.46176766284315718 0.50016022523050097 1.1483362253320586 1.6946510350221613 0.62877964654035146 0.4854751110979123 0.34851418168318415 0.72841276251347142 0.38674104342044291 0.81627303530967665 1.6768778381469931 0.77449800304020744 0.35736241587983464 1.6078393439056524 0.27847144300903781 0.46826060686726123 0.17249263823032368 1.6245103446126448 0.22411333024501801 418.06683595602681 0.11012159866004367 0.63646761645213701 0.39829060417650941 0.39466025680303563 0.92724611689300196 0.22256173461755679 0.39809161666198623 0.25029645580798388 6.4798396292808311 11.807268939942331
leaf_count=5657 415 1638 3580 3315 103 45 2466 2153 52 1096 10239 105 556 58 553 4 1 107 1 101766 527 12 220 3 349 22 4 4 1876 4198
internal_value=1.28595e-05 -3.85201e-05 -0.00012717 -7.36747e-05 0.0270983 0.0625799 -0.000210037 -0.0226413 -0.0022441 -6.93636e-05 0.0129273 -0.00436794 -0.0123091 0.0658626 -0.000361379 0.0160352 -0.0420103 -0.0503179 -0.00214328 -0.000248658 0.0419724 0.073746 0.00424282 -0.0169683 0.0242473 0.0686851 0.00673737 -0.0142132 -0.000347842 -0.000575169
internal_weight=455.448 454.986 453.613 453.113 2.26259 1.11425 450.851 2.8098 2.08139 448.041 9.84562 7.421 6.6465 2.42461 438.195 0.816775 2.37848 2.20599 0.581476 437.379 1.02506 0.746589 4.26802 2.07154 2.19649 0.620852 1.57563 1.17754 436.354 429.874
internal_count=141125 140710 135053 133415 3728 148 129687 5520 3367 124167 14139 11611 11506 2528 110028 2470 665 664 557 108932 1092 539 10841 10242 599 242 357 353 107840 105964
is_linear=0
shrinkage=0.05


Tree=238
num_leaves=31
num_cat=0
split_feature=32 19 32 12 13 26 7 25 19 12 29 26 29 6 8 8 11 32 26 26 35 13 10 12 11 11 12 32 25 12
split_gain=0.456047 0.572995 0.490396 1.27659 1.74543 1.28911 1.23577 1.20948 1.17105 1.0084 1.15942 1.40474 0.830536 2.17687 1.8278 2.33909 1.99299 1.74053 1.64156 1.57371 1.53888 1.44969 2.1194 1.7451 2.25124 2.35142 2.07732 1.83851 2.75208 1.85062
threshold=0.0024216035380959515 0.35857143998146063 0.032168369740247733 0.031754031777381904 1.5000000000000002 0.017316341400146488 0.27195686101913458 1.0000000180025095e-35 0.54772728681564342 0.098780486732721343 0.14365079998970035 0.033520599827170379 0.18414442986249926 3.5000000000000004 0.43534001708030706 0.46737588942050939 0.2674796879291535 0.51726728677749645 0.31835016608238226 0.31601439416408544 1.0000000180025095e-35 1.5000000000000002 0.56773442029953014 0.28388279676437383 0.30151516199111944 0.29679679870605474 0.1490740776062012 0.34510336816310888 1.0000000180025095e-35 0.16472868621349337
decision_type=2 2 2 2 2 2 2 2 2 2 2 2 2 2 2 2 2 2 2 2 2 2 2 2 2 2 2 2 2 2
left_child=1 -1 3 6 7 -6 -2 8 -5 -9 -11 -12 -4 14 -14 16 -16 -18 19 -15 -17 23 -23 24 25 26 -22 -26 -29 -30
right_child=2 -3 12 4 5 -7 -8 9 -10 10 11 -13 13 18 15 20 17 -19 -20 -21 21 22 -24 -25 27 -27 -28 28 29 -31
leaf_value=-0.050744050558066134 -0.0668111752374482 0.055345676004549427 -0.00066615051830727504 -0.077640222747184157 -0.072715947490044133 0.037677264831365957 0.067269700855424372 -0.059857374398980534 0.051295725493109061 -0.036694996953558094 -0.03283695347244308 0.052571498822556628 0.040632166704311218 -0.016170230490280334 -0.083320625387629632 0.045402559058259295 0.034248932223470037 -0.10873885375851362 0.050886819357265828 -0.15004105546880667 -0.032082755255792704 -0.098982449700088806 0.042488352510405565 -0.013448487713308295 0.032218447368179776 -0.18743489247841039 0.037479164987276388 -0.047204675177714178 0.039122016779967371 -0.034770514908404486
leaf_weight=0.15512215601347534 0.21501499710302485 0.7089941450740298 384.65885205381801 1.6849230801649335 0.30916432242975167 1.8285266777188551 0.85596314830672782 1.0472827052417413 0.19665825748961641 1.5552773807644373 0.77044506558013415 1.2833758930337351 4.5293710859386911 10.700730966945224 1.2768371756064874 2.8802596186505971 1.0289390288417051 0.26832636998005899 0.91260866000629981 0.22412821977195641 3.5090584533209066 0.28203550543548672 4.3170080184681865 10.132046633902972 11.235096837033781 0.19572705179598404 1.5461326552158423 2.1685045570484354 3.4788260924269707 1.1201787961053922
leaf_count=801 310 3423 101929 2106 161 2982 774 634 32 3739 49 297 987 6287 100 3791 169 56 652 15 404 32 1068 960 6028 6 356 82 2779 116
internal_value=1.18434e-05 0.0363009 -5.71949e-05 -0.0111516 -0.0175095 0.0217116 0.0403509 -0.0303334 -0.0641642 -0.0166628 -0.00412872 0.0205324 0.000186094 0.00566756 0.0104063 0.0072547 -0.0389745 0.00467334 -0.0135352 -0.0189166 0.0101667 0.00749488 0.0338127 0.00386946 0.0114152 -0.017391 -0.0108072 0.0198173 -0.000770454 0.021124
internal_weight=455.075 0.864116 454.211 9.74663 8.67565 2.13769 1.07098 6.53796 1.88158 4.65638 3.6091 2.05382 444.465 59.8058 47.9683 43.439 2.5741 1.29727 11.8375 10.9249 40.8649 37.9846 4.59904 33.3856 23.2535 5.25092 5.05519 18.0026 6.76751 4.599
internal_count=141125 4224 136901 11084 10000 3143 1084 6857 2138 4719 4085 346 125817 23888 16934 15947 325 225 6954 6302 15622 11831 1100 10731 9771 766 760 9005 2977 2895
is_linear=0
shrinkage=0.05


Tree=239
num_leaves=31
num_cat=0
split_feature=23 22 20 26 30 19 4 28 28 11 26 22 4 30 28 11 8 11 19 22 26 27 27 19 28 11 13 11 28 8
split_gain=0.45597 1.23581 1.14516 1.71223 1.38525 1.06125 0.985919 1.73572 1.57459 1.3642 2.04566 1.43925 1.14638 1.03799 1.16324 3.06269 1.32952 1.83565 1.09711 0.927395 2.37128 1.19503 1.37608 1.08654 0.899544 3.14204 2.3159 3.52418 2.19256 1.86968
threshold=1.0000000180025095e-35 0.21843910217285159 0.38675214350223547 0.29740898311138159 0.41386784613132482 0.83666664361953746 0.31666667759418493 0.34460306167602545 0.34783461689949041 0.50641027092933666 0.55760720372200023 0.96946388483047496 0.27922078967094427 0.07080888003110887 0.28125883638858801 0.55409356951713573 0.40192307531833654 0.38585607707500463 0.60434782505035411 0.57212206721305858 0.2286924943327904 0.14653009176254275 0.47593611478805548 0.41885964572429663 0.32729181647300726 0.6264534890651704 1.5000000000000002 0.44058823585510259 0.15557313710451129 0.63211598992347728
decision_type=2 2 2 2 2 2 2 2 2 2 2 2 2 2 2 2 2 2 2 2 2 2 2 2 2 2 2 2 2 2
left_child=5 -2 3 -3 -5 6 7 13 -9 10 11 19 -12 14 15 16 17 18 -1 23 -21 -22 -23 -10 25 26 29 28 -28 -8
right_child=1 2 -4 4 -6 -7 24 8 9 -11 12 -13 -14 -15 -16 -17 -18 -19 -20 20 21 22 -24 -25 -26 -27 27 -29 -30 -31
leaf_value=-0.023459426199587258 0.025482966145360442 -0.076501951980189664 0.0029620586770981883 -0.065440128016737958 0.045688547686676156 0.055299842840529412 0.0047189177228086701 0.075731333138003967 -0.045885151845520916 -0.045488542044216054 0.04542174701189361 0.078006688438322633 -0.063367949273505017 -0.045331349087264439 -0.048810652403245336 0.19572723542636972 -0.049211159751946468 0.10387945081433275 0.078073371253744084 -0.017094228060239365 0.058172167859985024 -0.054059735484300722 0.072584278848839182 0.027688864584419656 -0.0012405674711309582 0.049260741565531493 0.041274891053858127 0.014054778700035124 -0.054173611629399689 0.046338278425551625
leaf_weight=1.6592705532466454 5.9478320717662418 1.1428911373604926 64.290578465042017 0.42363179605308665 0.82954209507443011 0.84483785984229953 45.583664305916045 0.64413407745269324 2.8374272765768231 1.7781997918282275 2.959132948031765 0.47715136157785387 0.26373768457051472 4.2657097740620884 1.5685171558052386 0.19419949629809696 1.2801168790410882 0.45837713801302005 0.31686744155012991 8.0395326423185889 1.9423734306110412 0.62071543278216257 0.32775123844839982 0.60961863118427562 287.4689371350205 3.82725073446636 0.67696544883619747 4.7081002885388443 5.4088796934856873 2.8682517188135526
leaf_count=3168 2349 612 26545 354 27 755 8613 777 15558 972 825 30 42 50933 1183 13 2412 7 5 1032 60 45 18 109 23109 28 61 79 1286 118
internal_value=1.38403e-05 0.0036449 0.00169715 -0.0322426 0.00812182 -0.000677249 -0.000801444 -0.00946327 -0.00120533 -0.00370122 0.000409222 -0.00742524 0.0365191 -0.0268383 -0.0124361 0.00216009 -0.00795952 0.0137314 -0.00717897 -0.0102605 -0.00312923 0.0357079 -0.0102968 -0.0328734 -5.41492e-05 0.0053532 0.0025168 -0.0184275 -0.0435563 0.0071827
internal_weight=454.264 72.6345 66.6866 2.39607 1.25317 381.63 380.785 30.2428 20.4998 19.8556 18.0774 14.8546 3.22287 9.74306 5.47735 3.90883 3.71463 2.43452 1.97614 14.3774 10.9304 2.89084 0.948467 3.44705 350.542 63.0731 59.2459 10.7939 6.08585 48.4519
internal_count=141125 29887 27538 993 381 111238 110483 77189 19468 18691 17719 16852 867 57721 6788 5605 5592 3180 3173 16822 1155 123 63 15667 33294 10185 10157 1426 1347 8731
is_linear=0
shrinkage=0.05


Tree=240
num_leaves=31
num_cat=0
split_feature=38 38 5 10 10 10 7 10 19 21 26 6 11 8 28 7 11 8 7 7 7 7 9 7 11 9 11 11 5 8
split_gain=0.452305 0.451508 1.85828 2.54899 3.4262 2.82956 2.22755 2.20266 2.04028 2.03255 3.83734 1.99732 1.70321 3.58007 3.27801 2.29953 2.32745 2.63835 5.16498 2.11176 2.0452 2.34922 1.90411 5.34193 5.60473 3.52796 3.50668 2.93059 2.53073 2.25692
threshold=1.0000000180025095e-35 2.5000000000000004 0.81666666269302379 0.82426470518112194 0.89825496077537548 0.73746865987777721 0.76095238327980053 0.92031747102737438 0.28869047760963445 3.5000000000000004 0.33023196458816534 3.5000000000000004 0.84292763471603405 0.91779279708862316 0.4528805017471314 0.92724865674972545 0.82480818033218395 0.90550595521926891 0.60208335518836986 0.90121948719024669 0.86754387617111217 0.86425063014030468 0.93687751889228832 0.69309264421463024 0.4220647811889649 0.93338736891746532 0.77346038818359386 0.79008570313453685 0.88194444775581371 0.68237251043319713
decision_type=2 2 2 2 2 2 2 2 2 2 2 2 2 2 2 2 2 2 2 2 2 2 2 2 2 2 2 2 2 2
left_child=-1 12 3 5 6 -3 -5 -6 9 -4 -11 -9 13 15 -14 16 17 19 -19 20 21 22 25 -24 -25 26 29 -26 -27 -2
right_child=1 2 8 4 7 -7 -8 11 -10 10 -12 -13 14 -15 -16 -17 -18 18 -20 -21 -22 -23 23 24 27 28 -28 -29 -30 -31
leaf_value=0.029044737543738538 0.0011533452439337866 -0.022991473506902782 0.0055798595861028446 0.05313396950150491 0.030018537241988476 0.045745856760374785 -0.05171840909332414 -0.030795099294632394 0.041120359110953505 -0.16778184347180669 0.051301918002327786 0.041388863234735056 -0.060655492863407968 0.037936186199816202 -0.0062898425153186032 0.041445601505366053 0.057900756637037754 -0.090908999231243737 0.057727702326032693 -0.05768773078215738 0.06563606324604461 -0.10667879649595031 0.036223729637872917 -0.11510562216968245 0.0097906331354606982 -0.005409098522427473 0.096682812796424808 -0.039192582513856142 -0.073405346016712295 -0.010510740611769064
leaf_weight=1.3374573152377696 188.18294329308674 2.4942352658836198 73.243165993015282 0.54551936119060229 3.8311929388692061 3.7453420098927381 7.0882307384754313 5.3201834951705678 4.0573237600192433 0.46580679342150588 0.35009022917074617 1.168849615334693 2.9489375799894324 6.2482087877942822 46.391717916196285 3.260564767779214 1.6800970838667115 2.0611945569580707 0.81578212261229044 1.6131340495521715 1.17058895559603 0.5208664437122924 12.824592093416866 1.0840080403686467 17.853207023170402 2.573862520945112 0.91440947651426441 3.6835362767378674 2.9218050906056305 53.195075260134217
leaf_count=5658 97063 425 2096 323 439 411 341 935 15522 4 99 222 16 892 6697 248 80 53 233 56 99 24 1371 60 747 154 23 174 75 6585
internal_value=1.09062e-05 -7.49559e-05 0.00284685 -0.00926156 -0.0188291 0.0182685 -0.0442255 -4.37407e-05 0.00659697 0.00470561 -0.073776 -0.0177928 -0.000929178 0.000484043 -0.00953911 -0.000310943 -0.00077866 -0.0011193 -0.0487623 -0.000640945 -0.000317968 -0.000590052 -0.000394955 0.0104444 -0.00417088 -0.00194549 -0.00104697 0.00141279 -0.0415597 -0.0014172
internal_weight=453.592 452.254 102.31 24.1936 17.954 6.23958 7.63375 10.3202 78.1164 74.0591 0.815897 6.48903 349.945 300.604 49.3407 294.356 291.095 289.415 2.87698 286.538 284.925 283.754 283.233 35.4453 22.6208 247.788 242.292 21.5367 5.49567 241.378
internal_count=141125 135467 20817 3096 2260 836 664 1596 17721 2199 103 1157 114650 107937 6713 107045 106797 106717 286 106431 106375 106276 106252 2352 981 103900 103671 921 229 103648
is_linear=0
shrinkage=0.05


Tree=241
num_leaves=31
num_cat=0
split_feature=24 9 20 23 10 12 35 8 10 11 8 11 11 21 22 4 36 10 7 10 11 12 22 9 32 4 11 10 12 4
split_gain=0.444157 0.869829 0.554511 0.434317 0.440345 2.54257 2.04095 2.39811 3.04658 2.63959 3.45073 2.56653 6.26483 2.64374 2.35332 2.15794 4.19406 1.77588 1.66975 1.53889 2.20173 1.70248 2.27262 1.52974 2.03465 1.50686 2.82679 2.15331 1.46691 1.39529
threshold=0.75000000000000011 0.55469375848770153 0.70714285969734203 3.5000000000000004 0.89022758603096019 0.18301435559988025 1.0000000180025095e-35 0.8473193645477296 0.9529346525669099 0.88047617673873912 0.92980295419693004 0.58434957265853893 0.57979625463485729 12.500000000000002 0.58374586701393139 0.6904762089252473 1.0000000180025095e-35 0.90366768836975109 0.66352203488349926 0.87570226192474376 0.46247655153274542 0.15075758099555972 0.08856209367513658 0.96901482343673717 0.82875940203666698 0.78888890147209179 0.063508063554763808 0.90521115064620983 0.070598009973764433 0.64583334326744091
decision_type=2 2 2 2 2 2 2 2 2 2 2 2 2 2 2 2 2 2 2 2 2 2 2 2 2 2 2 2 2 2
left_child=3 -2 -3 4 19 6 15 8 14 11 -11 12 13 18 23 16 -6 -18 -9 -1 -21 28 -23 24 -8 -7 -27 -28 -22 -19
right_child=1 2 -4 -5 5 25 7 9 -10 10 -12 -13 -14 -15 -16 -17 17 29 -20 20 21 22 -24 -25 -26 26 27 -29 -30 -31
leaf_value=-0.0002396192322886042 -0.004335771676886555 -0.034648848116602175 0.072864121728409545 0.054194333542555345 0.052748174169065812 0.046841349463331114 -0.050255289348127764 0.058268150746919281 0.043219205045280255 -0.0805492005612196 0.0044220455312545736 0.061484308357987932 -0.12915861038973017 -0.091523993511096205 0.052407819937105554 -0.0024992112306589007 0.066910065799346594 -0.041516136099835496 0.013577720225382513 0.014046180215423351 -0.019659453285327113 -0.077937161400713384 0.017325144057213943 -0.12652032538158386 0.015010002403723683 0.063313888197270393 0.052584981663309827 -0.08574265527922792 0.062192687891503451 -0.094753925908164005
leaf_weight=317.32038957745181 1.3440380974134307 0.13983237213506061 0.84262948370269442 0.368030510438074 1.1235979229022657 4.9296753183443789 5.0640689951633231 3.3719222203835617 1.6076575264178243 1.2194169905269507 59.263130472608282 3.8655223961695802 0.71443510722019787 0.46672806129208844 0.74205491602697282 16.099115415176129 0.29480603440970288 3.745668929645035 5.4980177242250647 4.8034444975455708 9.6287837975260082 2.6593710606393883 0.81884801525120554 0.4888217998377512 1.5626630559563635 0.9853997514201186 0.38991254265238229 1.0103367460014849 0.58036693023314079 1.833029191787318
leaf_count=115417 47 98 1591 633 929 733 297 268 791 96 13304 564 9 40 465 2630 97 529 599 423 964 14 195 21 10 103 42 39 70 107
internal_value=1.25802e-05 0.0218031 0.057562 -9.99631e-05 -0.000144359 0.00253659 0.000586145 0.00421071 -0.0194939 0.00722648 0.0027089 0.0268602 0.0135442 0.0244637 -0.032325 -0.012575 -0.0357575 -0.0526886 0.0305669 -0.00105668 -0.0150783 -0.0252992 -0.0555104 -0.0411615 -0.0348649 0.0310549 -0.001566 -0.047224 -0.0150063 -0.0590088
internal_weight=452.782 2.3265 0.982462 450.455 450.087 114.276 106.961 83.8644 9.46527 74.3992 60.4825 13.9166 10.0511 9.33667 7.85761 23.0962 6.9971 5.8735 8.86994 335.811 18.4908 13.6874 3.47822 7.11555 6.62673 7.31532 2.38565 1.40025 10.2092 5.5787
internal_count=141125 1736 1689 139389 138756 21673 20756 16464 1584 14880 13400 1480 916 907 793 4292 1662 733 867 117083 1666 1243 209 328 307 917 184 81 1034 636
is_linear=0
shrinkage=0.05


Tree=242
num_leaves=31
num_cat=0
split_feature=6 8 7 9 7 7 28 11 9 12 13 13 12 12 9 8 28 9 11 7 9 29 11 11 12 8 11 8 11 28
split_gain=0.443318 0.438163 2.7942 3.02627 3.97784 2.77574 2.72166 2.67563 2.27181 3.39521 2.8157 2.61604 2.2335 4.97978 2.8453 2.22164 4.83205 3.06498 2.36113 2.15925 2.67889 2.13128 2.01763 2.60024 3.01361 2.60596 2.26218 2.65968 4.39033 5.59947
threshold=5.5000000000000009 0.58759590983390819 0.31072796881198889 0.92157834768295299 0.77913278341293346 0.38138528168201452 0.38334164023399359 0.73123827576637279 0.93338736891746532 0.19478319585323337 1.0000000180025095e-35 1.0000000180025095e-35 0.32392686605453497 0.31072796881198889 0.92731922864913952 0.56330129504203807 0.28268112242221838 0.83416277170181286 0.36055555939674383 0.54631218314170849 0.93958669900894176 0.15831244736909869 0.58898946642875682 0.65301004052162182 0.053342817351222045 0.6264534890651704 0.68090909719467174 0.70106381177902233 0.7124060094356538 0.36500488221645361
decision_type=2 2 2 2 2 2 2 2 2 2 2 2 2 2 2 2 2 2 2 2 2 2 2 2 2 2 2 2 2 2
left_child=1 5 -3 4 22 15 7 12 9 11 -11 -7 13 14 -5 17 -17 18 -1 20 21 -8 -4 24 25 -24 -25 -28 29 -29
right_child=-2 2 3 6 -6 8 19 -9 -10 10 -12 -13 -14 -15 -16 16 -18 -19 -20 -21 -22 -23 23 26 -26 -27 27 28 -30 -31
leaf_value=-0.0013654375173228516 0.049896129148976204 0.036713908817977439 -0.019624191861460361 -0.039916839575404317 0.020711184779789834 0.054605284453203201 -0.029887757037491053 0.053822727396801065 -0.043457968860938452 -0.023886395584910916 0.014576491846055334 -0.0011335663796144802 0.026224534961499235 -0.066072426826249392 0.020173332233167883 0.33160437502887441 0.022928091583539464 -0.021241986919637437 0.039109505014280309 -0.0017944148899680574 0.065377351983142887 0.056908635194363268 -0.054901890781463208 -0.057736449139564008 0.0001360296128635339 0.081741215009669008 -0.051065752519537988 0.219401015281007 -0.041594533675038993 0.008507537953530776
leaf_weight=64.965052036405268 0.44498552213099074 4.8231174027623629 49.157140934914423 2.3912508540233928 9.3666646757010295 7.8218012706147402 2.1965144122932538 3.8763793388206969 1.7026687714387652 5.9882264995358154 23.164609851269233 2.8802351397180246 11.592298637859129 2.5897611975087775 11.182175671083312 0.13058969378471275 4.3507498151002437 20.273623891263014 3.8147749992276649 192.92001973407787 2.7176051417773124 1.0431354790707699 0.41672726269098648 3.2006226188350402 12.906517412633546 2.1445964635058772 1.6146461875432576 0.52884609345346711 1.1027806415640951 0.77745094762940425
leaf_count=75835 415 1792 12521 30 909 1241 320 25 285 810 3335 778 102 21 98 24 1741 6409 1577 30082 1066 366 59 189 742 119 65 4 97 68
internal_value=1.44747e-05 -3.46719e-05 -0.00105206 -0.00163639 -0.00993607 0.00234927 0.00128786 0.0149109 0.0131017 0.015518 0.00667591 0.0396043 0.00947638 -0.00253547 0.00958716 -0.00242803 0.0319232 -0.00415665 0.000879447 -0.000878905 0.028769 -0.00194017 -0.0139314 -0.00159937 0.00996768 0.0595094 -0.0263653 -0.00141143 0.0318686 0.0938864
internal_weight=452.086 451.641 316.548 311.725 81.216 135.092 230.509 31.6319 41.5575 39.8549 29.1528 10.702 27.7555 16.1632 13.5734 93.5348 4.48134 89.0535 68.7798 198.877 5.95726 3.23965 71.8493 22.6922 15.4678 2.56132 7.22435 4.02372 2.40908 1.3063
internal_count=141125 140710 48675 46883 14773 92035 32110 276 6449 6164 4145 2019 251 149 128 85586 1765 83821 77412 31834 1752 686 13864 1343 920 178 423 234 169 72
is_linear=0
shrinkage=0.05


Tree=243
num_leaves=31
num_cat=0
split_feature=10 13 20 20 28 20 20 27 27 26 32 28 27 25 10 10 4 4 27 20 22 29 10 20 28 28 13 32 32 32
split_gain=0.444469 0.983538 1.30372 1.34688 1.15962 1.44324 1.15041 1.57341 1.21597 1.11007 1.11475 0.826893 1.3684 0.744967 0.73179 1.78237 1.5489 2.74246 2.5557 1.33602 1.41351 1.31179 1.17019 1.15063 1.08932 1.03509 1.89372 2.01668 1.00978 2.36571
threshold=0.2362911254167557 1.0000000180025095e-35 0.89181286096572887 0.84807693958282482 0.3400742113590241 0.72077924013137828 0.75961539149284374 0.089292041957378401 0.085733730345964446 0.16463142633438113 0.71742582321167003 0.56669798493385326 0.15758712589740756 0.75000000000000011 0.39801980555057531 0.35859166085720068 1.0000000180025095e-35 0.19090909510850909 0.11235261708498002 0.78759399056434642 0.28516484797000891 0.10791925340890886 0.4246212244033814 0.70714285969734203 0.21444205194711688 0.54566261172294628 1.5000000000000002 0.81096094846725475 0.79425507783889782 0.66682392358779918
decision_type=2 2 2 2 2 2 2 2 2 2 2 2 2 2 2 2 2 2 2 2 2 2 2 2 2 2 2 2 2 2
left_child=1 -1 3 4 -3 9 -7 8 -8 10 13 -4 -13 -6 15 23 18 19 24 -18 -21 -17 -19 -2 -16 28 -27 -28 29 -25
right_child=14 2 11 -5 5 6 7 -9 -10 -11 -12 12 -14 -15 16 21 17 22 -20 20 -22 -23 -24 25 -26 26 27 -29 -30 -31
leaf_value=-0.032079003312963483 -0.030918823338802161 -0.018093215100580495 0.04449568451924462 -0.044387332569225085 -0.051624864823544274 -0.060763088954780511 0.010473652449223457 0.057665680656416411 -0.094869253566660511 0.075843577579516028 0.081410715398749112 -0.087514884089440428 0.051658051535226346 0.055406203096647677 0.050328735346139776 -0.053657412278739762 -0.0489080003972963 0.047503097158982849 0.034644176833781133 0.10426260114441675 -0.017042400362614684 0.040940244507659214 0.00016141920961886997 0.012978247794407014 -0.054420932411790093 -0.041968687192799427 0.049189360104031722 -0.017043500583406698 0.039203787356554803 -0.05013679562577833
leaf_weight=1.3713443400001768 3.3087646953572465 2.6128600807669482 3.6666304768932596 1.3442004523240019 0.58076584677837695 0.65109275878421646 0.82787820405428669 1.1071268130326641 0.40940703824162483 1.5659508088228902 0.38874486263375729 0.33674790693839884 0.37143435121652146 0.2257799431681633 0.30513209539276243 2.9781168730355598 4.2437639187983214 1.3096656722063915 6.903389933922881 0.28879869065713126 1.4255818376441309 0.41789919687653299 391.45710529828784 9.4290345967892808 1.3300692303182584 3.3851080872555013 1.7794998744830079 3.2452014946684358 2.3326209319129694 1.7621608445915615
leaf_count=97 5616 1063 655 130 97 42 66 28 3 50 14 13 31 3 71 5081 36665 1737 2326 15 166 53 86279 252 311 50 112 44 29 26
internal_value=1.20101e-05 0.00834342 0.012278 0.00207066 0.00953205 0.0220705 -0.00196575 0.0143635 -0.0243834 0.0481461 0.0118596 0.0349424 -0.0145201 -0.0216632 -0.000283477 -0.00800907 0.00025978 -0.000191452 0.0213309 -0.0338593 0.00339223 -0.0420166 0.000319278 -0.00343383 -0.0348744 0.000712383 -0.0130616 0.00641289 0.00927777 0.00304018
internal_weight=451.362 15.46 14.0886 9.71381 8.36961 5.75675 2.9955 2.34441 1.23729 2.76124 1.19529 4.37481 0.708182 0.806546 435.902 28.6384 407.264 398.725 8.53859 5.95814 1.71438 3.39602 392.767 25.2424 1.6352 21.9336 8.40981 5.0247 13.5238 11.1912
internal_count=141125 2292 2195 1496 1366 303 139 97 69 164 114 699 44 100 138833 11263 127570 124862 2708 36846 181 5134 88016 6129 382 513 206 156 307 278
is_linear=0
shrinkage=0.05


Tree=244
num_leaves=31
num_cat=0
split_feature=32 10 32 20 10 10 7 35 12 12 22 10 29 20 20 10 21 12 32 26 27 8 32 32 29 20 28 22 10 9
split_gain=0.436006 0.531702 0.47022 1.43686 1.48929 2.38143 1.85142 1.70833 1.4183 1.51692 1.33611 1.31046 1.24436 1.21299 1.33321 1.23069 1.09116 1.08491 1.03103 1.49611 1.86111 1.00403 0.998029 1.0805 1.58905 0.96061 0.922976 0.906554 0.830949 0.829873
threshold=0.0024216035380959515 0.7320508360862733 0.17333914339542392 0.32291667163372045 0.77836257219314586 0.56440424919128429 0.37089946866035467 1.0000000180025095e-35 0.35067567229270941 0.34654632210731512 0.96110200881958019 0.51471862196922313 0.13397436589002612 0.41421568393707281 0.87867647409439098 0.93405798077583324 6.5000000000000009 0.12060606107115747 0.18462090939283374 0.129171296954155 0.22918435186147693 0.46470099687576299 0.010336498264223339 0.14096553623676303 0.20856226980686191 0.38675214350223547 0.36500488221645361 0.28018692135810858 0.61311829090118419 0.66692674160003673
decision_type=2 2 2 2 2 2 2 2 2 2 2 2 2 2 2 2 2 2 2 2 2 2 2 2 2 2 2 2 2 2
left_child=1 -1 3 -2 5 11 7 26 9 12 13 17 -9 -6 15 29 21 -5 19 20 -4 -14 -8 -24 -25 -21 -7 -19 -18 -15
right_child=2 -3 18 4 10 6 22 8 -10 -11 -12 -13 16 14 -16 -17 28 27 -20 25 -22 -23 23 24 -26 -27 -28 -29 -30 -31
leaf_value=-0.035218299479731714 -0.050603366108738973 0.058724551336283161 -0.10744045886148974 0.033948243156239066 0.043772915775717597 -0.034599003649263584 -0.035929827714208593 -0.047190901850883413 -0.060415209271685213 0.089399104186596856 0.05094195198813424 -0.051248485490101518 -0.024733474436037906 0.055691392815973753 0.03165324303847266 0.035513009562305423 -0.080638924670138654 0.011780053749899473 0.00025501126941340221 -0.050303536035707856 0.040974844907564069 0.043066544972707808 0.043129954978508606 -0.05835814573669551 0.052291312091690835 0.054660979682650462 0.07189419547083252 -0.034678939963203231 0.0060871664072378803 -0.027032687409887964
leaf_weight=0.19794891945866666 1.6524870893076684 0.6299422902175138 0.40884169494529432 1.3473200850130549 0.81234627371305279 0.25285213660390571 0.52039633475578639 1.4845411413443814 1.2200464586821906 0.4289415992097928 0.77565022306862275 2.1265131980562728 0.76051948673557568 0.30910325089645141 1.227242255571581 0.87286557372317375 0.52477474149782188 1.6817478651846611 399.4996110758284 0.23905019763878987 0.43701619173953077 1.936205133271869 7.0801476703536519 0.69123382100588038 0.61153749373806932 2.4721430286981558 1.0416610360116463 2.7952433177251805 0.58307054114993662 15.796661924894577
leaf_count=892 45139 3332 753 468 25 48 49 424 234 5 1647 600 14 14 4066 1183 15 620 74880 1621 408 64 1082 97 178 434 310 1013 49 1461
internal_value=1.09611e-05 0.0362628 -5.57944e-05 -0.00481478 -0.00312886 0.0049616 0.0154551 -0.00163628 -0.0114746 -0.00103225 -0.0133827 -0.0176543 -0.00836615 -0.0160062 -0.0186735 -0.0223112 0.00678325 -0.00538877 0.000493633 0.0272937 -0.030761 0.0239459 0.0312589 0.0354298 -0.00641788 0.0454061 0.0510933 -0.017227 -0.0349941 -0.025445
internal_weight=450.418 0.827891 449.59 46.5331 44.8806 25.0868 17.1359 8.23261 6.9381 5.71805 19.7939 7.95082 5.28911 19.0182 18.2059 16.9786 3.80457 5.82431 403.057 3.55705 0.845858 2.69672 8.90332 8.38292 1.30277 2.71119 1.29451 4.47699 1.10785 16.1058
internal_count=141125 4224 136901 58805 13666 5270 2569 1163 805 571 8396 2701 566 6749 6724 2658 142 2101 78096 3216 1161 78 1406 1357 275 2055 358 1633 64 1475
is_linear=0
shrinkage=0.05


Tree=245
num_leaves=31
num_cat=0
split_feature=38 20 4 28 28 9 10 32 36 28 10 4 6 28 12 11 20 28 4 20 12 11 28 11 13 8 28 10 20 32
split_gain=0.434919 0.441646 0.469786 0.431499 0.632813 0.907695 0.715533 0.657841 0.593451 0.452279 1.3203 1.76578 0.665417 0.588997 3.26155 1.93995 1.24467 1.10496 1.03076 1.00003 0.89749 1.02552 0.664606 1.34529 0.530959 1.97525 1.35997 1.59918 2.02185 1.38399
threshold=1.0000000180025095e-35 0.15587044507265094 0.19090909510850909 0.11849624291062356 0.15557313710451129 0.70233154296875011 0.27334994077682501 0.24252682924270633 1.0000000180025095e-35 0.18037326633930209 0.64967530965805065 0.58571431040763866 3.5000000000000004 0.22223906964063647 0.12060606107115747 0.38165266811847692 0.78759399056434642 0.22539816051721576 0.44949495792388922 0.78759399056434642 0.5604878067970277 0.38956639170646673 0.22858179360628131 0.36055555939674383 2.5000000000000004 0.65450927615165722 0.63266423344612133 0.25677657127380377 0.87083333730697643 0.87928041815757763
decision_type=2 2 2 2 2 2 2 2 2 2 2 2 2 2 2 2 2 2 2 2 2 2 2 2 2 2 2 2 2 2
left_child=1 2 -1 -2 5 6 7 -5 -7 10 11 -6 -12 14 18 16 -16 -15 19 -11 21 -17 23 -19 -24 26 27 28 -26 -29
right_child=3 -3 -4 4 9 8 -8 -9 -10 13 12 -13 -14 17 15 20 -18 22 -20 -21 -22 -23 24 -25 25 -27 -28 29 -30 -31
leaf_value=-0.05439302867195514 -0.048242263397698833 0.05019376336321707 0.050450908444264281 -0.041666643668488899 -0.024166013683363158 0.091412001302645235 -0.051766377206811001 0.064491750701181988 0.017363154371727255 -0.050843343822987511 -0.084030059059682888 0.089896973709979372 0.054416200231490533 -0.059749740357615856 -0.041252112299969487 0.11279854733257058 0.034976189811867307 -0.044078298933619663 0.086520066035019341 0.064393769402544029 0.0041183598573356333 0.018405184653635848 -0.00066525144692486404 0.080906551727523354 -0.00355778056047008 0.047204452812407732 0.059330231811732942 -0.010169121923040293 0.054824988175901847 -0.083050580018417863
leaf_weight=0.26105088647454866 0.46442852588233918 0.84577484540568548 0.1808745226735482 0.21948455757183116 1.3605599653060374 0.6164941722554429 0.47341852187628319 0.43547287761248299 0.4822181014897069 0.32430568056497433 0.81923981540558077 0.45203179967211315 0.097074504010379314 0.78018497740322246 3.215056119655856 0.5027844056603501 0.64252476273395576 0.31711943207483173 1.5786097518466702 0.44879444385878742 2.0794998307537753 0.67275348911061883 412.52919752572188 0.67054108728189021 4.3047134092812529 2.732830564138566 0.9522190907737248 8.325173366165469 2.2622477612458169 0.706679339520634
leaf_count=14 1638 5395 249 100 5119 27 3529 27 45 2466 396 3 2 1097 11519 13 17 1064 58 4 23 39 101414 28 286 498 325 5609 117 4
internal_value=1.0918e-05 0.0290274 -0.0114817 -7.23983e-05 -2.24622e-05 0.0265638 -0.00493447 0.0289167 0.0589124 -0.000155287 -0.0204483 0.0042795 -0.069363 -3.02939e-05 0.0123091 -0.00456866 -0.0285554 -0.000299641 0.0633548 0.0160533 0.0238583 0.0587778 -0.000192474 0.0407762 -0.000286179 0.00782311 0.00132064 -0.00222051 0.0165545 -0.0158716
internal_weight=449.753 1.2877 0.441925 448.466 448.001 2.22709 1.12838 0.654957 1.09871 445.774 2.72891 1.81259 0.916314 443.045 9.46433 7.11262 3.85758 433.581 2.35171 0.7731 3.25504 1.17554 432.801 0.987661 431.813 19.2839 16.551 15.5988 6.56696 9.03185
internal_count=141125 5658 263 135467 133829 3728 3656 127 72 130101 5520 5122 398 124581 14139 11611 11536 110442 2528 2470 75 52 109345 1092 108253 6839 6341 6016 403 5613
is_linear=0
shrinkage=0.05


Tree=246
num_leaves=31
num_cat=0
split_feature=23 22 12 26 20 21 12 9 28 32 21 20 26 21 7 22 22 26 21 25 22 12 11 28 21 6 30 21 11 26
split_gain=0.431484 1.08552 1.06805 1.10593 1.00387 1.51823 1.30075 1.42445 1.10916 0.992397 0.920008 0.881504 1.33983 1.28607 2.89182 2.28425 1.35004 2.18024 4.02764 2.18014 2.30496 2.39954 3.00268 2.04024 1.77795 5.10867 1.68873 3.29812 1.83857 1.63865
threshold=1.0000000180025095e-35 0.21843910217285159 0.42997199296951299 0.80079364776611339 0.38675214350223547 2.5000000000000004 0.042109929025173194 0.38523328304290777 0.92109179496765148 0.46066769957542425 4.5000000000000009 0.86190477013587963 0.33023196458816534 5.5000000000000009 0.6264534890651704 0.95393458008766185 0.70396453142166149 0.53957813978195202 1.5000000000000002 1.0000000180025095e-35 0.48733974993228918 0.045983087271451957 0.76253134012222301 0.60127702355384838 1.5000000000000002 3.5000000000000004 0.56609871983528148 3.5000000000000004 0.13714733719825747 0.027650357224047187
decision_type=2 2 2 2 2 2 2 2 2 2 2 2 2 2 2 2 2 2 2 2 2 2 2 2 2 2 2 2 2 2
left_child=11 2 3 -2 5 -3 7 -6 -9 -5 -10 13 -13 16 15 -15 17 18 -1 20 -20 29 -23 -19 25 -25 -21 28 -28 -22
right_child=1 4 -4 9 6 -7 -8 8 10 -11 -12 12 -14 14 -16 -17 -18 23 19 26 21 22 -24 24 -26 -27 27 -29 -30 -31
leaf_value=-0.049684139242608595 0.044887178475434615 0.016325009408598802 -0.043976968694155794 -0.033127140088290555 -0.092428739246295355 -0.065782938360096729 0.00055062481379431524 0.039236584374347017 -0.052138959566115362 0.058175552126956756 0.050062154328544196 0.0067186281487874745 0.06614857173442433 -0.033880301036411563 0.031488533233324102 0.073329993295573617 0.011901069020489315 0.00023463019089487981 -0.057953463243729353 -0.0054803726604425555 -0.093772485234918601 -0.0404754962663414 0.06741190476367151 0.019410773874628223 0.014753234816336941 0.26708638762810982 -0.039442072760934421 -0.019472533963279737 0.050960101968448912 0.03278329914178741
leaf_weight=5.7413058638585417 3.8683780102983283 0.98292331412812872 0.52218532934784878 1.0187226039997765 0.24932856178202101 1.3178154770394028 56.960506743957012 4.9585798060243178 0.66979880271446735 0.42045123144998786 0.32805085528525524 4.891261122753348 1.1764845535999482 9.7025474320362228 2.5115410857160887 0.52364639426377912 20.945805981342346 275.99639355475938 3.4915434538252148 30.52749340509763 0.27790773389278767 5.8529081822998705 0.72478436166420568 0.65566380872041863 1.9215556702656611 0.30507380375638604 0.62886595429517722 3.5521170573483687 5.3231896977486031 3.2119230319367489
leaf_count=78492 2012 712 258 21 6 281 10974 9069 640 58 5856 2329 188 705 449 17 1531 16189 1335 8057 9 913 13 54 121 11 38 347 225 215
internal_value=1.05771e-05 0.00357832 0.0242531 0.0309659 0.00173726 -0.0307047 0.00291891 0.0246566 0.0295576 -0.00645327 -0.0185395 -0.000662422 0.0182416 -0.000970856 -0.0165839 -0.0283904 -0.000417128 -0.00118001 -0.00988346 -0.00561952 -0.0229477 -0.0108073 -0.0285876 0.000671669 0.0425207 0.098058 0.000249696 0.0186547 0.0414086 0.0227052
internal_weight=449.259 71.2967 5.82974 5.30755 65.467 2.30074 63.1663 6.20576 5.95643 1.43917 0.99785 377.962 6.06775 371.894 12.7377 10.2262 359.157 338.211 59.332 53.5907 13.5591 10.0675 6.57769 278.879 2.88229 0.960738 40.0317 9.50417 5.95206 3.48983
internal_count=141125 29887 2349 2091 27538 993 26545 15571 15565 79 6496 111238 2517 108721 1171 722 107550 106019 89644 11152 2485 1150 926 16375 186 65 8667 610 263 224
is_linear=0
shrinkage=0.05


Tree=247
num_leaves=31
num_cat=0
split_feature=13 19 13 6 32 0 35 28 20 21 10 7 23 0 7 36 29 20 8 30 28 25 28 30 28 29 30 29 19 19
split_gain=0.446084 0.524878 0.997285 0.434107 1.76866 1.78931 1.71385 1.58089 0.511695 2.90259 1.90978 1.82699 1.56526 1.53637 2.27584 1.45693 1.47599 1.22578 1.19198 1.03557 2.08894 1.73287 2.40087 1.80828 1.42269 1.26495 1.31777 3.60938 2.53889 2.74308
threshold=5.5000000000000009 0.60434782505035411 7.5000000000000009 4.5000000000000009 0.46532288193702703 1.0000000180025095e-35 1.0000000180025095e-35 0.66812390089035045 0.56696429848670971 3.5000000000000004 0.9569842815399171 0.19848485291004184 1.0000000180025095e-35 1.0000000180025095e-35 0.60208335518836986 1.0000000180025095e-35 0.066946782171726241 0.48684211075305944 0.39811320602893835 0.65323656797409069 0.63890933990478527 1.0000000180025095e-35 0.68753629922866832 0.47672258317470556 0.75787413120269786 0.15063025802373889 0.18404872715473178 0.055363984778523452 0.084523811936378493 0.10762548446655275
decision_type=2 2 2 2 2 2 2 2 2 2 2 2 2 2 2 2 2 2 2 2 2 2 2 2 2 2 2 2 2 2
left_child=3 2 -2 8 7 -6 -7 -5 9 11 -10 -1 19 14 -11 16 -14 -16 -17 20 25 -22 23 -23 -21 26 -13 -28 -29 -30
right_child=1 -3 -4 4 5 6 -8 -9 10 13 -12 12 15 -15 17 18 -18 -19 -20 24 21 22 -24 -25 -26 -27 27 28 29 -31
leaf_value=-0.037168346232706581 0.036731525940297716 0.067343074696630117 -0.036256523911443454 -0.05502516710438287 0.054577693492777836 -0.11959518860097725 0.011628758880424458 0.050676157991453155 0.0015632390605335022 -0.03962885189230364 0.050316199676946755 0.00024121566233028889 0.019417776680630036 -0.11043904679250023 -0.037218544676039293 -0.055311746476274487 -0.065894308687987124 0.05622681881553513 0.03919760257513244 0.06558777572898318 -0.062854365967323772 0.035808462694881582 0.054218589975699331 -0.050459140007519054 -3.8569691895367744e-05 0.033041142160904535 -0.038330740718650801 0.076677439431366901 -0.08515671972376955 0.002956843317826593
leaf_weight=3.3803882622673873 1.2649738035997868 0.49219757442369871 0.74284681831159094 1.4127268755491957 2.7885083562196087 0.29021613375334721 1.7444109602201934 0.47189750995357815 128.09904663684756 5.8430583421240936 2.0407262428634558 252.7290106056812 1.2785458824419023 0.56649269332410757 0.50990199192892749 0.35417921925909457 0.84014122597727681 1.1257580475503344 5.7486605404264992 1.3866031721481697 2.3784628032226456 0.78783414488862069 1.0976904136259689 2.6530469273056951 2.0420363028388238 2.7881946768611661 8.4245988654997763 1.0745235306167149 0.94879906400092195 12.788494745473143
leaf_count=40705 334 415 271 154 225 36 326 1475 21848 1854 10419 12759 615 28 30 36 52 53 334 19 575 127 42 99 37 35 46685 144 275 1118
internal_value=9.20116e-06 0.0210708 0.00972765 -0.000108966 0.0125147 0.0285638 -0.00708883 -0.0285583 -0.000301901 -0.00141032 0.00232774 -0.000617339 -0.000201772 -0.0310491 -0.0250355 0.0213111 -0.0144118 0.0270961 0.0337127 -0.000813563 -0.00114141 -0.0282839 -0.0101671 -0.0307071 0.0265019 -0.000467887 -0.000806442 -0.0122012 0.00266062 -0.00312893
internal_weight=448.094 2.50002 2.00782 445.594 6.70776 4.82314 2.03463 1.88462 438.886 308.746 130.14 300.701 297.321 8.04521 7.47872 8.22153 2.11869 1.63566 6.10284 289.099 285.671 6.91703 4.53857 3.44088 3.42864 278.754 275.965 23.2364 14.8118 13.7373
internal_count=141125 1020 605 140105 2216 587 362 1629 137889 105622 32267 103657 62952 1965 1937 1037 667 83 370 61915 61859 843 268 226 56 61016 60981 48222 1537 1393
is_linear=0
shrinkage=0.05


Tree=248
num_leaves=31
num_cat=0
split_feature=38 32 10 32 32 10 7 7 29 23 32 32 12 9 32 10 7 21 8 20 22 21 11 29 28 28 22 22 9 22
split_gain=0.443374 0.424809 0.469656 0.428112 1.18759 1.08697 1.68195 1.27718 1.01844 1.00041 0.764455 1.2908 1.39601 1.32925 1.18305 1.44854 1.46976 1.7673 1.64425 1.35659 1.14942 0.950448 0.835026 1.00085 0.718758 2.34191 1.99252 2.44973 1.32542 1.41593
threshold=1.0000000180025095e-35 0.0024216035380959515 0.7320508360862733 0.032168369740247733 0.027881701476871971 0.66961652040481578 0.72318005561828624 0.40192307531833654 0.13397436589002612 1.0000000180025095e-35 0.07937046512961389 0.057699074968695648 0.35067567229270941 0.69658604264259349 0.12459009513258935 0.61311829090118419 0.75277778506279003 12.500000000000002 0.68496242165565502 0.75961539149284374 0.75099998712539684 5.5000000000000009 0.48610039055347448 0.37089946866035467 0.60127702355384838 0.59723854064941417 0.21073190867900851 0.21033561974763873 0.53335472941398632 0.90392306447029125
decision_type=2 2 2 2 2 2 2 2 2 2 2 2 2 2 2 2 2 2 2 2 2 2 2 2 2 2 2 2 2 2
left_child=-1 2 -2 4 5 7 -7 8 9 -3 11 13 -13 -5 15 -12 17 18 19 20 -17 -18 -15 -24 25 -16 27 -26 -28 -30
right_child=1 3 -4 10 -6 6 -8 -9 -10 -11 14 12 -14 22 24 16 21 -19 -20 -21 -22 -23 23 -25 26 -27 28 -29 29 -31
leaf_value=0.030118555746402948 -0.034515671057035117 -0.055343029423740524 0.057913990493076439 -0.055395941763251327 -0.050161561099412333 -0.032486824970784499 0.050407039495710217 0.069905924651362514 0.059750406026279346 0.020123411157724931 -0.04656048894860973 0.043283853822208368 -0.024262811176752639 0.034145342463632919 -0.00025076020531860494 -0.0069901766403047396 -0.055965647309449487 -0.07635541697509686 0.049359708759588769 0.052574700291115217 -0.090010684641064265 0.050326402351304061 -0.019826468313824421 0.05072507898492884 0.040072932910749585 -0.046906774359371448 0.063181715312759276 0.26218148986048173 0.0082458223158762521 -0.011124312754753524
leaf_weight=1.2192941134599085 0.17812588264041451 0.90442496072773682 0.6016252963563602 0.99670899104057564 1.5867148792408441 3.6799835669744425 0.73399540205173242 0.90412315357207251 0.5410071255173533 0.8536351209422719 2.89420336793546 4.279915748671101 0.93139360166105678 1.8957869373407445 357.50841425314138 3.0353091182168996 1.78682737604413 0.61115685330514669 2.0657663311458236 0.83275034552934801 0.48330008937045921 0.23837006016492512 2.8123751327766517 0.61209140549817664 0.5922197621785007 2.7100289559730291 0.94461941805638971 0.15707069202107959 37.722919984945293 12.580887999226432
leaf_count=5658 875 7551 3319 7741 1681 753 539 89 22 148 10524 4673 3046 768 69346 1695 442 59 565 158 6 909 179 879 335 471 80 71 15540 3003
internal_value=8.77268e-06 -7.36026e-05 0.0367994 -0.000138228 -0.0108097 -0.00261239 -0.0187025 0.0195597 -0.000239302 -0.0186999 8.72034e-05 0.0127912 0.0312115 -0.00240502 -0.000258077 -0.0157685 -0.00592502 0.00488918 0.0126268 -0.00481181 -0.0183935 -0.0434548 0.00752243 -0.00721604 0.000191479 -0.000601767 0.00568676 0.0866326 0.00450327 0.00340139
internal_weight=446.895 445.676 0.779751 444.896 9.20388 7.61717 4.41398 3.20319 2.29907 1.75806 435.692 11.5283 5.21131 6.31696 424.164 11.9477 9.05348 7.02828 6.41713 4.35136 3.51861 2.0252 5.32025 3.42447 412.216 360.218 51.9977 0.74929 51.2484 50.3038
internal_count=141125 135467 4194 131273 10783 9102 1292 7810 7721 7699 120490 17286 7719 9567 103204 14358 3834 2483 2424 1859 1701 1351 1826 1058 88846 69817 19029 406 18623 18543
is_linear=0
shrinkage=0.05


Tree=249
num_leaves=31
num_cat=0
split_feature=38 20 4 28 28 5 10 11 36 20 32 19 38 5 10 10 10 29 7 10 6 32 11 28 11 7 28 4 10 10
split_gain=0.408145 0.405096 0.434891 0.400541 0.58214 0.83845 0.682214 0.594039 0.467993 0.421976 0.417212 0.483295 0.419039 1.70105 2.38469 3.05692 2.64465 2.04482 2.01319 1.9806 1.84234 1.45959 1.38709 2.74161 2.6969 2.02858 1.74017 2.82673 3.88269 2.08646
threshold=1.0000000180025095e-35 0.15587044507265094 0.19090909510850909 0.11849624291062356 0.15557313710451129 0.63333335518836986 0.27334994077682501 0.26975052058696752 1.0000000180025095e-35 0.85357144474983226 0.0024216035380959515 0.35857143998146063 2.5000000000000004 0.81666666269302379 0.82426470518112194 0.89825496077537548 0.71010184288024913 0.28708791732788091 0.76095238327980053 0.92031747102737438 3.5000000000000004 0.33324830234050756 0.84292763471603405 0.4528805017471314 0.82480818033218395 0.92724865674972545 0.48960733413696295 0.5634920895099641 0.78738203644752514 0.79118219017982494
decision_type=2 2 2 2 2 2 2 2 2 2 2 2 2 2 2 2 2 2 2 2 2 2 2 2 2 2 2 2 2 2
left_child=1 2 -1 -2 5 6 7 9 -7 -5 11 -6 22 14 16 18 21 -15 -16 -17 -21 -14 24 -24 25 -12 -25 -28 -29 -30
right_child=3 -3 -4 4 10 8 -8 -9 -10 -11 12 -13 13 17 15 19 -18 -19 -20 20 -22 -23 23 26 -26 -27 27 28 29 -31
leaf_value=-0.054145080918234091 -0.047855102349739422 0.050193717890581635 0.05044000462543774 -0.05155582552951108 -0.05144918643945099 0.085005883376942926 -0.052981066248564274 0.088600948403749491 0.019029349316190554 0.056000269860492627 -0.00057891445952532538 0.055425003979668742 0.044422531089440977 0.0047184898660782093 0.052971503762206822 0.028473852194025907 0.03830021931721151 0.050266414046623104 -0.049515957465559604 -0.029507037875195569 0.04117179494616785 -0.061313644749669133 -0.055365939151624924 0.053890610159543023 0.05852904585875849 0.039634017934667663 -0.037564718370210942 0.067705285132183671 -0.16079543965543386 -0.0048921215446887717
leaf_weight=0.24146186839789041 0.43809381628943711 0.78609085896823672 0.16894617640355136 0.24047001819508229 0.12755557979562482 0.6238485929334272 0.44479944722434084 0.24586190283298492 0.47224845998061937 0.14690063102170825 286.49033625099719 0.6196596714557927 0.43654864546261052 74.637788727486623 0.51428372890041174 3.7345884495698538 4.4176171047383832 2.5482197843930399 7.0167127752420129 5.3320026803085057 1.1147605172309338 1.293286058687954 2.9727679863572112 1.1885109031281889 1.9722108756359364 3.170886088621045 6.6242243962587954 1.8888578074693203 0.21588419579711526 36.216559835560474
leaf_count=14 1638 5395 249 121 735 103 3454 1 45 4 101455 3396 200 2496 321 426 476 12066 298 906 213 139 16 16 86 245 1720 150 9 4732
internal_value=8.79062e-06 0.0291722 -0.0110922 -6.95972e-05 -2.25223e-05 0.0257868 -0.00552257 0.0278135 0.0565802 -0.0107679 -0.000149321 0.0371807 -0.00021246 0.00261531 -0.00905294 -0.0183654 0.0177785 0.00622221 -0.0425172 -0.000500601 -0.0172854 -0.0346296 -0.00105103 -0.00882527 0.00025804 -0.000138708 -0.0058263 -0.00740542 -0.00219208 -0.00581594
internal_weight=446.342 1.1965 0.410408 445.145 444.707 2.17413 1.07803 0.633233 1.0961 0.387371 442.533 0.747215 441.786 101.046 23.8598 17.7123 6.14745 77.186 7.531 10.1814 6.44676 1.72983 340.74 49.1068 291.633 289.661 46.134 44.9455 38.3213 36.4324
internal_count=141125 5658 263 135467 133829 3728 3580 126 148 125 130101 4131 125970 17541 2979 2164 815 14562 619 1545 1119 339 108429 6643 101786 101700 6627 6611 4891 4741
is_linear=0
shrinkage=0.05


end of trees

feature_importances:
Column_10=703
Column_20=489
Column_7=482
Column_26=444
Column_38=427
Column_9=402
Column_11=381
Column_29=380
Column_4=358
Column_12=332
Column_32=317
Column_28=316
Column_23=282
Column_8=269
Column_19=261
Column_22=220
Column_13=208
Column_21=197
Column_6=156
Column_25=149
Column_5=139
Column_30=137
Column_27=129
Column_35=85
Column_36=85
Column_37=39
Column_24=31
Column_15=23
Column_3=19
Column_33=19
Column_1=8
Column_34=7
Column_0=3
Column_17=2
Column_2=1

parameters:
[boosting: gbdt]
[objective: binary]
[metric: binary_logloss]
[tree_learner: serial]
[device_type: cpu]
[data_sample_strategy: bagging]
[data: ]
[valid: ]
[num_iterations: 250]
[learning_rate: 0.05]
[num_leaves: 31]
[num_threads: 16]
[seed: 42]
[deterministic: 0]
[force_col_wise: 0]
[force_row_wise: 0]
[histogram_pool_size: -1]
[max_depth: -1]
[min_data_in_leaf: 20]
[min_sum_hessian_in_leaf: 0.001]
[bagging_fraction: 0.8]
[pos_bagging_fraction: 1]
[neg_bagging_fraction: 1]
[bagging_freq: 0]
[bagging_seed: 400]
[bagging_by_query: 0]
[feature_fraction: 0.8]
[feature_fraction_bynode: 1]
[feature_fraction_seed: 30056]
[extra_trees: 0]
[extra_seed: 12879]
[early_stopping_round: 0]
[early_stopping_min_delta: 0]
[first_metric_only: 0]
[max_delta_step: 0]
[lambda_l1: 0]
[lambda_l2: 0]
[linear_lambda: 0]
[min_gain_to_split: 0]
[drop_rate: 0.1]
[max_drop: 50]
[skip_drop: 0.5]
[xgboost_dart_mode: 0]
[uniform_drop: 0]
[drop_seed: 17869]
[top_rate: 0.2]
[other_rate: 0.1]
[min_data_per_group: 100]
[max_cat_threshold: 32]
[cat_l2: 10]
[cat_smooth: 10]
[max_cat_to_onehot: 4]
[top_k: 20]
[monotone_constraints: ]
[monotone_constraints_method: basic]
[monotone_penalty: 0]
[feature_contri: ]
[forcedsplits_filename: ]
[refit_decay_rate: 0.9]
[cegb_tradeoff: 1]
[cegb_penalty_split: 0]
[cegb_penalty_feature_lazy: ]
[cegb_penalty_feature_coupled: ]
[path_smooth: 0]
[interaction_constraints: ]
[verbosity: 1]
[saved_feature_importance_type: 0]
[use_quantized_grad: 0]
[num_grad_quant_bins: 4]
[quant_train_renew_leaf: 0]
[stochastic_rounding: 1]
[linear_tree: 0]
[max_bin: 255]
[max_bin_by_feature: ]
[min_data_in_bin: 3]
[bin_construct_sample_cnt: 200000]
[data_random_seed: 175]
[is_enable_sparse: 1]
[enable_bundle: 1]
[use_missing: 1]
[zero_as_missing: 0]
[feature_pre_filter: 1]
[pre_partition: 0]
[two_round: 0]
[header: 0]
[label_column: ]
[weight_column: ]
[group_column: ]
[ignore_column: ]
[categorical_feature: ]
[forcedbins_filename: ]
[precise_float_parser: 0]
[parser_config_file: ]
[objective_seed: 16083]
[num_class: 1]
[is_unbalance: 0]
[scale_pos_weight: 1]
[sigmoid: 1]
[boost_from_average: 1]
[reg_sqrt: 0]
[alpha: 0.9]
[fair_c: 1]
[poisson_max_delta_step: 0.7]
[tweedie_variance_power: 1.5]
[lambdarank_truncation_level: 30]
[lambdarank_norm: 1]
[label_gain: ]
[lambdarank_position_bias_regularization: 0]
[eval_at: ]
[multi_error_top_k: 1]
[auc_mu_weights: ]
[num_machines: 1]
[local_listen_port: 12400]
[time_out: 120]
[machine_list_filename: ]
[machines: ]
[gpu_platform_id: -1]
[gpu_device_id: -1]
[gpu_device_id_list: ]
[gpu_use_dp: 0]
[num_gpu: 1]

end of parameters

pandas_categorical:null
